task,phrase,proxy,gt_success,source
Fold the cloth from bottom left to top right,fold the blue cloth diagonally towards the top right,0.9632445252671518,,search_boards
Fold the cloth from bottom left to top right,fold the blue cloth diagonally from bottom-left to top-right,0.9841755592615528,,search_boards
Fold the cloth from bottom left to top right,fold the blue cloth from bottom left corner to top right,0.9879174412901047,,search_boards
Fold the cloth from bottom left to top right,Fold the cloth from bottom left to top right,0.991612741520974,,search_boards
Fold the cloth from bottom left to top right,fold the bottom left of the blue towel up to the top right,0.9947133835385609,,search_boards
close brown1fbox flap,close the lid of the cardboard box,0.9867666972379722,,search_boards
close brown1fbox flap,close the box lid,0.990833310291616,,search_boards
close brown1fbox flap,close the left lid of the box,0.9928740586208302,,search_boards
close brown1fbox flap,close the left lid of the brown box,0.9929449823013164,,search_boards
close brown1fbox flap,close brown1fbox flap,0.9944971960094299,,search_boards
close brown1fbox flap,shut the lid on the brown box,0.994684734871709,,search_boards
close brown1fbox flap,close the brown box lid,0.9946978846290893,,search_boards
close fridge,shut the fridge door,0.9946384547520117,,search_boards
close fridge,shut the white fridge,0.9946432816738326,,search_boards
close fridge,close fridge,0.9947145738940878,,search_boards
close fridge,close the white fridge,0.9947181433612968,,search_boards
close fridge,shut the fridge,0.9947205216738837,,search_boards
close fridge,close the fridge,0.9947211160855707,,search_boards
close fridge,shut the white cabinet door,0.9947406943700408,,search_boards
close low fridge,close the white door,0.994734176313742,,search_boards
close low fridge,close the lower white door,0.994739509866118,,search_boards
close low fridge,close the white cupboard door,0.9947442462902158,,search_boards
close low fridge,shut the white door,0.9947519339335363,,search_boards
close low fridge,close low fridge,0.9947531156546893,,search_boards
close low fridge,close the cabinet below the dispenser,0.9948036800443921,,search_boards
close low fridge,shut the lower cabinet door,0.9948054351413852,,search_boards
close low fridge,shut the white cupboard door,0.9948095280747512,,search_boards
close microwave,close microwave,0.9946859316434221,,search_boards
close microwave,shut the white microwave,0.9947026583320054,,search_boards
close microwave,shut the wooden microwave,0.9947062358034615,,search_boards
close microwave,push the white microwave shut,0.9947115975052637,,search_boards
close microwave,push the wooden microwave shut,0.9947145738940878,,search_boards
close microwave,shut the white microwave door,0.9948130337498577,,search_boards
close microwave,shut the microwave door,0.9948136178000012,,search_boards
close microwave,close the wooden microwave,0.9948165370695481,,search_boards
close microwave,shut the microwave,0.9948194547044767,,search_boards
close oven,close oven,0.9946859316434221,,search_boards
close oven,push the open oven door until it is shut,0.9947044473682255,,search_boards
close oven,push the open oven door shut,0.9947068318150227,,search_boards
close oven,push the oven door back to close it,0.994722898921246,,search_boards
close oven,push the oven door to shut it,0.9947252751038559,,search_boards
close oven,close the open oven door,0.9947725758830831,,search_boards
close oven,shut the open oven door,0.9947725758830831,,search_boards
close oven,close the oven door completely,0.9947749298145584,,search_boards
close oven,push the oven door to close it,0.9947808100311801,,search_boards
close small4fbox flaps,close the small box on the stove,0.9918594872426933,,search_boards
close small4fbox flaps,shut the small box,0.9943858278485752,,search_boards
close small4fbox flaps,close the small box,0.9943883549519199,,search_boards
close small4fbox flaps,fold the flaps of the box closed,0.9946805440591762,,search_boards
close small4fbox flaps,shut the flaps of the small cardboard box,0.9946865299287663,,search_boards
close small4fbox flaps,close small4fbox flaps,0.9947495696969313,,search_boards
close small4fbox flaps,close the box flaps on the stove,0.9947831602742284,,search_boards
close white1fbox flap,close flap of the white box,0.9946805440591762,,search_boards
close white1fbox flap,close the flap on the white box,0.9946883243828389,,search_boards
close white1fbox flap,close white1fbox flap,0.9946990784558146,,search_boards
close white1fbox flap,close white box's flap,0.9947080236379134,,search_boards
close white1fbox flap,close white box flap,0.9947690430078091,,search_boards
close white1fbox flap,fold down the white box flap,0.9947696319852479,,search_boards
end effector reaching banana,aim the claw at the toy banana,0.9787152469928305,,search_boards
end effector reaching banana,navigate to the toy banana,0.9815720602332193,,search_boards
end effector reaching banana,aim the hand at the toy banana,0.9832173198710531,,search_boards
end effector reaching banana,reach toward the yellow banana,0.9913614904921331,,search_boards
end effector reaching banana,end effector reaching banana,0.9941326029013261,,search_boards
end effector reaching banana,grab the yellow banana on the stove,0.9948554979341099,,search_boards
end effector reaching banana,reach toward the toy banana,0.9948560772275282,,search_boards
end effector reaching banana,aim the claw at the yellow banana,0.9948572356196909,,search_boards
end effector reaching carrot,touch the carrot on the stove grate,0.9811203660490615,,search_boards
end effector reaching carrot,touch the orange carrot on the stove,0.9867222810171133,,search_boards
end effector reaching carrot,touch the orange carrot on the right stove grate,0.9882873472423606,,search_boards
end effector reaching carrot,point gripper at the orange carrot,0.9887887421873103,,search_boards
end effector reaching carrot,end effector reaching carrot,0.994735362012264,,search_boards
end effector reaching carrot,aim gripper at the orange carrot,0.9947755181326557,,search_boards
end effector reaching corn,reach for the yellow corn on the stove,0.9201557670342139,,search_boards
end effector reaching corn,put the gripper next to the corn,0.9922423511499686,,search_boards
end effector reaching corn,touch the yellow corn,0.9945624697827804,,search_boards
end effector reaching corn,position gripper next to the corn,0.994609402239553,,search_boards
end effector reaching corn,touch the yellow corn with the gripper,0.994611222599915,,search_boards
end effector reaching corn,touch the toy corn with the gripper,0.9946354357292911,,search_boards
end effector reaching corn,end effector reaching corn,0.9946667510928574,,search_boards
end effector reaching corn,touch the corn with the gripper,0.9946721525718955,,search_boards
end effector reaching pot or pan,touch the red pot on the burner,0.9821485993826081,,search_boards
end effector reaching pot or pan,reach for the red pot on the burner,0.9907652066957001,,search_boards
end effector reaching pot or pan,move the gripper to the red toy pot,0.9922641033221846,,search_boards
end effector reaching pot or pan,bring the gripper to the red toy pot,0.9931064654316792,,search_boards
end effector reaching pot or pan,touch the red plastic pot,0.9947276502221849,,search_boards
end effector reaching pot or pan,reach for the red cooking pot,0.994734769196203,,search_boards
end effector reaching pot or pan,end effector reaching pot or pan,0.9947501608553883,,search_boards
end effector reaching salmon,[dry-run:gemini] fc8dfe765447,0.2050086869119735,,loop_gemini
end effector reaching salmon,bring gripper close to the pink salmon on the stove,0.9791748485463073,,search_boards
end effector reaching salmon,approach the salmon on the stove,0.9893860312803142,,search_boards
end effector reaching salmon,approach the salmon with the gripper,0.9897033733757687,,search_boards
end effector reaching salmon,bring gripper close to the salmon,0.9905154322416567,,search_boards
end effector reaching salmon,end effector reaching salmon,0.9947199271956203,,search_boards
end effector reaching salmon,approach the salmon slice with the gripper,0.9947843350009288,,search_boards
end effector reaching salmon,aim gripper at the salmon,0.9947919643130958,,search_boards
end effector reaching salmon,reach toward the salmon on the stove,0.9947948957070141,,search_boards
end effector reaching stuffedrabbit,end effector reaching pink rabbit,0.9947566592302542,,search_boards
end effector reaching stuffedrabbit,place gripper on the pink toy bunny,0.9947672756796172,,search_boards
end effector reaching stuffedrabbit,point gripper at the pink bunny toy,0.9947702208967198,,search_boards
end effector reaching stuffedrabbit,place the gripper on the pink stuffed rabbit,0.9947719872354062,,search_boards
end effector reaching stuffedrabbit,end effector reaching stuffedrabbit,0.994776694571176,,search_boards
end effector reaching stuffedrabbit,end effector reaching pink stuffed rabbit,0.9947907912957509,,search_boards
end effector reaching stuffedrabbit,end effector reaching pink stuffed animal,0.9947978254595966,,search_boards
end effector reaching stuffedrabbit,end effector reaching pink bunny,0.9947995825236836,,search_boards
end effector transition from pot or pan to object,move arm from orange bowl to red wheel,0.4106297190380763,,search_boards
end effector transition from pot or pan to object,lift hand from orange bowl and move to red and white object,0.41128733842673554,,search_boards
end effector transition from pot or pan to object,move hand from orange bowl to the red cylinder,0.4486660226220268,,search_boards
end effector transition from pot or pan to object,end effector transition from orange pot to red container,0.9930167750922058,,search_boards
end effector transition from pot or pan to object,end effector transition from orange bowl to red container,0.9933523053195934,,search_boards
end effector transition from pot or pan to object,end effector transition from bowl to red cylinder,0.9934288535923611,,search_boards
end effector transition from pot or pan to object,end effector transition from bowl to red object,0.994619709534269,,search_boards
end effector transition from pot or pan to object,end effector transition from pot or pan to object,0.9947813976906663,,search_boards
flip cup upright,flip cup upright,0.9867696531019262,,search_boards
flip cup upright,put cup upright,0.9869253852091009,,search_boards
flip cup upright,flip cup right side up,0.9879417375803056,,search_boards
flip cup upright,turn cup upright,0.988350073241891,,search_boards
flip cup upright,rotate cup upright,0.9886891778028905,,search_boards
flip cup upright,rotate the blue cup upright,0.9935851072366729,,search_boards
flip cup upright,flip the small blue cup upright,0.9935944794463963,,search_boards
flip cup upright,turn the light blue cup upright,0.9936174915805852,,search_boards
flip orange pot upright in sink,turn the orange cup right side up,0.9529670731220838,,search_boards
flip orange pot upright in sink,turn the orange cup upright,0.9564172769714575,,search_boards
flip orange pot upright in sink,flip the orange cup right side up,0.9682461494677173,,search_boards
flip orange pot upright in sink,turn the orange cup upright in sink,0.9784924619401834,,search_boards
flip orange pot upright in sink,flip orange pot upright in sink,0.9819630934155198,,search_boards
flip orange pot upright in sink,flip the orange cup upright in the sink,0.9947377326126587,,search_boards
flip orange pot upright in sink,turn the orange cup right side up in sink,0.994738917514649,,search_boards
flip pot upright in sink,place the pot right-side up in the sink,0.9741756853735133,,search_boards
flip pot upright in sink,turn the pot right-side up in the sink,0.9770004990281013,,search_boards
flip pot upright in sink,place the pot right side up in the sink,0.9779694158535996,,search_boards
flip pot upright in sink,orient the pot right side up in the sink,0.9788586107902779,,search_boards
flip pot upright in sink,flip pot upright in sink,0.9831405680811074,,search_boards
flip pot upright in sink,reorient the pot upright in the sink,0.9947831602742284,,search_boards
flip pot upright in sink,orient the pot upright inside the sink,0.9947948957070141,,search_boards
flip pot upright in sink,turn the pot right side up in the sink,0.9947960678049564,,search_boards
flip pot upright which is in sink,flip metal pot upright which is in sink,0.9473721097389876,,search_boards
flip pot upright which is in sink,turn pot upright which is in sink,0.9518226799522789,,search_boards
flip pot upright which is in sink,flip silver pot upright which is in sink,0.9576276770962467,,search_boards
flip pot upright which is in sink,flip pot upright which is in sink,0.9584377384960757,,search_boards
flip pot upright which is in sink,flip the pot in the sink right side up,0.9907838299600606,,search_boards
flip pot upright which is in sink,turn the silver pot over in the sink,0.9910547415435802,,search_boards
flip pot upright which is in sink,flip the upside down silver pot in the sink,0.9911515564501108,,search_boards
fold cloth in half,fold the light cloth in half over the burners,0.986676229749264,,search_boards
fold cloth in half,fold the white cloth in half over the burners,0.9870561896765997,,search_boards
fold cloth in half,fold the beige cloth in half horizontally,0.9887043576192955,,search_boards
fold cloth in half,fold cloth in half,0.989513643137428,,search_boards
fold cloth in half,fold the light beige cloth in half,0.990091595714178,,search_boards
fold cloth in half,fold the white cloth on the counter in half,0.994762559900066,,search_boards
fold cloth in half,fold the cloth in half horizontally,0.9947713985217916,,search_boards
fold cloth in half,fold the beige cloth in half,0.9947755181326557,,search_boards
fold cloth in half,fold the cloth in half over the burners,0.9947755181326557,,search_boards
fold the cloth from bottom right to top left,[dry-run:gemini] a0a0c38f7214,0.8036616281453741,,loop_gemini
fold the cloth from bottom right to top left,diagonally fold the green cloth from bottom right to top left corner,0.9897494114307847,,search_boards
fold the cloth from bottom right to top left,diagonally fold the green cloth from bottom right to top left,0.9898829065618825,,search_boards
fold the cloth from bottom right to top left,diagonally fold the green towel from bottom right to top left,0.9907320065717942,,search_boards
fold the cloth from bottom right to top left,fold the green towel from bottom right to top left,0.9916690383150524,,search_boards
fold the cloth from bottom right to top left,fold the cloth from bottom right to top left,0.9925498092288876,,search_boards
fold the cloth from bottom right to top left,fold the bottom right tape of the green cloth to the top left tape,0.9945489860239608,,search_boards
fold the cloth from bottom right to top left,fold the green cloth by moving the bottom right corner to the top left,0.994560020659963,,search_boards
fold the cloth from bottom right to top left,fold the green cloth from the bottom right edge to the top left edge,0.9945685877933076,,search_boards
fold the cloth from bottom to top,fold the white cloth in half up,0.9586446592542786,,search_boards
fold the cloth from bottom to top,fold the white cloth in half upwards,0.9703929757737243,,search_boards
fold the cloth from bottom to top,fold the white towel from bottom to top,0.9873507449763878,,search_boards
fold the cloth from bottom to top,fold the bottom of the towel to the top,0.98775148712261,,search_boards
fold the cloth from bottom to top,fold the cloth from bottom to top,0.9918155002964297,,search_boards
fold the cloth from left to right,move the left side of the orange cloth to the right,0.954672066948099,,search_boards
fold the cloth from left to right,move the left corner of the orange cloth to the right,0.9699903388107521,,search_boards
fold the cloth from left to right,fold the left tape of the orange cloth to the right,0.978672761496275,,search_boards
fold the cloth from left to right,fold the cloth from left to right,0.9889432757005135,,search_boards
fold the cloth from left to right,fold the orange cloth in half from left to right,0.9904503443998541,,search_boards
fold the cloth from left to right,fold the orange rag from left to right,0.9947501608553883,,search_boards
fold the cloth from right to left,fold the light green dish cloth on the counter from right to left,0.9850632707302809,,search_boards
fold the cloth from right to left,fold the light green cleaning cloth on the counter from right to left,0.9856351243253815,,search_boards
fold the cloth from right to left,fold the right half of the green cloth over to the left,0.9874394989840676,,search_boards
fold the cloth from right to left,grasp the right side of the green cloth and fold it left,0.987496928978216,,search_boards
fold the cloth from right to left,carefully fold the light green dish cloth on the counter from right to left,0.9875971549023929,,search_boards
fold the cloth from right to left,fold the green cloth in half starting from the right,0.9876179352341246,,search_boards
fold the cloth from right to left,fold the cloth on the counter from right to left,0.9876414447174071,,search_boards
fold the cloth from right to left,fold the green cleaning cloth on the counter from right to left,0.9876718033337221,,search_boards
fold the cloth from right to left,gently fold the light green dish cloth on the counter from right to left,0.9878592042438212,,search_boards
fold the cloth from right to left,gently fold the green cloth on the counter from right to left,0.9882479741413547,,search_boards
fold the cloth from right to left,fold the green dish cloth on the counter from right to left,0.9892761139921599,,search_boards
fold the cloth from right to left,carefully fold the green dish cloth on the counter from right to left,0.9894192626101289,,search_boards
fold the cloth from right to left,gently fold the green dish cloth on the counter from right to left,0.9895768786267239,,search_boards
fold the cloth from right to left,fold the green dish cloth on the counter over to the left,0.9896002033037393,,search_boards
fold the cloth from right to left,fold the cloth from right to left,0.9920357859330636,,search_boards
fold the cloth from the bottom to the top,fold the light blue rag from bottom to top,0.9742297354644314,,search_boards
fold the cloth from the bottom to the top,fold the bottom half of the blue cloth upward,0.9766158672457652,,search_boards
fold the cloth from the bottom to the top,fold the light blue towel in half from bottom to top,0.9781346435316084,,search_boards
fold the cloth from the bottom to the top,fold the light blue towel from bottom to top,0.9785162704684162,,search_boards
fold the cloth from the bottom to the top,fold the cloth from the bottom to the top,0.9886155239349383,,search_boards
fold the cloth from the bottom to the top,grab the bottom edge of the blue cloth and fold it up,0.9946571350112465,,search_boards
fold the cloth from the bottom to the top,fold the light blue cloth from bottom to top,0.9946613441670827,,search_boards
fold the cloth from the left to the right,bring the left edge of the light blue towel over to the right,0.9585008190061864,,search_boards
fold the cloth from the left to the right,fold the left side of the light blue towel to the right,0.9783778213377742,,search_boards
fold the cloth from the left to the right,grab the left corner of the light blue towel and fold it to the right,0.9791008587329758,,search_boards
fold the cloth from the left to the right,fold the left part of the light blue towel over to the right,0.9829727713800926,,search_boards
fold the cloth from the left to the right,fold the cloth from the left to the right,0.9913420814721473,,search_boards
fold the cloth from the left to the right,grab the left side of the blue cloth and fold it right,0.9947548877401469,,search_boards
fold the cloth from the left to the right,fold the blue cloth horizontally from left to right,0.994759610391303,,search_boards
fold the cloth from the left to the right,fold the left corner of the blue cloth to the right,0.9947672756796172,,search_boards
fold the cloth from the left to the right,fold the light blue towel in half from left to right,0.994768453964396,,search_boards
fold the cloth from the top left to the bottom right,fold the blue cloth from top left to bottom right,0.9801995513843694,,search_boards
fold the cloth from the top left to the bottom right,fold the blue cloth starting from top left to bottom right,0.9838425014606945,,search_boards
fold the cloth from the top left to the bottom right,fold the towel from top left to bottom right,0.9873181886836448,,search_boards
fold the cloth from the top left to the bottom right,grab the top left corner of the blue towel and fold it to the bottom right,0.9875387865959473,,search_boards
fold the cloth from the top left to the bottom right,fold the blue cloth diagonally from top left to bottom right,0.9875721730437622,,search_boards
fold the cloth from the top left to the bottom right,fold the blue cloth from top left to bottom right corner,0.9893895967129172,,search_boards
fold the cloth from the top left to the bottom right,fold the cloth from top left to bottom right,0.9900102037812739,,search_boards
fold the cloth from the top left to the bottom right,fold the cloth from the top left to the bottom right,0.9921855110837415,,search_boards
fold the cloth from top left to bottom right,fold the blue cloth down diagonally to the bottom right,0.9701415358979787,,search_boards
fold the cloth from top left to bottom right,fold the blue cloth diagonally from top left to bottom right,0.9801401481132833,,search_boards
fold the cloth from top left to bottom right,fold the blue towel diagonally from top left to bottom right,0.986097214666876,,search_boards
fold the cloth from top left to bottom right,fold the blue rag diagonally from top left to bottom right,0.9862883331410502,,search_boards
fold the cloth from top left to bottom right,fold the cloth from top left to bottom right,0.9911237169928665,,search_boards
fold the cloth from top left to bottom right,fold the blue cloth down diagonally towards the bottom right corner,0.9947406943700408,,search_boards
fold the cloth from top left to bottom right,fold the blue towel diagonally towards the bottom right,0.9947412865225093,,search_boards
fold the cloth from top left to bottom right,fold the blue cloth from the top corner to the bottom right,0.994743654469268,,search_boards
fold the cloth from top right to bottom left,fold the top edge of the blue rag towards the bottom left,0.9812561699378203,,search_boards
fold the cloth from top right to bottom left,diagonal fold of the blue rag from top right to bottom left,0.9893108828105686,,search_boards
fold the cloth from top right to bottom left,fold the top of the blue rag towards the bottom left,0.9894535722620954,,search_boards
fold the cloth from top right to bottom left,diagonal fold of the blue cloth from top right to bottom left,0.9901624127195117,,search_boards
fold the cloth from top right to bottom left,fold the blue cloth in half diagonally towards the bottom left,0.9909741048699376,,search_boards
fold the cloth from top right to bottom left,diagonal fold the blue cloth from top right to bottom left,0.9914866019731997,,search_boards
fold the cloth from top right to bottom left,fold the cloth from top right to bottom left,0.9916942494726801,,search_boards
fold the cloth from top to bottom,[dry-run:gemini] 5aac1776ceba,0.3463528744532318,,loop_gemini
fold the cloth from top to bottom,grab the top edge of the blue cloth and pull it down,0.9776773260899977,,search_boards
fold the cloth from top to bottom,fold the blue cloth by pulling the top down,0.9797778021710407,,search_boards
fold the cloth from top to bottom,pull the top edge of the blue cloth down to fold it,0.9865281052107702,,search_boards
fold the cloth from top to bottom,pull the top of the blue cloth down to fold it,0.9882295552985315,,search_boards
fold the cloth from top to bottom,pull the top corner of the blue cloth down,0.9894630176083591,,search_boards
fold the cloth from top to bottom,fold the blue cloth downward from the top,0.9894818832004894,,search_boards
fold the cloth from top to bottom,fold the cloth from top to bottom,0.9909039774907551,,search_boards
lever vertical to front,push the silver handle to the front,0.972133254396886,,search_boards
lever vertical to front,move the silver handle to the front,0.9725049284219733,,search_boards
lever vertical to front,turn the silver handle to the front,0.9733486357899086,,search_boards
lever vertical to front,move the silver lever to the front,0.9851164725308825,,search_boards
lever vertical to front,lever vertical to front,0.9857675388244533,,search_boards
lever vertical to front,turn the faucet handle to point forward,0.994660743061098,,search_boards
lever vertical to front,rotate the faucet handle forward,0.9946691524223215,,search_boards
lever vertical to front,turn the faucet knob to the front,0.9946787469907223,,search_boards
lever vertical to front,move the faucet lever to the front,0.9946907160506394,,search_boards
lever vertical to front,pull the faucet handle to the front,0.9947163589275191,,search_boards
lever vertical to front,push the faucet handle to the front,0.9947258689831961,,search_boards
lever vertical to front,rotate the faucet handle to the front,0.9947276502221849,,search_boards
lift bowl,grab the light blue bowl,0.9645366279455531,,search_boards
lift bowl,grab and lift the blue bowl,0.9686095417606435,,search_boards
lift bowl,pick up light blue bowl,0.9686645613578385,,search_boards
lift bowl,grab and lift blue bowl,0.9697953257219265,,search_boards
lift bowl,lift bowl,0.9859411758441056,,search_boards
lift bowl,pick up the blue bowl,0.9947294308627813,,search_boards
lift bowl,grab the blue bowl,0.9947323972678872,,search_boards
lift bowl,pick up the light blue bowl,0.9947371400621228,,search_boards
move light switch to the right,[dry-run:gemini] 14fa3c1c07c5,0.639421902373544,,loop_gemini
move light switch to the right,push the little white switch to the right,0.9936782194544831,,search_boards
move light switch to the right,push the little switch to the right,0.9942985880939321,,search_boards
move light switch to the right,flip the little switch to the right,0.9943458763794495,,search_boards
move light switch to the right,move light switch to the right,0.9943547788429685,,search_boards
move light switch to the right,push the little switch right,0.9944823091886434,,search_boards
move light switch to the right,toggle the switch right,0.9948013389974132,,search_boards
move light switch to the right,push the switch right,0.9948112812068295,,search_boards
move light switch to the right,flip the toggle switch to the right,0.9948153695579343,,search_boards
move the cloth from left to right,shift the blue cloth to the right,0.9910807944368497,,search_boards
move the cloth from left to right,move the blue cloth to the right,0.991331388091891,,search_boards
move the cloth from left to right,move the blue cloth right,0.9914290830136936,,search_boards
move the cloth from left to right,move blue cloth to the right,0.9915626990189349,,search_boards
move the cloth from left to right,move the cloth from left to right,0.9938983052114228,,search_boards
move the cloth from left to right,move the blue cloth over the stove to the right,0.994734176313742,,search_boards
move the cloth from left to right,drag the blue cloth to the right side of the stove,0.9947513429736835,,search_boards
move the cloth from right to left,drag the orange cloth from the right side to the left side,0.9578201648825352,,search_boards
move the cloth from right to left,reposition the orange rag on the left burner,0.9580072631365835,,search_boards
move the cloth from right to left,wipe the stove by moving the orange rag to the left,0.9584692902087147,,search_boards
move the cloth from right to left,slide the cloth from right to left,0.9896397367819025,,search_boards
move the cloth from right to left,pull the cloth from right to left,0.9906022355556487,,search_boards
move the cloth from right to left,shift the cloth from right to left,0.9934862389877678,,search_boards
move the cloth from right to left,move the cloth from right to left,0.9936803522695834,,search_boards
move the cloth to the left of the table,move the orange rag to the left side of the table,0.9744363789529747,,search_boards
move the cloth to the left of the table,shift the orange rag to the left side of the table,0.9751291623975298,,search_boards
move the cloth to the left of the table,shift the orange rag to the left part of the table,0.9761381080912327,,search_boards
move the cloth to the left of the table,push the orange cloth to the left,0.984675333433281,,search_boards
move the cloth to the left of the table,slide the orange rag to the left,0.9847571048798075,,search_boards
move the cloth to the left of the table,move the orange rag to the left,0.9850165655498108,,search_boards
move the cloth to the left of the table,move the cloth to the left,0.9871326138968313,,search_boards
move the cloth to the left of the table,move the cloth to the left of the table,0.9920482965658922,,search_boards
move the cloth to the left of the table,move the orange rag to the left of the table,0.9920954818985642,,search_boards
move the silver pot to the upper right of table,[dry-run:gemini] 9af3b2893c5d,0.7443124780005983,,loop_gemini
move the silver pot to the upper right of table,slide the plush mouse to the top right of the table,0.8506666008571525,,search_boards
move the silver pot to the upper right of table,slide the grey stuffed animal to the upper right,0.8507384827842672,,search_boards
move the silver pot to the upper right of table,move the small grey mouse away from the house,0.9057867715733776,,search_boards
move the silver pot to the upper right of table,move the small silver pot to the upper right of table,0.9746106164918464,,search_boards
move the silver pot to the upper right of table,shift the small silver pot to the upper right of table,0.9837812089927913,,search_boards
move the silver pot to the upper right of table,move the silver pot to the upper right of table,0.9871756753246131,,search_boards
move the silver pot to the upper right of table,shift the silver pot to the upper right of table,0.9876303869269266,,search_boards
open book,flip open the red album,0.988125084554275,,search_boards
open book,open the book,0.9947187380393342,,search_boards
open book,open book,0.9947335833648739,,search_boards
open book,flip open the red book,0.9947472044008696,,search_boards
open book,open the red book on the table,0.9947519339335363,,search_boards
open brown1fbox flap,open the lid on the brown cardboard box,0.9811894328069004,,search_boards
open brown1fbox flap,open the brown cardboard box,0.9884046861017617,,search_boards
open brown1fbox flap,open the brown box lid,0.9918485125362602,,search_boards
open brown1fbox flap,open the brown box,0.9939024225594775,,search_boards
open brown1fbox flap,open the flap of the kitchen set box,0.9945710330801864,,search_boards
open brown1fbox flap,lift the flap of the brown box,0.9945954258099071,,search_boards
open brown1fbox flap,open the flap on the cardboard box,0.9945960342295084,,search_boards
open brown1fbox flap,open brown1fbox flap,0.9946601418877951,,search_boards
open cabinet,grasp the cabinet handle and pull open,0.9920572207946642,,search_boards
open cabinet,open cabinet,0.9923160619369576,,search_boards
open cabinet,use the handle to open the cabinet door,0.9923358874645144,,search_boards
open cabinet,pull open the kitchen cabinet,0.9923608125373138,,search_boards
open cabinet,open the cabinet under the counter,0.9924757883303734,,search_boards
open cabinet,pull open the cabinet door,0.9925263358589335,,search_boards
open cabinet,pull open the kitchen cabinet door,0.9926759650585428,,search_boards
open drawer of box,slide the drawer open,0.9938983052114228,,search_boards
open drawer of box,slide the black handle drawer open,0.9947199271956203,,search_boards
open drawer of box,slide the drawer out,0.994722898921246,,search_boards
open drawer of box,open drawer of box,0.9947501608553883,,search_boards
open drawer of box,pull open the box drawer,0.9947649183180459,,search_boards
open drawer of box,open the drawer of the box on the counter,0.9947860965976137,,search_boards
open drawer of box,open the drawer,0.9947907912957509,,search_boards
open fridge,open fridge,0.9892001957866463,,search_boards
open fridge,pull open the gray toy refrigerator door,0.9893515042686142,,search_boards
open fridge,gently pull open the grey toy refrigerator door,0.989608354733065,,search_boards
open fridge,pull open the grey toy fridge door,0.9896802776757451,,search_boards
open fridge,pull open the grey toy refrigerator door,0.9897723540073298,,search_boards
open fridge,pull the fridge door open,0.9923013755874297,,search_boards
open fridge,pull open the refrigerator door,0.9926429732141883,,search_boards
open fridge,pull the refrigerator door open,0.9927569896823234,,search_boards
open fridge,pull open the grey fridge door,0.9945262337612277,,search_boards
open fridge,pull open the grey refrigerator door,0.9947115975052637,,search_boards
open large4fbox flaps,open large4fbox flaps,0.9872528277532674,,search_boards
open large4fbox flaps,lift open the cardboard box flaps,0.9935684922472098,,search_boards
open large4fbox flaps,lift the cardboard flaps open,0.9938195485099541,,search_boards
open large4fbox flaps,lift the cardboard box flaps open,0.9938195485099541,,search_boards
open large4fbox flaps,pull the cardboard flaps open,0.9939624940433005,,search_boards
open large4fbox flaps,open the cardboard box flaps,0.9946499116347342,,search_boards
open large4fbox flaps,pull the cardboard box flaps open,0.9946871281471121,,search_boards
open large4fbox flaps,pull open the cardboard box flaps,0.9946901182341275,,search_boards
open low fridge,open the lower refrigerator door,0.9790869570297454,,search_boards
open low fridge,open the small white fridge door,0.9790939090121963,,search_boards
open low fridge,open the low white fridge,0.9790962258370516,,search_boards
open low fridge,open low fridge,0.9912532232277015,,search_boards
open low fridge,open the white lower refrigerator door,0.9913372224666969,,search_boards
open low fridge,open the white lower fridge door,0.9913585818911144,,search_boards
open low fridge,open the lower fridge,0.991405003228542,,search_boards
open low fridge,open the lower fridge door,0.9916268509842548,,search_boards
open oven,pull the oven handle to open it,0.9944617743950107,,search_boards
open oven,grab the oven handle and open it,0.9944623977766415,,search_boards
open oven,pull open the oven door,0.994496576523444,,search_boards
open oven,open oven,0.994650513953588,,search_boards
open oven,pull open the handle of the white oven,0.9946931066472984,,search_boards
open oven,pull open the white oven door gently,0.9946984815758768,,search_boards
open oven,pull open the white oven,0.9946984815758768,,search_boards
open oven,grab and pull open the white oven door,0.9947086194492579,,search_boards
open small4fbox flaps,open the small cardboard box flaps,0.9942411932123278,,search_boards
open small4fbox flaps,open the small card board box flaps,0.9943465127323756,,search_boards
open small4fbox flaps,open the cardboard box flaps,0.9946106158810701,,search_boards
open small4fbox flaps,open small box flaps,0.9946203152349182,,search_boards
open small4fbox flaps,pull open the box flaps,0.9946408687534399,,search_boards
open small4fbox flaps,open small4fbox flaps,0.9947026583320054,,search_boards
open small4fbox flaps,open small brown cardboard box flaps,0.9947323972678872,,search_boards
open small4fbox flaps,open the small brown cardboard box flaps,0.9947329903495914,,search_boards
open the drawer,grab the handle and open the drawer,0.9841137402796076,,search_boards
open the drawer,pull the black handle to open the red drawer,0.9846445579344295,,search_boards
open the drawer,open the drawer on the red box,0.9857245967764836,,search_boards
open the drawer,pull open the drawer using the handle,0.9868770974712274,,search_boards
open the drawer,open the drawer,0.991308011616481,,search_boards
open the drawer,use the handle to pull open the drawer,0.9947813976906663,,search_boards
open the drawer,pull the drawer handle,0.9947896180155885,,search_boards
opened the drawer,slide the red drawer out,0.9646178470353278,,search_boards
opened the drawer,slide out the red drawer with the black handle,0.9814178701830903,,search_boards
opened the drawer,open the red drawer by pulling its handle,0.9843561137024037,,search_boards
opened the drawer,slide the red drawer open,0.9848553390622773,,search_boards
opened the drawer,opened the drawer,0.9880611617947942,,search_boards
opened the drawer,slide open the red drawer,0.9947590202913053,,search_boards
opened the drawer,pull open the red drawer,0.9947702208967198,,search_boards
opened the drawer,pull the handle of the red drawer,0.994770809742232,,search_boards
pick up any cup,[dry-run:gemini] 5252a3da701c,0.4850915638999627,,loop_gemini
pick up any cup,pick up any mug in the rack,0.9880638320174526,,search_boards
pick up any cup,pick up any cup from the rack,0.9899630759737164,,search_boards
pick up any cup,pick up any cup inside the rack,0.9900693620731459,,search_boards
pick up any cup,pick up any cup,0.9901866401454301,,search_boards
pick up any cup,pick up any cup in the rack,0.9906819845613174,,search_boards
pick up any cup,grab any mug,0.9947086194492579,,search_boards
pick up any cup,pick up one of the cups,0.9947329903495914,,search_boards
pick up any cup,grab any cup from the rack,0.9947501608553883,,search_boards
pick up bit holder,lift the red plastic screwdriver bit holder,0.9827054949643066,,search_boards
pick up bit holder,grab the red plastic screwdriver bit holder,0.9841137402796076,,search_boards
pick up bit holder,pick up red screwdriver bit holder,0.9851131528929613,,search_boards
pick up bit holder,pick up red plastic bit holder,0.9865115469958973,,search_boards
pick up bit holder,pick up bit holder,0.9871685083102425,,search_boards
pick up bit holder,grasp the red bit holder,0.994650513953588,,search_boards
pick up bit holder,grab the red plastic bit holder,0.9946595406471666,,search_boards
pick up bit holder,pick up the red plastic screwdriver bit holder,0.9946763499600881,,search_boards
pick up bit holder,pick up the red screwdriver bit holder,0.9946805440591762,,search_boards
pick up blue pen and put into drawer,[dry-run:gemini] e02e89970779,0.7606333870054709,,loop_gemini
pick up blue pen and put into drawer,grab the blue marker and place it in the upper left compartment,0.974616217757845,,search_boards
pick up blue pen and put into drawer,move the blue pen to the top left plastic drawer,0.9802302845066528,,search_boards
pick up blue pen and put into drawer,put the blue pen in the upper left organizer,0.9847281934050912,,search_boards
pick up blue pen and put into drawer,pick up the blue dry erase marker and put it in the upper left drawer,0.9860131669668678,,search_boards
pick up blue pen and put into drawer,pick up blue pen and put into drawer,0.9888375742678132,,search_boards
pick up blue pen and put into drawer,put the blue dry erase marker in the upper left compartment,0.9946667510928574,,search_boards
pick up blue pen and put into drawer,pick up the blue pen and place it in the upper left drawer,0.9946691524223215,,search_boards
pick up blue pen and put into drawer,place the blue pen in the top left plastic drawer,0.9946691524223215,,search_boards
pick up blue pen and put into drawer,grab the blue dry erase marker and place it in the side compartment,0.9946853332910721,,search_boards
pick up bowl and put in small4fbox,put the light blue bowl in the cardboard box,0.9885259997327198,,search_boards
pick up bowl and put in small4fbox,place the light blue bowl in the cardboard box,0.9895382796952752,,search_boards
pick up bowl and put in small4fbox,put the light blue bowl in the box,0.9895499912524327,,search_boards
pick up bowl and put in small4fbox,put the light blue bowl inside the box,0.989855663965992,,search_boards
pick up bowl and put in small4fbox,pick up bowl and put in small4fbox,0.9932087685179158,,search_boards
pick up bowl and put in small4fbox,put the blue bowl into the cardboard box,0.994762559900066,,search_boards
pick up bowl and put in small4fbox,move the blue bowl into the cardboard box,0.994762559900066,,search_boards
pick up bowl and put in small4fbox,put the blue bowl in the box,0.9947637392411364,,search_boards
pick up box cutter and put into drawer,grab the silver box cutter and set it in the red drawer,0.9904471319705866,,search_boards
pick up box cutter and put into drawer,pick up the silver box cutter and set it inside the red drawer,0.9906778040082366,,search_boards
pick up box cutter and put into drawer,grab the silver box cutter and place it in the red drawer,0.9909710670234497,,search_boards
pick up box cutter and put into drawer,pick up the silver box cutter and put it in the red drawer,0.990989278917034,,search_boards
pick up box cutter and put into drawer,pick up box cutter and put into drawer,0.9926479313786816,,search_boards
pick up box cutter and put into drawer,grab the box cutter and set it in the drawer,0.9946673515260702,,search_boards
pick up box cutter and put into drawer,pick up the silver box cutter and place it in the red drawer,0.9946733521614365,,search_boards
pick up box cutter and put into drawer,grab the box cutter and place it inside the red drawer,0.9946745514823303,,search_boards
pick up box cutter and put into drawer,pick up the silver box cutter and put it in the drawer,0.9946757505346366,,search_boards
pick up glass cup,pick up glass,0.9851114928005511,,search_boards
pick up glass cup,pick up glass cup from dishwasher,0.9851479727507355,,search_boards
pick up glass cup,pick up the small glass cup,0.9859928585693405,,search_boards
pick up glass cup,pick up glass cup,0.9874927355890059,,search_boards
pick up glass cup,lift the glass cup from the rack,0.9946931066472984,,search_boards
pick up glass cup,take the clear glass out of the dishwasher,0.9946990784558146,,search_boards
pick up glue and put into drawer,[dry-run:gemini] aa9ab54d088e,0.44390871780745783,,loop_gemini
pick up glue and put into drawer,move the red glue tube into the top left compartment,0.9561095584773694,,search_boards
pick up glue and put into drawer,put the red tube of glue in the top left organizer,0.9824984445886655,,search_boards
pick up glue and put into drawer,put the red tube of glue in the upper tray,0.985436660179111,,search_boards
pick up glue and put into drawer,pick up the small red glue tube and drop it in the upper tray,0.9860396803098022,,search_boards
pick up glue and put into drawer,pick up glue and put into drawer,0.9880143372573013,,search_boards
pick up glue and put into drawer,pick up the red tube of glue and place it in the top left organizer,0.99469549617329,,search_boards
pick up glue and put into drawer,put the red tube of glue in the small open drawer on the left,0.9947062358034615,,search_boards
pick up glue and put into drawer,put the red glue tube into the left side top drawer,0.9947074277598377,,search_boards
pick up green mug,pick up green mug,0.9884771098498194,,search_boards
pick up green mug,pick up the green cup,0.9895593511573495,,search_boards
pick up green mug,pick up green cup,0.9897298702010253,,search_boards
pick up green mug,pick up the green coffee cup,0.9897562995464134,,search_boards
pick up green mug,pick up green coffee cup,0.9903643123844954,,search_boards
pick up green mug,lift the green cup,0.9946263685125702,,search_boards
pick up green mug,grasp the green cup,0.9946462963048476,,search_boards
pick up pan from stove,lift the silver pot off the front left burner,0.15795862491268423,,search_boards
pick up pan from stove,lift the silver pot that is on the left burner,0.8702889469922732,,search_boards
pick up pan from stove,[dry-run:gemini] e2c13623aaa8,0.9043802745211753,,loop_gemini
pick up pan from stove,pick up the small silver pot from the stove,0.918924708817479,,search_boards
pick up pan from stove,grab the small pot from the burner,0.9190426940742182,,search_boards
pick up pan from stove,take the silver pot off the front burner,0.9268297838979219,,search_boards
pick up pan from stove,grab the silver pot on the left burner,0.9438572386029326,,search_boards
pick up pan from stove,grab the small silver pot on the left burner,0.9521795706870295,,search_boards
pick up pan from stove,lift the silver pot on the left burner,0.9543180842251912,,search_boards
pick up pan from stove,pick up the silver pot on the left burner,0.9584242093149331,,search_boards
pick up pan from stove,pick up pan from stove,0.9777537792145811,,search_boards
pick up pot,grab the small metal pot from the burner,0.20119301225911768,,search_boards
pick up pot,grab the small silver pot from the burner,0.23715957121257397,,search_boards
pick up pot,grab the metal pot from the burner,0.5165074991539111,,search_boards
pick up pot,pick up the silver pot with handles,0.9015704143908825,,search_boards
pick up pot,grab the silver cooking pot,0.9322324780715023,,search_boards
pick up pot,lift the cooking pot,0.9329582478063935,,search_boards
pick up pot,grab the silver cooking pot from the stove,0.9369898104307973,,search_boards
pick up pot,grab the metal pot from the stove,0.956867989562961,,search_boards
pick up pot,grab the small metal pot from the stove,0.9583745662649835,,search_boards
pick up pot,pick up pot,0.9653294349187478,,search_boards
pick up pot from sink,remove the silver pot from the sink,0.9177789257457583,,search_boards
pick up pot from sink,remove the pot from the sink,0.9220558248472789,,search_boards
pick up pot from sink,lift the silver cup out of the sink,0.9359934700267261,,search_boards
pick up pot from sink,lift the metal pot out of the sink,0.9530988059267128,,search_boards
pick up pot from sink,pick up pot from sink,0.9756750209307428,,search_boards
pick up pot from sink,grab the metal pot out of the sink,0.9762512173083862,,search_boards
pick up pot from sink,grab the silver cup from the sink,0.9769623155223537,,search_boards
pick up pot from sink,grab the metal pot from the sink,0.9786774862005575,,search_boards
pick up pot from sink,grab the silver cup out of the sink,0.979360991301296,,search_boards
pick up scissors and put into drawer,[dry-run:gemini] aec545de50da,0.8818469597394157,,loop_gemini
pick up scissors and put into drawer,place the scissors into the top red drawer,0.9870778645086725,,search_boards
pick up scissors and put into drawer,pick up scissors and put into drawer,0.987121106767892,,search_boards
pick up scissors and put into drawer,place the scissors in the top red drawer,0.9874029451004711,,search_boards
pick up scissors and put into drawer,place the scissors in the top drawer,0.9877034631455897,,search_boards
pick up scissors and put into drawer,pick up scissors and place in drawer,0.9945655296442802,,search_boards
pick up scissors and put into drawer,pick up the scissors and place them in the drawer,0.9945679763004546,,search_boards
pick up sponge and wipe plate,use the sponge to clean the grey plate,0.9923582378160923,,search_boards
pick up sponge and wipe plate,use the sponge to wipe the grey plate,0.9927317144909134,,search_boards
pick up sponge and wipe plate,use the yellow sponge to clean the plate,0.9929505307463089,,search_boards
pick up sponge and wipe plate,pick up sponge and wipe plate,0.993156652976437,,search_boards
pick up sponge and wipe plate,use the yellow sponge to clean the grey plate,0.9931620360986354,,search_boards
pick up sponge and wipe plate,pick up the yellow sponge and wipe the grey plate,0.9946775486096244,,search_boards
pick up sponge and wipe plate,grab the sponge and wipe the grey plate,0.994679346080625,,search_boards
pick up sponge and wipe plate,grab the yellow sponge and wipe the grey plate,0.9946817417694368,,search_boards
pick up violet Allen key,grab the violet hex key,0.982684320871002,,search_boards
pick up violet Allen key,grasp the purple hex key,0.9833271651889343,,search_boards
pick up violet Allen key,grasp the violet hex key,0.9836906573870551,,search_boards
pick up violet Allen key,pick up the violet hex key,0.9853519464032271,,search_boards
pick up violet Allen key,pick up violet Allen key,0.9894795268302561,,search_boards
pick up violet Allen key,grab the violet allen key,0.9946972876154441,,search_boards
pick up violet Allen key,pick up the purple l-key,0.9947014653072135,,search_boards
pick up violet Allen key,pick up the purple hex key,0.9947193326507728,,search_boards
pour almonds in pot,dump the almonds into the pot,0.9938914368234677,,search_boards
pour almonds in pot,pour almonds in pot,0.9939509353449498,,search_boards
pour almonds in pot,dump the almonds from the container into the pot,0.9939672471242527,,search_boards
pour almonds in pot,dump the almonds into the pot bowl,0.9939760644094726,,search_boards
pour almonds in pot,dump the almonds in the pot,0.9940768803966282,,search_boards
pour almonds in pot,pour almonds from container into pot,0.9946637479179891,,search_boards
pour almonds in pot,transfer almonds from container to pot,0.9946691524223215,,search_boards
pour almonds in pot,pour the almonds into the pot,0.9946721525718955,,search_boards
put banana in colander,put the yellow banana into the silver bowl,0.9835977825844885,,search_boards
put banana in colander,drop the yellow banana in the silver bowl,0.9862776135280379,,search_boards
put banana in colander,place the yellow banana in the silver bowl,0.987524849452971,,search_boards
put banana in colander,put the banana inside the silver bowl,0.9887233040712591,,search_boards
put banana in colander,put banana in colander,0.9911386417659692,,search_boards
put banana in colander,place the banana in the colander,0.9946865299287663,,search_boards
put banana in colander,put the banana in the colander bowl,0.994691911482832,,search_boards
put banana in colander,drop the banana into the colander,0.9946948988921414,,search_boards
put banana in colander,put the yellow banana in the silver bowl,0.9947068318150227,,search_boards
put banana in pot cardboard fence,move the banana inside the orange bowl,0.9871742422378991,,search_boards
put banana in pot cardboard fence,pick up the banana and drop it in the pot,0.9874689468079417,,search_boards
put banana in pot cardboard fence,move the banana into the pot,0.9891856750213722,,search_boards
put banana in pot cardboard fence,move the banana in the pot,0.9893300178501329,,search_boards
put banana in pot cardboard fence,put banana in pot cardboard fence,0.9909172310442251,,search_boards
put banana in pot cardboard fence,put the banana inside the orange bowl,0.9947038510896045,,search_boards
put banana in pot cardboard fence,move banana to pot,0.9947080236379134,,search_boards
put banana in pot cardboard fence,pick up the banana and put it in the pot,0.9947145738940878,,search_boards
put banana in pot or pan,put the yellow banana in the silver pot,0.9862806771175844,,search_boards
put banana in pot or pan,place the banana in the silver pot,0.9867163477530142,,search_boards
put banana in pot or pan,place the yellow banana in the silver pot,0.9870257846228001,,search_boards
put banana in pot or pan,place yellow banana in the silver pot,0.9872171661581172,,search_boards
put banana in pot or pan,put banana in pot or pan,0.9923633863977164,,search_boards
put banana in pot or pan,place banana into the pot,0.9947519339335363,,search_boards
put banana in pot or pan,put the yellow banana into the silver pot,0.9947607903930311,,search_boards
put banana in pot or pan,put the banana in the silver pot,0.9947725758830831,,search_boards
put banana in pot or pan,place banana in the silver pot,0.9947808100311801,,search_boards
put banana on plate,put the yellow banana inside the green plate,0.9910637683759005,,search_boards
put banana on plate,put the yellow banana on the green plate,0.9914722582108807,,search_boards
put banana on plate,put the yellow banana onto the green plate,0.9914904229351174,,search_boards
put banana on plate,place the yellow banana onto the green plate,0.9915218810660794,,search_boards
put banana on plate,put banana on plate,0.9916004942519446,,search_boards
put banana on plate,put the banana on the plate,0.994655931789139,,search_boards
put banana on plate,move the yellow banana onto the plate,0.994660743061098,,search_boards
put banana on plate,put the yellow banana on the plate,0.9946673515260702,,search_boards
put big spoon from basket to tray,place the big silver spoon from the basket into the tray slot,0.831343398385076,,search_boards
put big spoon from basket to tray,grab the large spoon from the basket and put it in the tray,0.8500905176216726,,search_boards
put big spoon from basket to tray,take the big spoon out of the basket and place it in the tray,0.8803162834387682,,search_boards
put big spoon from basket to tray,move big spoon from basket to tray,0.9023810595524913,,search_boards
put big spoon from basket to tray,put the big spoon from basket to tray,0.9024707627890948,,search_boards
put big spoon from basket to tray,put big spoon from basket to tray,0.9852289074379229,,search_boards
put big spoon from basket to tray,place the big spoon from basket to tray,0.9856415335001537,,search_boards
put big spoon from basket to tray,transfer the big spoon from basket to tray,0.9856943017806893,,search_boards
put big spoon from basket to tray,transfer big spoon from basket to tray,0.985813519964423,,search_boards
put big spoon from basket to tray,place big spoon from basket to tray,0.9859458820309432,,search_boards
put blueberries on plate sink,[dry-run:gemini] 736870842653,0.3438400991750587,,loop_gemini
put blueberries on plate sink,put blue grapes on the yellow plate in the sink,0.9873620495533506,,search_boards
put blueberries on plate sink,place blue grapes on the plate in the sink,0.9873803982228073,,search_boards
put blueberries on plate sink,place blue grapes on the yellow plate in the sink,0.9874773479449483,,search_boards
put blueberries on plate sink,place blue grapes on yellow plate sink,0.9890920395463103,,search_boards
put blueberries on plate sink,put blueberries on plate sink,0.9912276695388215,,search_boards
put blueberries on plate sink,place blueberries on the plate in the sink,0.9947631496036249,,search_boards
put blueberries on plate sink,put blue grapes on plate sink,0.9947678648550011,,search_boards
put blueberries on plate sink,put the blueberries on the plate in the sink,0.9947696319852479,,search_boards
put bowl on plate,[dry-run:gemini] b4c0eb2cf055,0.18591231945586462,,loop_gemini
put bowl on plate,place bowl onto blue plate,0.9921767298607548,,search_boards
put bowl on plate,place the bowl on the blue plate,0.9921995407047982,,search_boards
put bowl on plate,place bowl on blue plate,0.9924223482513574,,search_boards
put bowl on plate,put the bowl on the plate,0.9924563219472907,,search_boards
put bowl on plate,place the bowl onto the plate,0.9924800135516401,,search_boards
put bowl on plate,place bowl on plate,0.9925531565888374,,search_boards
put bowl on plate,place bowl onto the plate,0.9926636103619653,,search_boards
put bowl on plate,place bowl on the plate,0.9930987118964351,,search_boards
put bowl on plate,put bowl on plate,0.993476709446249,,search_boards
put bowl on plate cardboard fence,move blue bowl to green plate,0.9872071632767003,,search_boards
put bowl on plate cardboard fence,put blue bowl onto green plate,0.9872100220309316,,search_boards
put bowl on plate cardboard fence,put blue bowl in green plate,0.9873224398429881,,search_boards
put bowl on plate cardboard fence,put the bowl on plate cardboard fence,0.9925998631940582,,search_boards
put bowl on plate cardboard fence,put bowl onto green plate cardboard fence,0.9928016182209832,,search_boards
put bowl on plate cardboard fence,put bowl on green plate cardboard,0.9928844622385933,,search_boards
put bowl on plate cardboard fence,put bowl on green plate cardboard fence,0.9930644933302503,,search_boards
put bowl on plate cardboard fence,put bowl on the green plate cardboard fence,0.9931041402798553,,search_boards
put bowl on plate cardboard fence,put bowl on plate cardboard fence,0.9934199806054965,,search_boards
put broccoli in bowl,place the green broccoli into the blue bowl,0.9740329204321211,,search_boards
put broccoli in bowl,place the green broccoli in the blue bowl,0.9741785328644499,,search_boards
put broccoli in bowl,drop the green broccoli in the blue bowl,0.9770284609833676,,search_boards
put broccoli in bowl,put the green broccoli inside the blue bowl,0.9777044839615942,,search_boards
put broccoli in bowl,put broccoli in bowl,0.9824867624687115,,search_boards
put broccoli in bowl,pick up broccoli and put it in bowl,0.9947406943700408,,search_boards
put broccoli in bowl,place the broccoli in the bowl,0.9947619701304523,,search_boards
put broccoli in bowl,put green broccoli in blue bowl,0.9947802223058656,,search_boards
put broccoli in pot,put the green broccoli piece inside the silver pot,0.9820191428926965,,search_boards
put broccoli in pot,put the green broccoli piece inside the metal pot,0.9844308895625511,,search_boards
put broccoli in pot,drop the green broccoli piece into the metal pot,0.9854820751739263,,search_boards
put broccoli in pot,drop the green broccoli into the metal pot,0.9860925584407398,,search_boards
put broccoli in pot,put broccoli in pot,0.9873167713178368,,search_boards
put broccoli in pot,put the green broccoli in the pot,0.9947743414305599,,search_boards
put broccoli in pot,put the broccoli piece into the metal pot,0.9947761063848594,,search_boards
put broccoli in pot,put the green broccoli inside the silver pot,0.9947831602742284,,search_boards
put broccoli in pot or pan,drop broccoli in pot,0.9896952957049807,,search_boards
put broccoli in pot or pan,put broccoli in the pot,0.9903998932030007,,search_boards
put broccoli in pot or pan,put the broccoli in the pot,0.9905430408745138,,search_boards
put broccoli in pot or pan,put broccoli in pot or pan,0.9907299276424689,,search_boards
put broccoli in pot or pan,put the broccoli into the pot,0.991065773112424,,search_boards
put broccoli in pot or pan,drop the broccoli inside the pot,0.9947696319852479,,search_boards
put broccoli in pot or pan,place broccoli in pot,0.9947761063848594,,search_boards
put broccoli in pot or pan,drop broccoli in the pot,0.9947907912957509,,search_boards
put broccoli in pot or pan,put the broccoli inside the pot,0.9947937233464579,,search_boards
put brush into pot or pan,[dry-run:gemini] effaf077e38b,0.9081939606115713,,loop_gemini
put brush into pot or pan,put brush into pot or pan,0.9815228564998776,,search_boards
put brush into pot or pan,drop the brush into the silver pot,0.985101528416578,,search_boards
put brush into pot or pan,put the brush in the silver pot,0.985101528416578,,search_boards
put brush into pot or pan,drop the brush in the pot,0.9852404340163983,,search_boards
put brush into pot or pan,drop the brush inside the silver pot,0.9854853137574922,,search_boards
put brush into pot or pan,place the brush inside the pot,0.9893216504433118,,search_boards
put brush into pot or pan,put the scrub brush in the pot,0.9893371847506687,,search_boards
put cap on container,put red cap on the container in the sink,0.9878822612569396,,search_boards
put cap on container,put the red lid on the glass container,0.9885695694903636,,search_boards
put cap on container,put the red lid on the glass jar,0.9887485171443621,,search_boards
put cap on container,place the red lid on the glass container,0.9893132765456444,,search_boards
put cap on container,put the red lid on the jar,0.989762036143458,,search_boards
put cap on container,put cap on container,0.9897677695611503,,search_boards
put carrot in bowl,put the orange carrot in the light blue bowl,0.9837522864070337,,search_boards
put carrot in bowl,move carrot into the blue bowl,0.9888924144417442,,search_boards
put carrot in bowl,put orange carrot in blue bowl,0.9892219407831142,,search_boards
put carrot in bowl,move the orange carrot into the blue bowl,0.9892665029230228,,search_boards
put carrot in bowl,move carrot into blue bowl,0.9906610632082202,,search_boards
put carrot in bowl,move carrot to blue bowl,0.990888661116847,,search_boards
put carrot in bowl,put carrot in bowl,0.991263031911873,,search_boards
put carrot in pot or pan,[dry-run:gemini] 09694e0708cf,0.7212717333666832,,loop_gemini
put carrot in pot or pan,put the carrot in pot,0.9844291545907655,,search_boards
put carrot in pot or pan,put carrot in pot,0.9849244041405666,,search_boards
put carrot in pot or pan,put carrot in pot or pan,0.9849831166830639,,search_boards
put carrot in pot or pan,put carrot into pot,0.9849831166830639,,search_boards
put carrot in pot or pan,put carrot inside pot,0.9854950252379464,,search_boards
put carrot in pot or pan,put the carrot in the pot,0.994696690534934,,search_boards
put carrot in pot or pan,put the carrot inside the pot,0.9947032547442004,,search_boards
put carrot in pot or pan,place carrot in pot,0.9947068318150227,,search_boards
put carrot on cutting board,grab the orange carrot and place it on the green cutting board,0.9856687410697955,,search_boards
put carrot on cutting board,pick up the orange carrot and set it on the cutting board,0.9868536219346529,,search_boards
put carrot on cutting board,pick up the orange carrot and put it on the cutting board,0.9879740575770567,,search_boards
put carrot on cutting board,put carrot on cutting board,0.9883813116400916,,search_boards
put carrot on cutting board,grab the carrot and put it on the cutting board,0.9890357193599543,,search_boards
put carrot on cutting board,place the carrot on the green cutting board,0.9892941118079093,,search_boards
put carrot on cutting board,set the carrot on the cutting board,0.9892977077839944,,search_boards
put carrot on cutting board,pick up the carrot and put it on the cutting board,0.9893192585636674,,search_boards
put carrot on cutting board,grab the carrot and place it on the cutting board,0.9893610400437477,,search_boards
put carrot on plate,[dry-run:gemini] e1de4728a972,0.17588258217503064,,loop_gemini
put carrot on plate,move carrot onto green plate,0.9193957109357317,,search_boards
put carrot on plate,put carrot on plate,0.9876123971762782,,search_boards
put carrot on plate,place carrot onto the green plate,0.9890993645328235,,search_boards
put carrot on plate,move carrot to green plate,0.9893526967027334,,search_boards
put carrot on plate,move the carrot onto the green plate,0.9894417537989925,,search_boards
put carrot on plate,move carrot onto the green plate,0.9895429658757277,,search_boards
put clothes in laundry machine,[dry-run:gemini] 209ae9dfcb3c,0.7405640878094117,,loop_gemini
put clothes in laundry machine,put clothes in the laundry machine,0.9922292707288325,,search_boards
put clothes in laundry machine,put clothes in laundry machine,0.9922857949762671,,search_boards
put clothes in laundry machine,place clothes in laundry machine,0.9924554744499829,,search_boards
put clothes in laundry machine,load the laundry machine with clothes,0.9930613742096475,,search_boards
put clothes in laundry machine,load the clothes from the basket into the machine,0.994798411213233,,search_boards
put clothes in laundry machine,load the laundry basket items into the washing machine,0.9948112812068295,,search_boards
put clothes in laundry machine,place the clothes into the open laundry machine,0.9948118654532793,,search_boards
put corn in bowl sink,move the corn to the bowl,0.9821426446614336,,search_boards
put corn in bowl sink,move the corn into the blue bowl,0.9834547319702481,,search_boards
put corn in bowl sink,place the corn in the bowl in the sink,0.9836670326453782,,search_boards
put corn in bowl sink,put corn in bowl sink,0.9852041777611938,,search_boards
put corn in bowl sink,move the corn into the bowl,0.9852437256968822,,search_boards
put corn in bowl sink,transfer the corn to the blue bowl,0.9947377326126587,,search_boards
put corn in pan which is on stove,place the orange carrot inside the empty silver pot,0.9674928838231109,,search_boards
put corn in pan which is on stove,drop the orange carrot inside the empty silver pot,0.9686576890147186,,search_boards
put corn in pan which is on stove,place the orange carrot inside the empty pot,0.9693512063629998,,search_boards
put corn in pan which is on stove,put the carrot in the empty pot on the stove,0.9695857360267389,,search_boards
put corn in pan which is on stove,put the orange carrot in the empty pot,0.9703180861335153,,search_boards
put corn in pan which is on stove,drop the orange carrot into the metal pot on the stove,0.9703832179582299,,search_boards
put corn in pan which is on stove,put the orange carrot toy inside the silver pot,0.974733566701416,,search_boards
put corn in pan which is on stove,put the orange carrot into the empty silver pot,0.9750136036841991,,search_boards
put corn in pan which is on stove,put the orange carrot into the empty pot,0.9767678991874085,,search_boards
put corn in pan which is on stove,drop the orange carrot into the empty silver pot,0.9781079978992961,,search_boards
put corn in pan which is on stove,put corn in pan which is on stove,0.985480455615168,,search_boards
put corn in pot which is in sink,put corn in pot in sink,0.8305483612717396,,search_boards
put corn in pot which is in sink,put corn in the pot in the sink,0.8483658434457734,,search_boards
put corn in pot which is in sink,put corn in sink pot,0.8516989500053751,,search_boards
put corn in pot which is in sink,place corn in sink pot,0.8762876637804242,,search_boards
put corn in pot which is in sink,put corn in the pot,0.884323710437201,,search_boards
put corn in pot which is in sink,put corn in pot,0.8949201183950859,,search_boards
put corn in pot which is in sink,put the yellow corn in the pot,0.908945209827203,,search_boards
put corn in pot which is in sink,put the corn in the pot,0.9182474952122743,,search_boards
put corn in pot which is in sink,put the corn into the pot,0.9194544103701914,,search_boards
put corn in pot which is in sink,put the yellow corn inside of the pot,0.9644202890901068,,search_boards
put corn in pot which is in sink,put the corn inside of the pot,0.9666932194516678,,search_boards
put corn in pot which is in sink,place the corn inside the silver pot,0.9669184414035946,,search_boards
put corn in pot which is in sink,put the corn inside the pot,0.9681136359271025,,search_boards
put corn in pot which is in sink,put corn in pot which is in sink,0.9749970526462908,,search_boards
put corn into bowl,move the corn to the blue bowl,0.9843404182700518,,search_boards
put corn into bowl,move the corn into blue bowl,0.9852420799470397,,search_boards
put corn into bowl,place yellow corn in the blue bowl,0.9861838493063971,,search_boards
put corn into bowl,put yellow corn into blue bowl,0.986967675121717,,search_boards
put corn into bowl,put corn into bowl,0.9879349934558208,,search_boards
put corn into bowl,place the corn in the blue bowl,0.9947495696969313,,search_boards
put corn into bowl,put the corn in the bowl,0.9947584301252089,,search_boards
put corn on plate,put corn on the pink plate,0.9909538334133817,,search_boards
put corn on plate,place the corn on the red plate,0.9915123604944176,,search_boards
put corn on plate,place corn on red plate,0.9916512516565066,,search_boards
put corn on plate,put corn on plate,0.9923307204864736,,search_boards
put corn on plate,put corn on the pink dish,0.9947406943700408,,search_boards
put corn on plate,put the corn on the pink plate,0.9947430625820308,,search_boards
put cucumber in cup,move the cucumber to the orange cup,0.980228090834543,,search_boards
put cucumber in cup,move cucumber to the orange cup,0.9807840886454897,,search_boards
put cucumber in cup,move the cucumber into the orange cup,0.98465824343795,,search_boards
put cucumber in cup,move cucumber into orange cup,0.9868638975761517,,search_boards
put cucumber in cup,put cucumber in cup,0.9896594477189484,,search_boards
put cucumber in cup,place cucumber in the orange cup,0.9947466129112589,,search_boards
put cucumber in cup,put cucumber in orange cup,0.9947466129112589,,search_boards
put cucumber in cup,pick up cucumber and put in orange cup,0.9947472044008696,,search_boards
put cup from anywhere into sink,[dry-run:gemini] bae27d9c6ce5,0.7899955876929565,,loop_gemini
put cup from anywhere into sink,move the blue plastic cup to the sink,0.9807370995912162,,search_boards
put cup from anywhere into sink,put the blue plastic cup in the sink,0.9808054101397318,,search_boards
put cup from anywhere into sink,place the cup in the sink,0.9814343772416424,,search_boards
put cup from anywhere into sink,place the blue plastic cup in the sink,0.9818625781797313,,search_boards
put cup from anywhere into sink,put cup from anywhere into sink,0.9818666093250323,,search_boards
put cup from anywhere into sink,put blue cup inside the sink,0.9924791686958045,,search_boards
put cup from anywhere into sink,put blue cup in sink,0.9930081355347987,,search_boards
put cup from counter or drying rack into sink,move the yellow cup from the drying rack to the blue sink,0.9071113680341446,,search_boards
put cup from counter or drying rack into sink,move the small yellow cup from the dish drying rack to the blue sink,0.9299154047885433,,search_boards
put cup from counter or drying rack into sink,place the small yellow cup from the drying rack into the sink,0.9420922076859582,,search_boards
put cup from counter or drying rack into sink,put the small yellow cup from the drying rack into the sink,0.9444124701181289,,search_boards
put cup from counter or drying rack into sink,put cup from counter or drying rack into sink,0.956280242409976,,search_boards
put cup from counter or drying rack into sink,place the yellow cup from the rack into the blue sink,0.9746274166794568,,search_boards
put cup from counter or drying rack into sink,put the yellow cup that is in the rack into the sink,0.9751319074381164,,search_boards
put cup from counter to sink,drop the blue cup into the sink,0.9703474126200454,,search_boards
put cup from counter to sink,move the blue cup into the sink basin,0.9706971465647287,,search_boards
put cup from counter to sink,place the light blue cup into the sink,0.97138779815603,,search_boards
put cup from counter to sink,place the light blue cup next to the toy vegetables in the sink,0.9726197087335298,,search_boards
put cup from counter to sink,put the blue cup next to the vegetables in the sink,0.973900898395824,,search_boards
put cup from counter to sink,set the blue cup next to the vegetables in the sink,0.9740786885960239,,search_boards
put cup from counter to sink,move the light blue cup into the sink next to the vegetables,0.9776427147711176,,search_boards
put cup from counter to sink,move the blue cup next to the vegetables in the sink,0.9814075459604632,,search_boards
put cup from counter to sink,move the blue cup next to the toy vegetables in the sink,0.9819088832920508,,search_boards
put cup from counter to sink,move the light blue cup next to the vegetables in the sink,0.9841773220358716,,search_boards
put cup from counter to sink,put cup from counter to sink,0.9868653648778637,,search_boards
put cup into pot or pan,put the blue cup inside the metal pot,0.9408447388112939,,search_boards
put cup into pot or pan,move the blue cup into the silver pot,0.9506996535714144,,search_boards
put cup into pot or pan,place the blue cup in the silver pot,0.9574343499284799,,search_boards
put cup into pot or pan,put blue cup into silver pot,0.9577011045724395,,search_boards
put cup into pot or pan,put the blue cup into the silver pot,0.9577652538311073,,search_boards
put cup into pot or pan,place the blue cup inside the steel pot,0.9610520128129154,,search_boards
put cup into pot or pan,move the blue cup inside the silver pot,0.9643269534359795,,search_boards
put cup into pot or pan,place the blue cup inside the metal pot,0.9699144622939377,,search_boards
put cup into pot or pan,place blue cup inside the metal pot,0.9737335044952447,,search_boards
put cup into pot or pan,move the blue cup inside the steel pot,0.9768653067437827,,search_boards
put cup into pot or pan,put cup into pot or pan,0.9800960331536283,,search_boards
put detergent from sink into drying rack,put the white soap bottle in the yellow rack,0.9737219216577354,,search_boards
put detergent from sink into drying rack,put the white soap bottle in the yellow dish rack,0.9762774467115345,,search_boards
put detergent from sink into drying rack,move the white dish soap bottle from the basin to the yellow rack,0.9767370558082707,,search_boards
put detergent from sink into drying rack,put the white dish soap bottle in the yellow rack,0.9768576311923726,,search_boards
put detergent from sink into drying rack,put detergent from sink into drying rack,0.987459138448216,,search_boards
put detergent from sink into drying rack,place the white soap bottle in the yellow drying rack,0.9898237891618396,,search_boards
put detergent from sink into drying rack,put the white soap bottle in the dish rack,0.9912424210683073,,search_boards
put detergent from sink into drying rack,move the white soap bottle from the basin to the rack,0.9919585054180234,,search_boards
put detergent in sink,[dry-run:gemini] b6cc9e15bebb,0.7981373692998984,,loop_gemini
put detergent in sink,put the dish soap bottle into the sink,0.9859662575684776,,search_boards
put detergent in sink,place the white bottle in the sink,0.986328076599429,,search_boards
put detergent in sink,put the white bottle into the sink,0.9869239245235623,,search_boards
put detergent in sink,put detergent in sink,0.9878605617374239,,search_boards
put detergent in sink,move the soap bottle into the sink,0.9887043576192955,,search_boards
put eggplant in pot or pan,place the purple eggplant into the pot,0.8887411332082424,,search_boards
put eggplant in pot or pan,drop the purple eggplant into the metal pot,0.9594008447957274,,search_boards
put eggplant in pot or pan,put the eggplant in the cooking pot,0.9661162590952814,,search_boards
put eggplant in pot or pan,drop the eggplant into the metal pot,0.9681973907731881,,search_boards
put eggplant in pot or pan,put eggplant in pot or pan,0.9682008759371545,,search_boards
put eggplant into pan,place the eggplant inside the silver pot,0.8764838657098871,,search_boards
put eggplant into pan,move the eggplant into the metal pot,0.9045723740977999,,search_boards
put eggplant into pan,pick up the eggplant and put it in the metal pot,0.9047383510654367,,search_boards
put eggplant into pan,put eggplant into pan,0.9742581386281526,,search_boards
put eggplant into pan,move the eggplant to the metal pot,0.9759555081441622,,search_boards
put eggplant into pan,move the eggplant into the silver pot,0.9783634493123283,,search_boards
put eggplant into pan,place the eggplant in the metal pot,0.9797800447716489,,search_boards
put eggplant into pan,place eggplant in the metal pot,0.9821941875207475,,search_boards
put eggplant into pot or pan,drop eggplant into metal pot,0.9735009011825049,,search_boards
put eggplant into pot or pan,move eggplant to pot,0.9735242513938174,,search_boards
put eggplant into pot or pan,put eggplant into pot or pan,0.9755754243607883,,search_boards
put eggplant into pot or pan,put eggplant into pot,0.9763951296514659,,search_boards
put eggplant into pot or pan,place the eggplant into the pot,0.9894948339060264,,search_boards
put eggplant into pot or pan,drop eggplant into pot,0.9895054182021661,,search_boards
put eggplant on plate,transfer the eggplant to the green plate,0.9800783603013046,,search_boards
put eggplant on plate,put eggplant on plate,0.9814920387314302,,search_boards
put eggplant on plate,put the eggplant on the green plate,0.9816150080182496,,search_boards
put eggplant on plate,place eggplant on the green plate,0.9816924735283681,,search_boards
put eggplant on plate,transfer the purple eggplant to the green plate,0.9834915281302007,,search_boards
put eggplant on plate,place the eggplant onto the green plate,0.9946996752689098,,search_boards
put fork from basket to tray,move the silver fork from the basket to the black tray,0.9661569953374177,,search_boards
put fork from basket to tray,pick up the fork from the basket and place it in the tray,0.9703929757737243,,search_boards
put fork from basket to tray,move the silver fork out of the basket and into the tray,0.9725684173236184,,search_boards
put fork from basket to tray,put fork from basket into tray,0.9785709323008966,,search_boards
put fork from basket to tray,put fork from basket to tray,0.9790521631678035,,search_boards
put fork from basket to tray,put fork from the basket to the tray,0.9795477728252127,,search_boards
put fork from basket to tray,move the fork from the basket to the tray,0.9811852540064803,,search_boards
put green squash in pot or pan,put the green bitter melon in the metal pot,0.9744222769093672,,search_boards
put green squash in pot or pan,place the green bitter melon into the small metal pot,0.9761907822543586,,search_boards
put green squash in pot or pan,put the green bitter melon into the small metal pot,0.9768422726301283,,search_boards
put green squash in pot or pan,put green bitter melon in the small metal pot,0.9779816064059061,,search_boards
put green squash in pot or pan,put green squash in pot or pan,0.9842318723096701,,search_boards
put green squash in pot or pan,put the green bitter melon in the silver pot,0.9947187380393342,,search_boards
put green squash in pot or pan,place the green bitter melon toy in the metal pot,0.9947217104306884,,search_boards
put green squash in pot or pan,put the green bitter melon in the small metal pot,0.9947489784722582,,search_boards
put green squash into pot or pan,place green squash inside pot,0.9807670147331893,,search_boards
put green squash into pot or pan,place green squash in pot,0.9822040828491766,,search_boards
put green squash into pot or pan,put the green squash in pot,0.9830898359280268,,search_boards
put green squash into pot or pan,place green squash into pot,0.9834657792769577,,search_boards
put green squash into pot or pan,put green squash into pot or pan,0.984322960725358,,search_boards
put green squash into pot or pan,pick up the green squash and put it in the pot,0.9910436964765631,,search_boards
put green squash into pot or pan,place the green squash inside the metal pot,0.9911535416682264,,search_boards
put green squash into pot or pan,put green squash in the pot,0.991465556258283,,search_boards
put green squash into pot or pan,put green squash in pot,0.9924495393225696,,search_boards
put green squash into pot or pan,put green squash into metal pot,0.9924673308185521,,search_boards
put knife in pot cardboard fence,place the plastic knife in the orange bowl,0.9869633065701118,,search_boards
put knife in pot cardboard fence,place the plastic knife inside the orange cup,0.9877925030689405,,search_boards
put knife in pot cardboard fence,move the plastic knife into the orange cup,0.9879133872097685,,search_boards
put knife in pot cardboard fence,place the plastic knife in the orange cup,0.987932294762897,,search_boards
put knife in pot cardboard fence,put knife in pot cardboard fence,0.9919612137291475,,search_boards
put knife in pot cardboard fence,put the plastic knife in the orange cup,0.9947133835385609,,search_boards
put knife in pot cardboard fence,place the knife into the orange cup,0.9947199271956203,,search_boards
put knife in pot cardboard fence,place the yellow knife into the orange cup,0.9947240871456156,,search_boards
put knife in pot or pan,put the white knife into the metal pot,0.9843019863897772,,search_boards
put knife in pot or pan,put the white toy knife inside the metal pot,0.9850382679567576,,search_boards
put knife in pot or pan,put knife in pot or pan,0.9851463164826814,,search_boards
put knife in pot or pan,put the white toy knife into the metal pot,0.9854593851455848,,search_boards
put knife in pot or pan,place the white toy knife into the pot,0.9858404063221149,,search_boards
put knife in pot or pan,put the white knife in the silver pot,0.9947371400621228,,search_boards
put knife in pot or pan,put the white toy knife in the silver pot,0.9947454297332723,,search_boards
put knife on cutting board,put knife on cutting board,0.9827228003009487,,search_boards
put knife on cutting board,move the yellow knife to the green cutting board,0.9828739744431454,,search_boards
put knife on cutting board,place yellow knife on green board,0.9837305611850361,,search_boards
put knife on cutting board,move yellow knife to the green cutting board,0.9840285734407208,,search_boards
put knife on cutting board,move yellow knife onto the green cutting board,0.9859599912757729,,search_boards
put knife on cutting board,place the yellow knife on the green board,0.9937065982749121,,search_boards
put knife on cutting board cardboard fence,place the knife on the cutting board,0.987837463943906,,search_boards
put knife on cutting board cardboard fence,place yellow knife on cutting board,0.9883030599598936,,search_boards
put knife on cutting board cardboard fence,put knife on cutting board,0.9883239778528018,,search_boards
put knife on cutting board cardboard fence,move the knife onto the cutting board,0.9886269839817362,,search_boards
put knife on cutting board cardboard fence,move the yellow knife onto the green cutting board,0.9890871535177692,,search_boards
put knife on cutting board cardboard fence,place the knife on the green board,0.9892737120232397,,search_boards
put knife on cutting board cardboard fence,put knife on cutting board cardboard fence,0.9900303342945941,,search_boards
put lemon on plate,place the lemon on the red plate next to the sink,0.9813537692225144,,search_boards
put lemon on plate,pick up the yellow lemon and place it on the red plate,0.9820251380431053,,search_boards
put lemon on plate,grab the yellow lemon from the sink and place it on the red plate,0.9822968353913908,,search_boards
put lemon on plate,grab the yellow lemon from the sink and put it on the red plate,0.9824165087487586,,search_boards
put lemon on plate,put lemon on plate,0.9845742308898645,,search_boards
put lemon on plate,grab the lemon and place it on the red plate,0.9947878576024346,,search_boards
put lemon on plate,grab the yellow lemon and put it on the red plate,0.9947995825236836,,search_boards
put lid on pot,put the orange lid on top of the cup,0.9775211617267984,,search_boards
put lid on pot,put the orange lid on the orange cup,0.9843316918903905,,search_boards
put lid on pot,put the orange plastic lid on top of the orange cup,0.9853633783949857,,search_boards
put lid on pot,put lid on pot,0.9877501175829815,,search_boards
put lid on pot,put the orange lid on top of the orange cup,0.9878592042438212,,search_boards
put lid on pot,place the lid on top of the cup,0.9947306176241699,,search_boards
put lid on pot,cover the orange container with the lid,0.994738917514649,,search_boards
put lid on pot,put the orange lid on the orange container,0.9947454297332723,,search_boards
put lid on pot or pan,put the silver lid on the silver pot,0.9877268122574204,,search_boards
put lid on pot or pan,put lid on pot or pan,0.9879120355510949,,search_boards
put lid on pot or pan,place the lid on the pot,0.9881157835886125,,search_boards
put lid on pot or pan,place the silver lid onto the silver pot,0.9881635405719182,,search_boards
put lid on pot or pan,put the lid onto the silver pot,0.989812381296989,,search_boards
put lid on pot or pan,place the metal lid on the silver pot,0.9947643288126075,,search_boards
put lid on pot or pan,put the silver lid on top of the pot,0.9947719872354062,,search_boards
put lid on pot or pan,place the lid on top of the pot,0.9947737529806525,,search_boards
put pan from drying rack into sink,put the metal pan in the orange basket into the sink,0.9377870146902179,,search_boards
put pan from drying rack into sink,put the metal pan in the orange basket into the sink basin,0.938450686350166,,search_boards
put pan from drying rack into sink,put the metal pan in the orange rack into the sink,0.956256574241205,,search_boards
put pan from drying rack into sink,move the stainless steel pot from the rack into the sink,0.9745910025794194,,search_boards
put pan from drying rack into sink,put pan from drying rack into sink,0.9752523973529394,,search_boards
put pan from drying rack into sink,move the metal pan into the white sink basin,0.9912532232277015,,search_boards
put pan from drying rack into sink,transfer the silver pot from the orange dish rack to the sink,0.9915323414662157,,search_boards
put pan from sink into drying rack,put pan in orange drying rack,0.990268790508744,,search_boards
put pan from sink into drying rack,put pan from the sink into drying rack,0.9908116951147857,,search_boards
put pan from sink into drying rack,put pan from sink into drying rack,0.9911495707904738,,search_boards
put pan from sink into drying rack,put pan from sink into the drying rack,0.9912197919890231,,search_boards
put pan from sink into drying rack,put the small silver pan into the orange drying rack,0.992520456056655,,search_boards
put pan from sink into drying rack,put the metal pan in the orange basket,0.994444916687024,,search_boards
put pan from sink into drying rack,move the metal pan from the sink to the orange dish rack,0.9946444877287907,,search_boards
put pan from stove to sink,put pan from stove to sink,0.9657437532401184,,search_boards
put pan from stove to sink,transfer the metal pot from the blue burner to the sink,0.9817249946756792,,search_boards
put pan from stove to sink,move the silver pot from the blue burner to the sink,0.9829708767310786,,search_boards
put pan from stove to sink,place the metal pot from the blue burner to the sink,0.9834289266917359,,search_boards
put pan from stove to sink,move the metal pot from the blue burner to the sink,0.983701549776572,,search_boards
put pan from stove to sink,place the silver pan from the burner into the plastic sink,0.984389197681187,,search_boards
put pan from stove to sink,move the silver pot off the burner and put it in the sink,0.9877610696668612,,search_boards
put pan from stove to sink,place the silver pot from the blue stove in the sink,0.9890908182420411,,search_boards
put pan from stove to sink,move the silver pot from the burner to the sink,0.9894736336194373,,search_boards
put pan from stove to sink,transfer the silver pot from the blue burner to the sink,0.990044848019662,,search_boards
put pan from stove to sink,transfer the metal pot from the burner to the sink,0.9906285431191675,,search_boards
put pan in sink,put the pan into the sink,0.9875624444640404,,search_boards
put pan in sink,put the pan in the sink,0.9876234708471288,,search_boards
put pan in sink,put pan into the sink,0.9887573285469248,,search_boards
put pan in sink,put pan in sink,0.9891188740555484,,search_boards
put pan in sink,put the metal cooking pot in the sink,0.9946118292508277,,search_boards
put pan in sink,put the cooking pan into the sink,0.9946450906549861,,search_boards
put pan in sink,put the metal pan in the sink,0.9946763499600881,,search_boards
put pan on stove and put blueberry in pan,place the metal pot on the burner and put the blue berry inside,0.9751511144569188,,search_boards
put pan on stove and put blueberry in pan,place the silver pan on the stove burner and put the blue berry inside,0.9759608200258632,,search_boards
put pan on stove and put blueberry in pan,put the small pot on the stove burner and put the blue berry in the pot,0.9779864807803706,,search_boards
put pan on stove and put blueberry in pan,place the silver pan on the stove burner and put the blue berry in it,0.981541322987638,,search_boards
put pan on stove and put blueberry in pan,put pan on stove and put blueberry in pan,0.9846017132327213,,search_boards
put pan on stove and put blueberry in pan,place the metal pan on the stove burner and put the blue berry in the pan,0.994715168971872,,search_boards
put pan on stove and put stuffedduck in pan,move the pot to the stove and put the yellow duck inside,0.9810299966838254,,search_boards
put pan on stove and put stuffedduck in pan,move the pot to the stove and place the yellow stuffed duck inside,0.9847622013081285,,search_boards
put pan on stove and put stuffedduck in pan,place the pot on the stove and put the yellow stuffed duck inside,0.9864738400004451,,search_boards
put pan on stove and put stuffedduck in pan,set the pot on the stove and put the yellow stuffed duck inside,0.986888819723617,,search_boards
put pan on stove and put stuffedduck in pan,put pan on stove and put stuffedduck in pan,0.987390267379801,,search_boards
put pan on stove and put stuffedduck in pan,place the pot on the burner and put the yellow stuffed duck in it,0.9909253775647028,,search_boards
put pan on stove and put stuffedduck in pan,put the silver pot on the stove burner and place the duck inside,0.9909933210586184,,search_boards
put pan on stove and put stuffedduck in pan,set the pot on the burner and put the yellow stuffed duck inside,0.9917768184050564,,search_boards
put pan on stove and put stuffedpig in pan,put the metal cooking pot on the stove and place the pink pig in it,0.9201224959398886,,search_boards
put pan on stove and put stuffedpig in pan,put the silver pot on the stove burner and put the pink toy in it,0.9201308149002,,search_boards
put pan on stove and put stuffedpig in pan,move the metal pot to the stove burner and put the pink pig in it,0.9208432919466027,,search_boards
put pan on stove and put stuffedpig in pan,put the pan on stove and put stuffedpig in pan,0.9308392389661543,,search_boards
put pan on stove and put stuffedpig in pan,put pan on stove and put stuffed pig in pan,0.9426760690013111,,search_boards
put pan on stove and put stuffedpig in pan,put pan on the stove and put stuffedpig in pan,0.9436348928612965,,search_boards
put pan on stove and put stuffedpig in pan,put pan on the stove and put the stuffed pig in pan,0.951043359105093,,search_boards
put pan on stove and put stuffedpig in pan,put pan on stove and put the stuffed pig in pan,0.9511170899370887,,search_boards
put pan on stove and put stuffedpig in pan,put pan on the stove and put stuffedpig in the pan,0.9569333454822532,,search_boards
put pan on stove and put stuffedpig in pan,put pan on stove and put stuffedpig in pan,0.9885580522592917,,search_boards
put pan on stove and put stuffedpig in pan,put the pan on the stove and place the stuffedpig in the pan,0.9888113062595761,,search_boards
put pan on stove and put stuffedpig in pan,put pan on stove and place the stuffedpig in the pan,0.9888475650816503,,search_boards
put pan on stove and put stuffedpig in pan,put pan on stove and put the stuffedpig in the pan,0.9889914421841252,,search_boards
put pan on stove and put stuffedpig in pan,put pan on the stove and place the stuffedpig in the pan,0.9890614663355956,,search_boards
put pan on stove from sink,lift the silver pan out of the sink and place it on the burner,0.9820371224575852,,search_boards
put pan on stove from sink,lift the silver pan from the sink and put it on the burner,0.9848333753973898,,search_boards
put pan on stove from sink,put pan on stove from sink,0.9851496288368906,,search_boards
put pan on stove from sink,lift the metal pan and place it on the stove burner,0.9883265899888809,,search_boards
put pan on stove from sink,lift the silver pan from the sink and place it on the blue burner,0.9892340026185586,,search_boards
put pan on stove from sink,place the pan on the blue burner,0.9946703526837406,,search_boards
put pan on stove from sink,transfer the metal pan from the sink to the stove top,0.994684734871709,,search_boards
put pear in bowl,place the green pear in the blue bowl,0.985538647732086,,search_boards
put pear in bowl,drop the green pear inside the blue bowl,0.9872883911406118,,search_boards
put pear in bowl,drop pear in blue bowl,0.9883709080492079,,search_boards
put pear in bowl,put pear in bowl,0.9885157241929087,,search_boards
put pear in bowl,pick up the pear and put it in the bowl,0.9947020618530121,,search_boards
put pear on plate,move pear to the green plate,0.9895733754635818,,search_boards
put pear on plate,put the green pear on the green plate,0.9900760373464096,,search_boards
put pear on plate,place the green pear onto the green plate,0.9903383534319062,,search_boards
put pear on plate,put the green pear onto the green plate,0.9904524854249773,,search_boards
put pear on plate,put pear on plate,0.9931188530987228,,search_boards
put pear on plate,move the green pear onto the green plate,0.9947199271956203,,search_boards
put pear on plate,put green pear on plate,0.9947217104306884,,search_boards
put pear on plate,move green pear to green plate,0.994726462796026,,search_boards
put pear on plate,move pear to green plate,0.9947418786086589,,search_boards
put pepper in pan,put the red pepper inside the metal pot,0.9858119368479283,,search_boards
put pepper in pan,put the red pepper inside the silver pot,0.9867770399122946,,search_boards
put pepper in pan,drop the red pepper inside the metal pot,0.9872499784431957,,search_boards
put pepper in pan,drop the red pepper into the silver pot,0.9877432676160247,,search_boards
put pepper in pan,put pepper in pan,0.9919576024465425,,search_boards
put pepper in pan,place the pepper inside the silver pot,0.9947223047092444,,search_boards
put pepper in pan,put the red pepper in the pot,0.9947240871456156,,search_boards
put pepper in pan,put the red pepper into the metal pot,0.994734769196203,,search_boards
put pepper in pot or pan,[dry-run:gemini] affa8ef68d95,0.5164302741061629,,loop_gemini
put pepper in pot or pan,place the yellow pepper inside the silver pot,0.9162195981563961,,search_boards
put pepper in pot or pan,place the yellow pepper in the pot,0.9182304990250088,,search_boards
put pepper in pot or pan,put the yellow pepper in the silver pot,0.9254593995526386,,search_boards
put pepper in pot or pan,move pepper to pot,0.9581663530740938,,search_boards
put pepper in pot or pan,place the pepper in the pot,0.9582071686590393,,search_boards
put pepper in pot or pan,put pepper into pot,0.967048539740236,,search_boards
put pepper in pot or pan,put pepper in pot or pan,0.9700495910472882,,search_boards
put pot in sink,[dry-run:gemini] ec6229e4acec,0.28996248693167515,,loop_gemini
put pot in sink,move the pot in front of the faucet into the sink,0.9782818312134988,,search_boards
put pot in sink,put the pot of yellow food in the sink,0.9835300775030107,,search_boards
put pot in sink,move the metal pot with yellow food into the sink,0.9839429574689063,,search_boards
put pot in sink,move the small metal pot of yellow food into the sink,0.9856271088923542,,search_boards
put pot in sink,put pot in sink,0.9887182547581033,,search_boards
put pot in sink,place the metal cooking pot in the sink,0.994734769196203,,search_boards
put pot in sink,move the pot of fake food to the sink,0.9947442462902158,,search_boards
put pot on stove which is near stove,set the pot on the stove burner,0.9472308410213373,,search_boards
put pot on stove which is near stove,put the pot that is in the sink onto the stove,0.9494758703064348,,search_boards
put pot on stove which is near stove,place the pot onto the stove,0.9497574860765784,,search_boards
put pot on stove which is near stove,set the small silver pot on the stove burner,0.9734979809978803,,search_boards
put pot on stove which is near stove,set the small silver pot on the stove,0.9839786855191583,,search_boards
put pot on stove which is near stove,set the small pot on the stove,0.9862438694880888,,search_boards
put pot on stove which is near stove,set the silver pot on the stove,0.9873181886836448,,search_boards
put pot on stove which is near stove,put pot on stove which is near stove,0.9895453081870466,,search_boards
put pot or pan from sink into drying rack,place the silver pot in the yellow drying basket,0.9908158161808358,,search_boards
put pot or pan from sink into drying rack,put the metal pot in the yellow rack,0.9909314827035143,,search_boards
put pot or pan from sink into drying rack,put the metal pot inside the yellow dish rack,0.9913197076545338,,search_boards
put pot or pan from sink into drying rack,put pot or pan from sink into drying rack,0.9921767298607548,,search_boards
put pot or pan from sink into drying rack,transfer the silver pot from within the sink into the yellow drying basket,0.9924308558834112,,search_boards
put pot or pan from sink into drying rack,transfer the silver pot from the sink into the yellow drying basket,0.992431706125101,,search_boards
put pot or pan from sink into drying rack,place the silver pot from the sink into the yellow drying basket,0.9924630985254094,,search_boards
put pot or pan from sink into drying rack,move the silver pot from the sink into the yellow drying basket,0.9925112070903768,,search_boards
put pot or pan from sink into drying rack,transfer the pot from the sink into the yellow dish drainer,0.9927455859022357,,search_boards
put pot or pan from sink into drying rack,transfer the pot from the sink to the dish drainer,0.9934207204754297,,search_boards
put pot or pan from sink into drying rack,place the silver pot from the sink into the yellow dish drainer,0.9935067172068217,,search_boards
put pot or pan from sink into drying rack,transfer the silver pot from the sink to the yellow dish drainer,0.9936023991507431,,search_boards
put pot or pan from sink into drying rack,transfer the silver pot from the sink into the yellow dish drainer,0.9940635357863402,,search_boards
put pot or pan in sink,put metal pot in sink,0.979640541940163,,search_boards
put pot or pan in sink,place the metal pot inside the sink,0.9839661896059662,,search_boards
put pot or pan in sink,put the metal pot in the sink,0.9848806428388868,,search_boards
put pot or pan in sink,put pot or pan in sink,0.9897183581435954,,search_boards
put pot or pan in sink,drop the metal pot inside the sink,0.9946649493897269,,search_boards
put pot or pan in sink,place the small metal pot in the sink,0.994670952713648,,search_boards
put pot or pan on stove,set the silver pot on the left burner,0.9486440935987407,,search_boards
put pot or pan on stove,set the silver pot on the left stove burner,0.9500805799218687,,search_boards
put pot or pan on stove,put the silver pot on the stove burner,0.9810930896973074,,search_boards
put pot or pan on stove,place the silver pot on the stove burner,0.9832135838620575,,search_boards
put pot or pan on stove,put the silver pot on the left burner,0.9871857025072723,,search_boards
put pot or pan on stove,put pot or pan on stove,0.9881290684805221,,search_boards
put pot or pan on stove,set the small metal pot on the stove,0.9889568821792145,,search_boards
put pot or pan on stove,set the silver cooking pot on the burner,0.9890160623990809,,search_boards
put pot or pan on stove,place the small silver pot on the stove,0.9890712589719077,,search_boards
put potato in pot cardboard fence,put the yellow potato in the orange pot,0.9736929428165767,,search_boards
put potato in pot cardboard fence,place the yellow potato in the orange pot,0.9800717290191242,,search_boards
put potato in pot cardboard fence,put the yellow potato in the pot,0.9880878374864049,,search_boards
put potato in pot cardboard fence,place potato in orange pot,0.9880958287053078,,search_boards
put potato in pot cardboard fence,put potato in pot cardboard fence,0.9909558625874343,,search_boards
put potato in pot cardboard fence,put the yellow potato in the orange cup,0.9947790466577225,,search_boards
put potato in pot cardboard fence,move the potato into the orange pot,0.994785509464491,,search_boards
put potato in pot or pan,put the yellow potato into the metal pot,0.9710142194939156,,search_boards
put potato in pot or pan,put the yellow potato inside the metal pot,0.9710205905854737,,search_boards
put potato in pot or pan,put the yellow potato in the metal pot,0.9731659762143886,,search_boards
put potato in pot or pan,place the yellow potato into the metal pot,0.9736377973316082,,search_boards
put potato in pot or pan,put potato in pot or pan,0.9831686879417412,,search_boards
put potato in pot or pan,drop the potato into the pot,0.9946757505346366,,search_boards
put potato in pot or pan,put potato in pot,0.9946763499600881,,search_boards
put potato on plate,put potato on plate,0.9869385241357039,,search_boards
put potato on plate,place the potato onto the pink plate,0.9871885659950032,,search_boards
put potato on plate,put the potato on pink plate,0.987524849452971,,search_boards
put potato on plate,put potato on pink plate,0.9877761129936826,,search_boards
put potato on plate,place potato on red plate,0.994734176313742,,search_boards
put red bottle in sink,place the red bottle in the basin,0.9847281934050912,,search_boards
put red bottle in sink,grab the red bottle and drop it in the sink,0.9893598485339834,,search_boards
put red bottle in sink,grab the red bottle and place it in the sink,0.9899021595764378,,search_boards
put red bottle in sink,grab the red bottle and put it in the sink,0.9899089460959823,,search_boards
put red bottle in sink,put red bottle in sink,0.990654777733547,,search_boards
put red bottle in sink,place red bottle in the sink,0.99469549617329,,search_boards
put red bottle in sink,drop the red bottle into the sink,0.9947008686946018,,search_boards
put redcube in pan and put pan on stove,place red block in pan and move pan to stove burner,0.9651737745656569,,search_boards
put redcube in pan and put pan on stove,put the red toy in the metal pot and place the pot on the stove,0.9788562681985902,,search_boards
put redcube in pan and put pan on stove,place red block in the pan and put the pan on the stove burner,0.9841155098291489,,search_boards
put redcube in pan and put pan on stove,put the red block in the pan and place the pan on the stove burner,0.9849159982030666,,search_boards
put redcube in pan and put pan on stove,put the red block in the pan and set the pan on the stove burner,0.9850299245431191,,search_boards
put redcube in pan and put pan on stove,put the red block in the pan and put the pan on the stove burner,0.985059939406133,,search_boards
put redcube in pan and put pan on stove,put redcube in pan and put pan on stove,0.9853290560246579,,search_boards
put redcube in pan and put pan on stove,put the red block in the pan and put the pan on the stove,0.9878659902127974,,search_boards
put redcube in pan and put pan on stove,put the red block in the pan and set the pan on the stove,0.9881794173916162,,search_boards
put redcube in pan and put pan on stove,put red block inside the pan and put the pan on the stove burner,0.9885644521363638,,search_boards
put redcube in pan and put pan on stove,place red block inside the pan and put the pan on the stove burner,0.9886384326249926,,search_boards
put small spoon from basket to tray,place the small spoon from the grey container to the tray,0.8697897931432366,,search_boards
put small spoon from basket to tray,transfer the small spoon from the basket to the tray,0.8879327120261059,,search_boards
put small spoon from basket to tray,transfer small spoon from basket to tray,0.9042200393449393,,search_boards
put small spoon from basket to tray,move small spoon from basket to tray,0.9879686768597018,,search_boards
put small spoon from basket to tray,transfer the small spoon from basket to tray,0.9883865099858159,,search_boards
put small spoon from basket to tray,put the small spoon from basket to tray,0.989120092253464,,search_boards
put small spoon from basket to tray,place small spoon from basket to tray,0.9893336018958534,,search_boards
put small spoon from basket to tray,put small spoon from basket to tray,0.9895195141860789,,search_boards
put spatula in pan,put spatula in the pan,0.988425424382887,,search_boards
put spatula in pan,put spatula inside the pan,0.9885067256348912,,search_boards
put spatula in pan,put spatula in pan,0.9890712589719077,,search_boards
put spatula in pan,place spatula in pan,0.9891784073990472,,search_boards
put spatula in pan,put the spatula in the pot,0.99182927147935,,search_boards
put spatula in pan,put spatula into pot,0.9923082902770075,,search_boards
put spatula in pan,place the spatula in the pot,0.9924774787015274,,search_boards
put spatula on cutting board,place the spatula on top of the cutting board,0.9911783196806023,,search_boards
put spatula on cutting board,put the spatula on the board,0.9913420814721473,,search_boards
put spatula on cutting board,lay the spatula on the cutting board,0.9913914892672899,,search_boards
put spatula on cutting board,set the spatula on the green cutting board,0.9917342444749854,,search_boards
put spatula on cutting board,put spatula on cutting board,0.991763884194241,,search_boards
put spatula on cutting board,place the spatula on the cutting board,0.9947896180155885,,search_boards
put spatula on cutting board,set the spatula on top of the cutting board,0.9947948957070141,,search_boards
put spatula on plate sink,place the green spatula in the blue bowl,0.9571752689560098,,search_boards
put spatula on plate sink,place the small spatula in the blue bowl in the sink,0.9796134327371722,,search_boards
put spatula on plate sink,place the green spatula inside the blue bowl in the sink,0.9833382962291617,,search_boards
put spatula on plate sink,place the spatula in the blue bowl inside the sink,0.9856703399319473,,search_boards
put spatula on plate sink,put spatula on plate sink,0.9909090772775017,,search_boards
put spatula on plate sink,set the spatula in the blue bowl inside the sink,0.9947548877401469,,search_boards
put spatula on plate sink,put the small spatula into the blue bowl,0.9947560687996897,,search_boards
put spoon in bowl sink,place the spoon in the blue bowl,0.9851645254300192,,search_boards
put spoon in bowl sink,drop the spoon inside the blue bowl,0.9871928600424407,,search_boards
put spoon in bowl sink,put the spoon into the blue bowl,0.9880651669075219,,search_boards
put spoon in bowl sink,drop the spoon into the blue bowl,0.9881714816137116,,search_boards
put spoon in bowl sink,put spoon in bowl sink,0.9906222359643743,,search_boards
put spoon in bowl sink,place the spoon inside the blue bowl,0.9946625461771276,,search_boards
put spoon in bowl sink,put the spoon in the blue bowl,0.9946751510420531,,search_boards
put spoon in bowl sink,drop the spoon in the blue bowl,0.994679346080625,,search_boards
put spoon in pot,place the spoon inside the metal pot,0.9733045551617187,,search_boards
put spoon in pot,place the blue and white spoon in the metal pot,0.9751181792820874,,search_boards
put spoon in pot,place the blue spoon inside the metal pot,0.9773539110201123,,search_boards
put spoon in pot,put the spoon in the metal pot,0.9776303408820797,,search_boards
put spoon in pot,put spoon in pot,0.9841737962940041,,search_boards
put spoon in pot,put the toy spoon in the pot,0.9936696810394943,,search_boards
put spoon in pot,put the spoon in the pot,0.9936831949108923,,search_boards
put spoon in pot,place the spoon inside the pot,0.9938000507271878,,search_boards
put spoon in pot,place the spoon in the pot,0.9938611245179961,,search_boards
put spoon in pot,place the spoon in the metal pot,0.994618497929482,,search_boards
put strawberry in pot,move the strawberry into the metal pot,0.9838963938131547,,search_boards
put strawberry in pot,move the strawberry to the pot,0.9843735349148922,,search_boards
put strawberry in pot,move the strawberry inside the pot,0.985361745791598,,search_boards
put strawberry in pot,transfer the strawberry to the pot,0.9858182682693591,,search_boards
put strawberry in pot,put strawberry in pot,0.9873025890563687,,search_boards
put strawberry in pot,move the strawberry to the silver pot,0.98937651766448,,search_boards
put strawberry in pot,move the strawberry into the pot,0.990612767347672,,search_boards
put strawberry in pot,put the strawberry inside the pot,0.9906903400968387,,search_boards
put stuffedduck in pan,[dry-run:gemini] 7fce974fabc9,0.7654724238505448,,loop_gemini
put stuffedduck in pan,put the yellow toy in the metal pan,0.9749694438418662,,search_boards
put stuffedduck in pan,put the yellow toy duck in the metal pan,0.981403414695904,,search_boards
put stuffedduck in pan,place the yellow toy duck in the pot,0.9878551308633331,,search_boards
put stuffedduck in pan,put the yellow toy duck in the pot,0.9884732413649313,,search_boards
put stuffedduck in pan,put stuffedduck in pan,0.9924893007516826,,search_boards
put stuffedduck in pan,place the yellow duck in the pan,0.9947460213553958,,search_boards
put stuffedduck in pan,put the yellow duck in the pan,0.9947531156546893,,search_boards
put stuffedduck in pan,place yellow duck in pot,0.9947660971308533,,search_boards
put sushi in pot or pan,move the red sushi into the metal pot,0.9772283056004153,,search_boards
put sushi in pot or pan,place the red sushi in the pot,0.9789100836072937,,search_boards
put sushi in pot or pan,put red sushi in the silver pot,0.9822278096124094,,search_boards
put sushi in pot or pan,put red sushi inside the metal pot,0.9824047729168685,,search_boards
put sushi in pot or pan,put sushi in pot or pan,0.9903340202120113,,search_boards
put sushi in pot or pan,place the sushi in the pot,0.9947300242767051,,search_boards
put sushi in pot or pan,put the sushi inside the metal pot,0.9947418786086589,,search_boards
put sushi in pot or pan,put the red sushi in the pot,0.9947578398930065,,search_boards
put sushi in pot or pan,place the red sushi inside the pot,0.9947719872354062,,search_boards
put sweet potato in pan which is on stove,put sweet potato in pot,0.8292380469198976,,search_boards
put sweet potato in pan which is on stove,put the sweet potato into the silver pan,0.855643716662966,,search_boards
put sweet potato in pan which is on stove,place sweet potato in the metal pot,0.8578387454821009,,search_boards
put sweet potato in pan which is on stove,put the sweet potato into the silver pot,0.8683989922499462,,search_boards
put sweet potato in pan which is on stove,put the sweet potato into the metal pan,0.8721936137467664,,search_boards
put sweet potato in pan which is on stove,place the sweet potato into the silver pot,0.8856715861894509,,search_boards
put sweet potato in pan which is on stove,place the sweet potato in the silver pot,0.9705810153575801,,search_boards
put sweet potato in pan which is on stove,put the sweet potato in the silver pot,0.9762512173083862,,search_boards
put sweet potato in pan which is on stove,put the sweet potato in the silver metal pot,0.9788820227448297,,search_boards
put sweet potato in pan which is on stove,put sweet potato in pan which is on stove,0.9805566484876587,,search_boards
put sweet potato in pan which is on stove,put the sweet potato in the silver pan,0.9830804246338658,,search_boards
put sweet potato in pot,place the sweet potato in the pot,0.98213668799006,,search_boards
put sweet potato in pot,place the sweet potato inside the pot,0.9825664378992625,,search_boards
put sweet potato in pot,place the sweet potato into the pot,0.9826013047873923,,search_boards
put sweet potato in pot,put sweet potato in pot,0.9843961539503759,,search_boards
put sweet potato in pot,put sweet potato into the pot,0.9947270565423532,,search_boards
put sweet potato in pot which is in sink,put sweet potato in pot which is in sink,0.9660420719529254,,search_boards
put sweet potato in pot which is in sink,place the sweet potato in the silver pot inside the sink,0.9678962807922188,,search_boards
put sweet potato in pot which is in sink,put the sweet potato inside the silver pot inside the sink,0.9699606701097633,,search_boards
put sweet potato in pot which is in sink,place the sweet potato in the metal pot inside the sink,0.9699705628335437,,search_boards
put sweet potato in pot which is in sink,put the sweet potato in the pot inside the sink,0.9742780027060297,,search_boards
put sweet potato in pot which is in sink,put the sweet potato in the metal pot inside the sink,0.984857027277196,,search_boards
put sweet potato in pot which is in sink,put the orange sweet potato in the silver pot,0.9848738992383264,,search_boards
put sweet potato in pot which is in sink,place the orange sweet potato in the metal pot,0.9849663646857215,,search_boards
put the ball in the cup,stack the yellow block on the blue block,0.7874070311684643,,search_boards
put the ball in the cup,stack yellow block on top of blue block,0.8550414785310563,,search_boards
put the ball in the cup,place the yellow block on top of the blue block,0.8644826892325004,,search_boards
put the ball in the cup,put the ball in the cup,0.9862054246631865,,search_boards
put the blue figure on the top edge of the cloth,place the blue block at the top edge of the towel,0.8406983872561486,,search_boards
put the blue figure on the top edge of the cloth,put the blue block at the top edge of the cloth,0.8422836787557849,,search_boards
put the blue figure on the top edge of the cloth,place the blue block on the top edge of the cloth,0.9089358411089854,,search_boards
put the blue figure on the top edge of the cloth,place the blue block onto the top edge of the cloth,0.9381361069891102,,search_boards
put the blue figure on the top edge of the cloth,put the blue figure on the top edge of the cloth,0.9895862147024909,,search_boards
put the blue figure on the top edge of the cloth,place the blue block on the upper edge of the cloth,0.9947907912957509,,search_boards
put the blue figure on the top edge of the cloth,put the blue block on the top section of the cloth,0.9947989969012595,,search_boards
put the silver lid on the silver pot,put the silver lid on the silver bowl,0.985949018626057,,search_boards
put the silver lid on the silver pot,put the silver lid on the metal pot,0.9865386318161828,,search_boards
put the silver lid on the silver pot,put the silver lid on top of the pot,0.9882203351835669,,search_boards
put the silver lid on the silver pot,put the lid on the metal pot,0.9884046861017617,,search_boards
put the silver lid on the silver pot,put the silver lid on the silver pot,0.9890123728410322,,search_boards
put the silver lid on the silver pot,place the silver lid on the metal bowl,0.9947784587348795,,search_boards
put the yellow duck in the drawer,get the yellow cloth out,0.8728231779158474,,search_boards
put the yellow duck in the drawer,take the yellow rag out of the dryer,0.9154605644214071,,search_boards
put the yellow duck in the drawer,take the yellow cloth,0.9363789218082468,,search_boards
put the yellow duck in the drawer,pick up the yellow cloth,0.9505828050991344,,search_boards
put the yellow duck in the drawer,put the yellow duck in the drawer,0.9886320736748139,,search_boards
put the yellow duck in the drawer,take out the yellow cloth,0.9947755181326557,,search_boards
right pepper shaker,put the grey shaker next to the dial,0.9529264692356049,,search_boards
right pepper shaker,move the grey shaker next to the dial,0.9559573058562668,,search_boards
right pepper shaker,put the grey shaker next to the stove dial,0.9705583825191577,,search_boards
right pepper shaker,put the grey shaker on the right,0.9836724874940542,,search_boards
right pepper shaker,right pepper shaker,0.9867977013412396,,search_boards
right pepper shaker,move the grey bottle to the top right,0.9947098108717811,,search_boards
right pepper shaker,move the grey container to the right,0.9947223047092444,,search_boards
sweep into pile,brush the black beans into a heap,0.9910847958945866,,search_boards
sweep into pile,brush the black beans into a pile,0.9917943397625208,,search_boards
sweep into pile,sweep all the beans together,0.9924308558834112,,search_boards
sweep into pile,sweep into pile,0.9927683756665033,,search_boards
sweep into pile,sweep the black beans into one heap,0.9929012362361729,,search_boards
sweep into pile,sweep the coffee beans together,0.9946913138002053,,search_boards
sweep into pile,sweep the beans to the center,0.9947026583320054,,search_boards
take banana out of colander,grab the banana and remove it from the colander,0.9879025697588627,,search_boards
take banana out of colander,grab the banana and take it out of the colander,0.9892665029230228,,search_boards
take banana out of colander,get the banana and remove it from the colander,0.9893860312803142,,search_boards
take banana out of colander,get the yellow banana out of the colander,0.9897218131010401,,search_boards
take banana out of colander,take banana out of colander,0.9908497451767245,,search_boards
take banana out of colander,remove the banana from the colander,0.9947038510896045,,search_boards
take banana out of colander,pick up the banana out of the colander,0.9947080236379134,,search_boards
take banana out of colander,get the banana out of the colander,0.9947217104306884,,search_boards
take beet from pot sink,lift beet from pot sink,0.9891893070220249,,search_boards
take beet from pot sink,take beet from orange pot sink,0.9910847958945866,,search_boards
take beet from pot sink,take the beet from pot sink,0.9916793186745477,,search_boards
take beet from pot sink,take beet from pot sink,0.9918713599712642,,search_boards
take beet from pot sink,take the beet out of the pot in the sink,0.9936910056250381,,search_boards
take beet from pot sink,take the beet from the orange cup in the sink,0.9936973890707836,,search_boards
take beet from pot sink,pick up the beet from the pot inside the sink,0.993698097946253,,search_boards
take broccoli out of pan,pick up the green broccoli from the pot,0.9865791584932102,,search_boards
take broccoli out of pan,grab the broccoli from the pot,0.9878306622180842,,search_boards
take broccoli out of pan,grab the green broccoli from the pot,0.9882045126665957,,search_boards
take broccoli out of pan,take broccoli out of pan,0.989353889004759,,search_boards
take broccoli out of pan,lift the green broccoli from the pot,0.9894180775512552,,search_boards
take broccoli out of pan,pick up the broccoli from the pot,0.9894865943745608,,search_boards
take broccoli out of pan,remove the green broccoli from the pot,0.9895112938069405,,search_boards
take broccoli out of pan,remove broccoli from metal pot,0.989527728190792,,search_boards
take clothes out of laundry machine,pull cloth out of washing machine,0.9901723310886483,,search_boards
take clothes out of laundry machine,remove cloth from washing machine,0.9903589099712272,,search_boards
take clothes out of laundry machine,remove white cloth from washing machine,0.9903923566453957,,search_boards
take clothes out of laundry machine,remove the cloth from the washing machine,0.9913372224666969,,search_boards
take clothes out of laundry machine,take clothes out of laundry machine,0.9931489555004515,,search_boards
take clothes out of laundry machine,take the cloth out of the dryer,0.9947907912957509,,search_boards
take clothes out of laundry machine,take cloth out of dryer,0.9947978254595966,,search_boards
take corn out of bowl sink,take corn from blue bowl,0.9828339162034807,,search_boards
take corn out of bowl sink,take the corn out of the blue cup,0.9829860281243163,,search_boards
take corn out of bowl sink,take corn out of bowl sink,0.9867415460748424,,search_boards
take corn out of bowl sink,take corn out of bowl,0.9875290322111399,,search_boards
take corn out of bowl sink,take corn out of the blue bowl,0.9895581816230231,,search_boards
take corn out of bowl sink,get the corn from the blue bowl,0.9895897135972543,,search_boards
take cucumber out of cup,pull the green cucumber out of the red cup,0.9896374154051981,,search_boards
take cucumber out of cup,pull the green cucumber out of the cup,0.9898442914672169,,search_boards
take cucumber out of cup,pick up the cucumber from inside the cup,0.9917416643066209,,search_boards
take cucumber out of cup,pull the cucumber out of the cup,0.9922614962601474,,search_boards
take cucumber out of cup,take cucumber out of cup,0.9927829886839596,,search_boards
take cucumber out of cup,lift the green cucumber out of the cup,0.9947960678049564,,search_boards
take cucumber out of cup,take the cucumber out of the red cup,0.994798411213233,,search_boards
take cup off plate,remove orange cup from plate,0.9847537063286509,,search_boards
take cup off plate,take orange cup off yellow plate,0.9864919523154303,,search_boards
take cup off plate,take orange cup off plate,0.9873111002906885,,search_boards
take cup off plate,grab the orange cup off the plate,0.9879039224630279,,search_boards
take cup off plate,take cup off plate,0.9885439600655469,,search_boards
take cup off plate,pick up the orange cup off the plate,0.9908219943466176,,search_boards
take cup off plate,grab the orange cup from the plate,0.9911316799693715,,search_boards
take cup off plate,remove the orange cup from the yellow plate,0.9921977883697165,,search_boards
take cup off plate,take the orange cup off the yellow plate,0.9922996459515132,,search_boards
take cup off plate,remove orange cup from yellow plate,0.9923539447003551,,search_boards
take cup off plate,take the orange cup away from the yellow plate,0.9924189425420912,,search_boards
take lid off pot or pan,remove the metal lid from the pot,0.9716040771719454,,search_boards
take lid off pot or pan,remove the lid of the silver pot,0.9733838493127867,,search_boards
take lid off pot or pan,take off the metal lid from the pot,0.9745910025794194,,search_boards
take lid off pot or pan,take the metal lid off the pot,0.9772207476751757,,search_boards
take lid off pot or pan,take lid off pot or pan,0.9849864648760076,,search_boards
take lid off pot or pan,take the lid off the silver pot,0.9946757505346366,,search_boards
take lid off pot or pan,take off the lid of the silver pot,0.9946787469907223,,search_boards
take spatula off plate sink,take the green spatula from the plate,0.9780132709913387,,search_boards
take spatula off plate sink,take the green spatula off the plate,0.9785138907760276,,search_boards
take spatula off plate sink,grab the green spatula off the plate,0.9788234452366094,,search_boards
take spatula off plate sink,pick up the green spatula off the plate,0.9802741079016125,,search_boards
take spatula off plate sink,take spatula off plate sink,0.9855063472071205,,search_boards
take spatula off plate sink,remove the spatula from the yellow plate,0.9947187380393342,,search_boards
take spatula off plate sink,lift the green spatula off the plate,0.994734176313742,,search_boards
take spatula off plate sink,grab the spatula from the plate,0.994735362012264,,search_boards
take sushi off plate,grab the sushi up from the green plate,0.9871627718524913,,search_boards
take sushi off plate,pick the sushi up from the green plate,0.9906997312028607,,search_boards
take sushi off plate,pick up the sushi from the green plate,0.9908466658610904,,search_boards
take sushi off plate,pick the sushi up off the green plate,0.9911545341117438,,search_boards
take sushi off plate,take sushi off plate,0.9915218810660794,,search_boards
take sushi off plate,pick up the sushi on the plate,0.9947649183180459,,search_boards
take sushi off plate,grab the sushi off the plate,0.9947725758830831,,search_boards
take sushi off plate,grab the sushi from the green plate,0.9947849222655987,,search_boards
take sushi out of pan,pick up the red piece from the pot,0.9719085303124027,,search_boards
take sushi out of pan,take the red sushi out of the pot,0.9871124697565996,,search_boards
take sushi out of pan,remove the red sushi from the pot,0.9889926744899276,,search_boards
take sushi out of pan,take sushi out of pan,0.9896013681808925,,search_boards
take sushi out of pan,remove the red piece from the pot,0.990344849655219,,search_boards
take sushi out of pan,take the red sushi out of the silver pot,0.9945942087663122,,search_boards
take sushi out of pan,grasp the red sushi from the pot and set it down,0.994609402239553,,search_boards
take sushi out of pot cardboard fence,grasp the red pepper and move it onto the counter,0.9914454190543521,,search_boards
take sushi out of pot cardboard fence,grasp the red pepper and set it down on the counter,0.9917869668660418,,search_boards
take sushi out of pot cardboard fence,grasp the red pepper and place it on the counter,0.9918941438915766,,search_boards
take sushi out of pot cardboard fence,grasp the red pepper and put it on the counter,0.9919404268672277,,search_boards
take sushi out of pot cardboard fence,take sushi out of pot cardboard fence,0.9922379934387354,,search_boards
take sushi out of pot cardboard fence,grab the red pepper and move it outside the cardboard wall,0.9947014653072135,,search_boards
take sushi out of pot cardboard fence,place the red pepper outside the wooden cutting tray,0.9947038510896045,,search_boards
take sushi out of pot cardboard fence,pick up the red pepper and set it down on the right,0.9947110020274667,,search_boards
take the eggplant and put it between the two right burners,move the purple eggplant to the back right side of the desk,0.9274643702532714,,search_boards
take the eggplant and put it between the two right burners,grasp the purple eggplant and put it on the back right of the table,0.931463306241731,,search_boards
take the eggplant and put it between the two right burners,grab the purple eggplant and move it to the back right of the desk,0.9398734690543158,,search_boards
take the eggplant and put it between the two right burners,grasp the eggplant and place it on the empty space near the back,0.9521073617155638,,search_boards
take the eggplant and put it between the two right burners,take the eggplant and put it between the two right burners,0.9902862275943942,,search_boards
take the eggplant and put it between the two right burners,move the purple eggplant to the top right section of the table,0.9947223047092444,,search_boards
take the eggplant and put it between the two right burners,pick up the purple eggplant and place it near the back right corner of the table,0.9947300242767051,,search_boards
topple basil bottle cardboard fence,knock over the red jar on the left,0.9754673051519455,,search_boards
topple basil bottle cardboard fence,push over the red jar,0.9768959841025263,,search_boards
topple basil bottle cardboard fence,push over the red bottle on the left,0.9841632144297521,,search_boards
topple basil bottle cardboard fence,topple the red bottle on the left,0.986328076599429,,search_boards
topple basil bottle cardboard fence,topple basil bottle cardboard fence,0.9888388236033189,,search_boards
topple basil bottle cardboard fence,push the red bottle over,0.9947115975052637,,search_boards
topple basil bottle cardboard fence,tip over the red jar,0.9947139787496532,,search_boards
topple hot sauce bottle cardboard fence,topple the red bottle on the table,0.9879120355510949,,search_boards
topple hot sauce bottle cardboard fence,tip over the red bottle,0.989454753388318,,search_boards
topple hot sauce bottle cardboard fence,knock over the red bottle in the tray,0.9894582959818331,,search_boards
topple hot sauce bottle cardboard fence,topple hot sauce bottle in cardboard fence,0.9908774128713288,,search_boards
topple hot sauce bottle cardboard fence,topple hot sauce bottle cardboard fence,0.9911862341082526,,search_boards
topple hot sauce bottle cardboard fence,topple hot sauce bottle,0.991405003228542,,search_boards
turn faucet front to left,turn faucet front to left,0.991028613238988,,search_boards
turn faucet front to left,turn faucet lever to the left,0.9912188068024405,,search_boards
turn faucet front to left,turn silver faucet lever to the left,0.991599551420185,,search_boards
turn faucet front to left,push the faucet lever left,0.9925347276195449,,search_boards
turn faucet front to left,push faucet lever left,0.9927667501858428,,search_boards
turn faucet front to left,push the faucet lever to the left,0.9946883243828389,,search_boards
turn faucet front to left,rotate the faucet lever to the left,0.9947020618530121,,search_boards
turn faucet left,turn faucet left,0.9943864597304801,,search_boards
turn faucet left,rotate the faucet handle leftward,0.9943946677627842,,search_boards
turn faucet left,push faucet to the left,0.9944173354678646,,search_boards
turn faucet left,turn faucet handle to the left,0.9944179638234555,,search_boards
turn faucet left,rotate the faucet left,0.9944192203236625,,search_boards
turn faucet left,rotate faucet handle left,0.9944217324803958,,search_boards
turn faucet left,rotate faucet left,0.9944361555747113,,search_boards
turn faucet left,rotate faucet to the left,0.9944767163113036,,search_boards
turn faucet right,rotate faucet knob to the right,0.994618497929482,,search_boards
turn faucet right,rotate the metal faucet to the right,0.9946209208677477,,search_boards
turn faucet right,rotate faucet handle rightwards,0.9946372473457599,,search_boards
turn faucet right,turn faucet right,0.9946493092484281,,search_boards
turn faucet right,rotate faucet clockwise,0.9946511162049964,,search_boards
turn faucet right,rotate the faucet clockwise,0.9946511162049964,,search_boards
turn faucet right,rotate the metallic faucet knob to the right,0.9946871281471121,,search_boards
turn faucet right,rotate silver faucet knob clockwise,0.9946931066472984,,search_boards
turn lever vertical to front,[dry-run:gemini] 621dc73ae4ca,0.2078973924918147,,loop_gemini
turn lever vertical to front,rotate the silver handle forward,0.9780813205236274,,search_boards
turn lever vertical to front,point the silver handle forward,0.9816680454036009,,search_boards
turn lever vertical to front,turn the silver handle forward,0.9828300963350791,,search_boards
turn lever vertical to front,pull the silver handle forward,0.9836470161965094,,search_boards
turn lever vertical to front,turn lever vertical to front,0.9861977229949077,,search_boards
turn lever vertical to front,turn the silver faucet handle to the front,0.9898329063500404,,search_boards
turn lever vertical to front,turn the silver handle on the faucet forward,0.9914204220052131,,search_boards
turn lever vertical to front,rotate the faucet lever to the vertical position,0.9917731249731191,,search_boards
turn lever vertical to front,point the faucet lever forward,0.9933178332110139,,search_boards
turn lever vertical to front,turn the faucet lever forward,0.9936361284420603,,search_boards
turn lever vertical to front,turn the faucet handle forward,0.9936860362816771,,search_boards
unfold the cloth from bottom left to top right,open up the blue cloth,0.9598787073575346,,search_boards
unfold the cloth from bottom left to top right,unfold the light blue cloth,0.9635240258790565,,search_boards
unfold the cloth from bottom left to top right,unfold the cloth diagonally,0.9663820399804989,,search_boards
unfold the cloth from bottom left to top right,unfold the cloth from bottom left to top right,0.9909314827035143,,search_boards
unfold the cloth from bottom right to top left,open up the yellow cloth from bottom right to top left,0.9861266684282871,,search_boards
unfold the cloth from bottom right to top left,unfold the yellow cloth starting from bottom right to top left,0.9863448569221681,,search_boards
unfold the cloth from bottom right to top left,unfold the yellow cloth towards the top left,0.9863585711689608,,search_boards
unfold the cloth from bottom right to top left,unfold the yellow cloth from bottom right to top left,0.9884370735529489,,search_boards
unfold the cloth from bottom right to top left,unfold the cloth from bottom right to top left,0.9885772412775583,,search_boards
unfold the cloth from bottom to top,[dry-run:gemini] fbd89ec11076,0.2408364013490311,,loop_gemini
unfold the cloth from bottom to top,flatten the orange rag from bottom to top,0.972170027846838,,search_boards
unfold the cloth from bottom to top,open up the orange towel from bottom to top,0.9726498366001498,,search_boards
unfold the cloth from bottom to top,open up the orange cloth from bottom to top,0.9753069772274993,,search_boards
unfold the cloth from bottom to top,open up the cloth from bottom to top,0.9802675404657357,,search_boards
unfold the cloth from bottom to top,unfold the cloth from bottom to top,0.9900904852034572,,search_boards
unfold the cloth from bottom to top,unfold orange cloth from bottom to top,0.9946069741409993,,search_boards
unfold the cloth from bottom to top,flatten the orange cloth from bottom to top,0.9946087953168657,,search_boards
unfold the cloth from left to right,open up the cloth from left to right,0.9733691825145745,,search_boards
unfold the cloth from left to right,open up the yellow cloth to the right,0.9747558588910954,,search_boards
unfold the cloth from left to right,open the yellow cloth from left to right,0.9811852540064803,,search_boards
unfold the cloth from left to right,open up the yellow cloth from left to right,0.9813682625674618,,search_boards
unfold the cloth from left to right,unfold the cloth from left to right,0.9894512096169887,,search_boards
unfold the cloth from left to right,unfold the yellow towel to the right,0.9895195141860789,,search_boards
unfold the cloth from left to right,unfold the yellow cloth from left to right,0.9895464791480284,,search_boards
unfold the cloth from right to left,spread the orange rag to the left,0.9774912953482229,,search_boards
unfold the cloth from right to left,spread the orange cloth to the left,0.9805695926187098,,search_boards
unfold the cloth from right to left,spread the orange cloth leftward,0.9819851332778502,,search_boards
unfold the cloth from right to left,spread out the orange cloth to the left,0.9833623884275092,,search_boards
unfold the cloth from right to left,unfold the cloth from right to left,0.9893990987416073,,search_boards
unfold the cloth from right to left,spread out the orange cloth from right to left,0.9947104064829748,,search_boards
unfold the cloth from right to left,unfold the orange cloth to the left,0.9947169538053968,,search_boards
unfold the cloth from right to left,unfold the orange rag,0.9947223047092444,,search_boards
unfold the cloth from right to left,spread the orange cloth from right to left,0.9947507519476365,,search_boards
unfold the cloth from top left to bottom right,unfold the blue cloth from the top left corner to the bottom right,0.9592196913243636,,search_boards
unfold the cloth from top left to bottom right,unfold the cloth diagonally from top left to bottom right,0.975271513670589,,search_boards
unfold the cloth from top left to bottom right,unfold the cloth from the top left to the bottom right,0.975451047079947,,search_boards
unfold the cloth from top left to bottom right,unfold the cloth from top left toward bottom right,0.9820011456613772,,search_boards
unfold the cloth from top left to bottom right,unfold the cloth from top left to bottom right corner,0.9854415327586168,,search_boards
unfold the cloth from top left to bottom right,unfold the cloth from top-left to bottom-right,0.9868638975761517,,search_boards
unfold the cloth from top left to bottom right,unfold the cloth from top left to bottom right,0.9874521278367051,,search_boards
unfold the cloth from top right to bottom left,unfold the blue fabric from the top right corner,0.9809751490930363,,search_boards
unfold the cloth from top right to bottom left,pull open the blue cloth from top right to bottom left,0.9834381474019175,,search_boards
unfold the cloth from top right to bottom left,unfold the blue fabric starting from the top right,0.9880156776155153,,search_boards
unfold the cloth from top right to bottom left,unfold the blue cloth starting from the top right,0.9881131248481457,,search_boards
unfold the cloth from top right to bottom left,unfold the blue cloth downwards and to the left,0.9910135048301897,,search_boards
unfold the cloth from top right to bottom left,unfold the cloth from top right to bottom left,0.9926997922741639,,search_boards
unzip zipper bag,unzip the small black protective case,0.9681345946150463,,search_boards
unzip zipper bag,unzip the black protective case,0.9799586658162149,,search_boards
unzip zipper bag,unzip the black carrying case,0.9872000136315441,,search_boards
unzip zipper bag,pull the zipper on the black protective case,0.9897551518453302,,search_boards
unzip zipper bag,unzip zipper bag,0.9898885729817911,,search_boards
unzip zipper bag,unzip the small black bag,0.9947401021512463,,search_boards
unzip zipper bag,pull open the zipper on the black bag,0.9947412865225093,,search_boards
upright basil bottle cardboard fence,stand up the red spice bottle,0.8805903090581765,,search_boards
upright basil bottle cardboard fence,stand up the spice bottle,0.8916508881430674,,search_boards
upright basil bottle cardboard fence,stand up the red container,0.9027692427843828,,search_boards
upright basil bottle cardboard fence,stand up the red plastic bottle,0.9085791865423837,,search_boards
upright basil bottle cardboard fence,upright basil bottle cardboard fence,0.9859678237108324,,search_boards
upright basil bottle cardboard fence,stand up the red jar,0.994734769196203,,search_boards
upright basil bottle cardboard fence,make the red bottle stand up,0.9947371400621228,,search_boards
upright basil bottle cardboard fence,stand upright the red bottle,0.9947448380448813,,search_boards
upright basil bottle cardboard fence,stand up the red bottle,0.9947466129112589,,search_boards
upright hot sauce bottle cardboard fence,place the red bottle standing up in the tray,0.9797014086465304,,search_boards
upright hot sauce bottle cardboard fence,set the red bottle standing up,0.9812811364389625,,search_boards
upright hot sauce bottle cardboard fence,stand up the red bottle in the tray,0.9852322016505344,,search_boards
upright hot sauce bottle cardboard fence,set the red sauce bottle upright,0.9864148093951335,,search_boards
upright hot sauce bottle cardboard fence,upright hot sauce bottle cardboard fence,0.9889729412178417,,search_boards
upright hot sauce bottle cardboard fence,stand up the red sauce bottle inside the box,0.994726462796026,,search_boards
upright hot sauce bottle cardboard fence,pick up and place the hot sauce bottle upright,0.9947323972678872,,search_boards
upright hot sauce bottle cardboard fence,place the red bottle standing up,0.9947401021512463,,search_boards
upright hot sauce bottle cardboard fence,set the red sauce bottle standing up,0.9947406943700408,,search_boards
wipe pot with sponge,[dry-run:gemini] a37748b5edd5,0.900518987315776,,loop_gemini
wipe pot with sponge,use the yellow sponge to wipe the pot,0.9903199239522161,,search_boards
wipe pot with sponge,wipe pot with sponge,0.9906190808104188,,search_boards
wipe pot with sponge,use the yellow sponge to clean off the pot,0.9906505850892451,,search_boards
wipe pot with sponge,use the yellow sponge to wipe down the pot,0.9907641709774656,,search_boards
wipe pot with sponge,use the yellow sponge to wipe off the pot,0.9908784360073809,,search_boards
wipe pot with sponge,clean the pot with the yellow sponge,0.9946233427210199,,search_boards
wipe pot with sponge,use the sponge to wipe the pot,0.9946342276468307,,search_boards
wipe pot with sponge,use the yellow sponge to clean the pot,0.9946763499600881,,search_boards
zip zipper bag,zip up the black pouch,0.990501598004385,,search_boards
zip zipper bag,zip up the round black pouch,0.9910296195708088,,search_boards
zip zipper bag,zip the round black pouch,0.9911227211226983,,search_boards
zip zipper bag,zip the black pouch closed,0.9915948356871366,,search_boards
zip zipper bag,zip zipper bag,0.9929012362361729,,search_boards
zip zipper bag,zip up the black case,0.9947666864382371,,search_boards
zip zipper bag,close the zipper on the black bag,0.9947690430078091,,search_boards
