task,phrase,kind,base_kind,score,logit,z,grip,proxy_imputed,n_ctx,source
Close the drawer,"If it is not too much of an imposition, and assuming you have no further need to access its contents, I would greatly appreciate it if you could apply forward pressure to the protruding storage cavity to return it to a completely flush state.",adversarial,,0.0,2.5492,-7.6667,0.1913,False,64,generated_adversarial
Close the drawer,"In order to restore the exterior profile of the cabinetry, kindly exert a steady inward force against the front fascia of the protruding sliding compartment until its tracks are entirely retracted into the housing.",adversarial,,0.1127433188467089,3.1765,-6.9788,0.1629,False,64,generated_adversarial
Close the drawer,"With the objective of minimizing the spatial footprint of the current workspace, exert sufficient inward force upon the extended sliding receptacle to render it entirely sealed.",adversarial,,0.1328569025060799,3.2884,-6.4503,0.1738,False,64,generated_adversarial
Close the drawer,"Regarding the sliding wooden receptacle that is currently extended outwards, execute the necessary mechanical motion to push it entirely back into its surrounding frame so that it remains definitively shut.",adversarial,,0.2454270202000255,3.9147,-6.1707,0.1295,False,64,generated_adversarial
Close the drawer,Make sure the sliding compartment is fully pushed in.,natural,,0.5831043391340544,5.7934,-3.2628,0.0777,False,64,generated_natural
Close the drawer,Give the open drawer a push until it shuts.,natural,,0.8161363411234099,7.0898,-0.8416,0.0582,False,64,generated_natural
Close the drawer,Slide the wooden drawer shut.,natural,,0.8441326684545384,7.2456,-0.5595,0.0555,False,64,generated_natural
Close the drawer,Could you push the drawer back in?,natural,,0.8681883099391844,7.3794,-0.3071,0.0536,False,64,generated_natural
Close the drawer,close the toy drawer,search,,0.8723229302753823,7.4024,-0.2384,0.0543,False,64,search_boards
Close the drawer,Pop the drawer closed for me.,natural,,0.9059353129801276,7.5895,-0.0171,0.0465,False,64,generated_natural
Close the drawer,close the wooden drawer,search,,0.9080600356392918,7.6013,0.2102,0.0543,False,64,search_boards
Close the drawer,Go ahead and close up that drawer.,natural,,0.9118104438557872,7.6221,0.1027,0.0483,False,64,generated_natural
Close the drawer,push the drawer in,search,,0.9391978295457676,7.7745,0.4886,0.05,False,64,search_boards
Close the drawer,Please close the drawer all the way.,natural,,0.9399139678822922,7.7785,0.5164,0.0507,False,64,generated_natural
Close the drawer,close the drawer using its handle,search,,0.94178981664505,7.7889,0.4852,0.0486,False,64,search_boards
Close the drawer,Shut the drawer.,natural,,0.9431601075239664,7.7966,0.5786,0.0516,False,64,generated_natural
Close the drawer,Close the drawer,original,,1.0,8.1128,0.9076,0.0365,False,64,search_boards
Fold the cloth from bottom left to top right,"Provided your manipulators are unencumbered, grasp the quadrant of the fabric occupying the furthest position down and to the left, and transport it over to the diametrically opposed upper right sector so as to halve its overall footprint.",adversarial,,0.0,-0.9997,-9.2328,0.4434,False,64,generated_adversarial
Fold the cloth from bottom left to top right,"Initiate a structural halving of the pliable material positioned before you by seizing the extremity situated furthest down and to the left, subsequently arcing it across the diagonal axis until it aligns perfectly with the uppermost rightward boundary.",adversarial,,0.123157700204266,0.0871,-8.1325,0.3906,False,64,generated_adversarial
Fold the cloth from bottom left to top right,"In order to minimize the exposed surface area of the flexible material before you, kindly elevate its bottommost left extremity and overlay it directly upon the uppermost right boundary.",adversarial,,0.5094428418561304,3.4956,-4.7418,0.2226,False,64,generated_adversarial
Fold the cloth from bottom left to top right,Pull the lower left part of the wiping cloth across to the upper right.,natural,,0.5478835088445005,3.8348,-4.9243,0.1855,False,64,generated_natural
Fold the cloth from bottom left to top right,"Should you be ready to proceed, I require you to execute a diagonal crease upon the woven textile by elevating the extremity situated in the lower left and depositing it squarely upon the upper right limit.",adversarial,,0.5975942506256017,4.2734,-4.3988,0.1674,False,64,generated_adversarial
Fold the cloth from bottom left to top right,Grab the lower left of the fabric and bring it up to the upper right corner.,natural,,0.6120356976001352,4.4009,-4.139,0.1663,False,64,generated_natural
Fold the cloth from bottom left to top right,fold the blue cloth diagonally towards the top right,search,,0.6738062569529365,4.9459,-3.0704,0.1601,False,64,search_boards
Fold the cloth from bottom left to top right,Pick up the bottom left corner of the cloth and drop it onto the top right.,natural,,0.675287305546955,4.959,-3.0379,0.1602,False,64,generated_natural
Fold the cloth from bottom left to top right,Match the bottom left corner of the cloth to the top right one.,natural,,0.6991587613022681,5.1696,-2.4286,0.1655,False,64,generated_natural
Fold the cloth from bottom left to top right,"Fold that rag diagonally, moving the bottom left over to the top right.",natural,,0.7427045544080894,5.5539,-2.1811,0.1413,False,64,generated_natural
Fold the cloth from bottom left to top right,fold the blue cloth diagonally from bottom-left to top-right,search,,0.8094906667003527,6.1432,-1.4217,0.1191,False,64,search_boards
Fold the cloth from bottom left to top right,Bring the bottom-left of the towel up to the top-right to fold it.,natural,,0.8265535106476818,6.2937,-1.7859,0.0915,False,64,generated_natural
Fold the cloth from bottom left to top right,fold the bottom left of the blue towel up to the top right,search,,0.8620020294269539,6.6065,-1.0376,0.0932,False,64,search_boards
Fold the cloth from bottom left to top right,Take the bottom left corner of the cloth and fold it over to the top right.,natural,,0.8709938422185243,6.6859,-0.9733,0.0887,False,64,generated_natural
Fold the cloth from bottom left to top right,Please fold the material by placing the bottom left corner onto the top right.,natural,,0.8778764085511236,6.7466,-0.8172,0.0895,False,64,generated_natural
Fold the cloth from bottom left to top right,fold the blue cloth from bottom left corner to top right,search,,0.9058197508931194,6.9932,-0.1846,0.0926,False,64,search_boards
Fold the cloth from bottom left to top right,Fold the cloth from bottom left to top right,original,,1.0,7.8242,1.0989,0.0695,False,64,search_boards
Open the drawer,"In the event that your manipulators are unencumbered, initiate a rearward translation of the track-mounted cabinetry section until it ceases to be flush with the surrounding framework.",adversarial,,0.0,3.8274,-3.8981,0.2264,False,64,generated_adversarial
Open the drawer,"Assuming no immediate obstructions present themselves, proceed to maneuver the horizontally tracked storage bin along its rails until complete interior access is granted.",adversarial,,0.1330277896495762,4.3853,-3.5386,0.1912,False,64,generated_adversarial
Open the drawer,Apply outward mechanical tension to the front of the sliding storage unit so as to transition it out of its shut position.,adversarial,,0.1345474830832122,4.3917,-4.1625,0.1662,False,64,generated_adversarial
Open the drawer,Slide out that wooden compartment.,natural,,0.2167412724764831,4.7363,-3.062,0.179,False,64,generated_natural
Open the drawer,"Provided that your workspace is clear, would you be so kind as to draw out the sliding wooden receptacle until its contents are entirely exposed?",adversarial,,0.2842765310252214,5.0195,-2.7787,0.1651,False,64,generated_adversarial
Open the drawer,Please draw the drawer outward.,natural,,0.7057096181809523,6.7868,-0.3303,0.1051,False,64,generated_natural
Open the drawer,open the toy drawer with the red face,search,,0.7228245030355088,6.8586,-0.7704,0.0815,False,64,search_boards
Open the drawer,pull open the toy drawer with the red face,search,,0.7714948065611656,7.0627,-0.4974,0.0741,False,64,search_boards
Open the drawer,I need this drawer pulled out.,natural,,0.8141577470183605,7.2416,-0.0548,0.0757,False,64,generated_natural
Open the drawer,pull the handle on the red toy drawer,search,,0.8183576607226931,7.2592,-0.1494,0.0704,False,64,search_boards
Open the drawer,Could you get the drawer open for me?,natural,,0.866880103341313,7.4627,0.443,0.0757,False,64,generated_natural
Open the drawer,use the handle to pull open the red drawer,search,,0.8705249071581628,7.4779,0.002,0.0571,False,64,search_boards
Open the drawer,pull the handle of the red drawer,search,,0.8903620547282425,7.5611,0.2211,0.0583,False,64,search_boards
Open the drawer,pull the handle to open the red toy drawer,search,,0.8978655787996234,7.5926,0.3311,0.0599,False,64,search_boards
Open the drawer,open the small red drawer,search,,0.902813803039688,7.6133,0.3203,0.0576,False,64,search_boards
Open the drawer,Make sure the drawer is fully open.,natural,,0.905301169688324,7.6238,0.7035,0.0717,False,64,generated_natural
Open the drawer,Yank that drawer all the way open for me.,natural,,0.9097096758930552,7.6423,0.5341,0.0634,False,64,generated_natural
Open the drawer,Go ahead and open up the drawer.,natural,,0.9186892508198732,7.6799,0.7608,0.069,False,64,generated_natural
Open the drawer,Pull the drawer open.,natural,,0.9446701074552324,7.7889,0.8605,0.0633,False,64,generated_natural
Open the drawer,Open the drawer,original,,1.0,8.0209,0.9984,0.0482,False,64,search_boards
Open the drawer,"If it wouldn't be an imposition, reach for the fascia of the sliding compartment and draw it outward along its runners until the enclosed void is laid completely bare.",adversarial,,,,,,True,80,generated_adversarial
close brown1fbox flap,It is imperative that the uppermost hinged portion of the umber-colored packing vessel be maneuvered downwards until it rests entirely in a shut disposition.,adversarial,,0.0,4.6248,-5.4572,0.0948,False,64,generated_adversarial
close brown1fbox flap,shut the lid on the brown box,search,,0.1406292337510484,5.1243,-2.7278,0.1578,False,64,search_boards
close brown1fbox flap,close the lid of the cardboard box,search,,0.2525148093477311,5.5218,-3.5937,0.0887,False,64,search_boards
close brown1fbox flap,close the box lid,search,,0.348618201284556,5.8631,-3.8568,0.0482,False,64,search_boards
close brown1fbox flap,close the brown box lid,search,,0.387052942110483,5.9997,-2.3976,0.0934,False,64,search_boards
close brown1fbox flap,close the left lid of the box,search,,0.4801796214823047,6.3305,-2.9667,0.0419,False,64,search_boards
close brown1fbox flap,close the left lid of the brown box,search,,0.6965674020966207,7.0991,-1.3878,0.036,False,64,search_boards
close brown1fbox flap,"Directing your attention to the earth-toned storage unit, I entreat you to rectify its open state by maneuvering the extended flap into a flush, sealed position.",adversarial,,0.8495554232105926,7.6426,-0.8182,0.0103,False,64,generated_adversarial
close brown1fbox flap,Flip down the flap on the brown carton.,natural,,0.8721505782841211,7.7229,-0.2589,0.0252,False,64,generated_natural
close brown1fbox flap,"Regarding the brown-coloured receptacle currently displaying an open appendage, it is required that you manipulate said flap until it is completely shut.",adversarial,,0.9250250725715772,7.9107,-0.2341,0.0096,False,64,generated_adversarial
close brown1fbox flap,Just fold the open flap on the brown box.,natural,,0.9255717423290152,7.9126,-0.2782,0.0077,False,64,generated_natural
close brown1fbox flap,"If it is within your operational parameters, I would be much obliged if you could manually transition the extended flap of the brown container into a closed configuration.",adversarial,,0.9409447553686257,7.9672,-0.1251,0.0088,False,64,generated_adversarial
close brown1fbox flap,Go ahead and close the brown box flap.,natural,,0.95744765002783,8.0259,0.0757,0.0116,False,64,generated_natural
close brown1fbox flap,Please fold down the flap of the brown box.,natural,,0.9603069522881834,8.036,-0.0138,0.0071,False,64,generated_natural
close brown1fbox flap,Can you shut the flap on that brown box?,natural,,0.971109552288904,8.0744,0.1308,0.0094,False,64,generated_natural
close brown1fbox flap,Close the flap on the brown box.,natural,,0.9729461242287314,8.0809,0.0601,0.0061,False,64,generated_natural
close brown1fbox flap,Shut the brown box's flap.,natural,,0.9730388698289348,8.0812,0.1226,0.0085,False,64,generated_natural
close brown1fbox flap,Push the flap of the brown box closed.,natural,,0.9753458701347264,8.0894,0.0918,0.0066,False,64,generated_natural
close brown1fbox flap,close brown1fbox flap,original,,1.0,8.177,0.3326,0.0083,False,64,search_boards
close cabinet,"Given that we are finished retrieving items from the interior, please apply rotational force to the hinged barrier of the storage console until it sits flush against the frame.",adversarial,,0.0,5.4778,-5.8094,0.0056,False,64,generated_adversarial
close cabinet,Please manipulate the swinging exterior barrier of the built-in unit until its contents are entirely obscured from view.,adversarial,,0.0835480892494651,5.7577,-5.2079,0.0044,False,64,generated_adversarial
close cabinet,"If it is not too much trouble, please rectify the ajar status of the shelved enclosure so that its contents are once again hidden away behind the panel.",adversarial,,0.1150945716942912,5.8634,-4.9578,0.0049,False,64,generated_adversarial
close cabinet,"Assuming that access to the interior shelves is no longer required, kindly transition the storage compartment to a fully sealed state.",adversarial,,0.2637438698096247,6.3614,-3.8562,0.0042,False,64,generated_adversarial
close cabinet,Just swing the cabinet door back into its frame.,natural,,0.5448427849028236,7.3031,-1.7128,0.0052,False,64,generated_natural
close cabinet,Go ahead and shut that cupboard.,natural,,0.7195968032550711,7.8885,-0.4057,0.0048,False,64,generated_natural
close cabinet,Could you push the cupboard closed for me?,natural,,0.8435039351521413,8.3036,0.5321,0.0049,False,64,generated_natural
close cabinet,Close up the wooden storage cabinet.,natural,,0.850035900295925,8.3255,0.5762,0.0047,False,64,generated_natural
close cabinet,Push the cabinet all the way shut.,natural,,0.9115420880811014,8.5316,1.0456,0.005,False,64,generated_natural
close cabinet,shut the white cabinet door,search,,0.9117793582145894,8.5324,1.049,0.005,False,64,search_boards
close cabinet,shut the white cabinet,search,,0.938073435500376,8.6205,1.246,0.005,False,64,search_boards
close cabinet,Please close the open cabinet.,natural,,0.9388525831233008,8.6231,1.2546,0.0051,False,64,generated_natural
close cabinet,Make sure the cabinet is shut.,natural,,0.9465800950655098,8.649,1.31,0.005,False,64,generated_natural
close cabinet,shut the cabinet door,search,,0.9481948144445572,8.6544,1.3244,0.0051,False,64,search_boards
close cabinet,Shut the cabinet door.,natural,,0.9523876357237252,8.6684,1.3577,0.0051,False,64,generated_natural
close cabinet,push the cabinet door closed,search,,0.9600021437632322,8.6939,1.4198,0.0053,False,64,search_boards
close cabinet,push the cabinet door to close it,search,,0.9668340327146372,8.7168,1.4648,0.0051,False,64,search_boards
close cabinet,close cabinet,original,,1.0,8.8279,1.7202,0.0053,False,64,search_boards
close drawer of box,"While being careful not to upset the main body of the rectangular container, I would appreciate it if you could attend to the open sliding tray housed within it, guiding it steadily inward until it is entirely flush with the outer casing.",adversarial,,0.0,6.2176,-3.9001,0.0152,False,64,generated_adversarial
close drawer of box,"With respect to the six-sided container, it currently features a pull-out section that remains ajar; kindly rectify this state of affairs by applying inward force to the extension until it sits perfectly flush.",adversarial,,0.0323457404532207,6.2906,-3.9426,0.0071,False,64,generated_adversarial
close drawer of box,"Should you find the tracks to be entirely free of obstruction, I would be most grateful if you could take the sliding compartment protruding from the box and ensure it is pushed entirely shut.",adversarial,,0.2396969974766899,6.7583,-2.9562,0.0045,False,64,generated_adversarial
close drawer of box,"Assuming no further items are required to be placed inside the box, proceed to apply continuous inward pressure to its extended sliding compartment until it is restored to a fully shut state.",adversarial,,0.3143096001495051,6.9266,-2.4801,0.0083,False,64,generated_adversarial
close drawer of box,push the red wooden drawer closed,search,,0.4396586428196327,7.2093,-1.9462,0.0043,False,64,search_boards
close drawer of box,push the red drawer closed,search,,0.516755672174078,7.3832,-1.5517,0.0044,False,64,search_boards
close drawer of box,push the red drawer shut,search,,0.5280481643385051,7.4087,-1.502,0.0041,False,64,search_boards
close drawer of box,close the open red drawer,search,,0.5513255162854475,7.4612,-1.3837,0.0041,False,64,search_boards
close drawer of box,push the open red drawer closed,search,,0.5569295282863325,7.4738,-1.3467,0.0045,False,64,search_boards
close drawer of box,push the drawer in,search,,0.5803535821810352,7.5267,-1.2351,0.0042,False,64,search_boards
close drawer of box,push the open drawer in,search,,0.6195698617417538,7.6151,-1.0419,0.004,False,64,search_boards
close drawer of box,Make sure the drawer in the little box is shut.,natural,,0.7087837391571781,7.8164,-0.5873,0.004,False,64,generated_natural
close drawer of box,Could you close the drawer on the storage box?,natural,,0.7466233235243389,7.9017,-0.3856,0.0044,False,64,generated_natural
close drawer of box,Please push in the drawer on the wooden box.,natural,,0.7856178202628777,7.9897,-0.192,0.0042,False,64,generated_natural
close drawer of box,Just push the drawer back into the box.,natural,,0.8183889756835467,8.0636,-0.0319,0.004,False,64,generated_natural
close drawer of box,Slide the box drawer all the way in.,natural,,0.8281267263632982,8.0855,0.0229,0.0042,False,64,generated_natural
close drawer of box,Shut the box's drawer.,natural,,0.8431783349885368,8.1195,0.1021,0.0043,False,64,generated_natural
close drawer of box,The drawer of the box needs to be closed.,natural,,0.8784826266058061,8.1991,0.2919,0.0047,False,64,generated_natural
close drawer of box,Push the drawer on that box closed.,natural,,0.883205353600266,8.2098,0.3058,0.0043,False,64,generated_natural
close drawer of box,close drawer of box,original,,1.0,8.4732,0.8924,0.0041,False,64,search_boards
close drawer of box,"Provided you can do so without displacing the main body of the box, I require you to interface with the sliding compartment currently projecting from its facade, driving it steadily inward until it has been returned to a fully closed state.",adversarial,,,,,,True,80,generated_adversarial
close fridge,"If you would be so kind, please return the hinged barrier of the large food-chilling apparatus to its fully sealed configuration.",adversarial,,0.0,5.4374,-5.672,0.0145,False,64,generated_adversarial
close fridge,"To mitigate the egress of chilled air, I ask that you manipulate the articulated facade of the kitchen's primary cold storage chamber until no gap remains.",adversarial,,0.1106024079299024,5.771,-4.7364,0.0218,False,64,generated_adversarial
close fridge,"Given that the ambient temperature will quickly warm the contents, I require you to pivot the open barrier of the main refrigeration unit until it is completely flush.",adversarial,,0.2621472577889941,6.228,-3.8348,0.0168,False,64,generated_adversarial
close fridge,"So as to prevent the perishable items inside from spoiling, exert sufficient inward force on the open door of the refrigerator until it latches securely.",adversarial,,0.3235582220917873,6.4132,-3.3002,0.0215,False,64,generated_adversarial
close fridge,Shut the door on the large white cooling appliance.,natural,,0.3253165901993011,6.4185,-3.5906,0.0096,False,64,generated_natural
close fridge,shut the white cabinet door,search,,0.5182063307982752,7.0002,-2.3587,0.0066,False,64,search_boards
close fridge,Can you push the fridge closed for me?,natural,,0.8772226259044466,8.083,0.0409,0.0051,False,64,generated_natural
close fridge,Give the fridge door a push so it closes completely.,natural,,0.8957510438524762,8.1389,0.1595,0.0049,False,64,generated_natural
close fridge,Push the refrigerator door all the way shut.,natural,,0.9079113291485148,8.1755,0.2374,0.0047,False,64,generated_natural
close fridge,shut the white fridge,search,,0.9153434646114326,8.1979,0.2941,0.0049,False,64,search_boards
close fridge,Go ahead and close the fridge.,natural,,0.9169368023383968,8.2027,0.3073,0.005,False,64,generated_natural
close fridge,shut the fridge door,search,,0.9182153258054436,8.2066,0.3167,0.0051,False,64,search_boards
close fridge,Please shut the refrigerator door.,natural,,0.927452148767555,8.2345,0.3827,0.0052,False,64,generated_natural
close fridge,Make sure the refrigerator is shut tightly.,natural,,0.933426345138896,8.2525,0.4157,0.0049,False,64,generated_natural
close fridge,shut the fridge,search,,0.9360126594582804,8.2603,0.4355,0.005,False,64,search_boards
close fridge,Swing the fridge door shut.,natural,,0.9399587776695152,8.2722,0.4644,0.0051,False,64,generated_natural
close fridge,close the white fridge,search,,0.9802669151787768,8.3937,0.7385,0.0051,False,64,search_boards
close fridge,close the fridge,search,,0.9847723597286022,8.4073,0.7674,0.005,False,64,search_boards
close fridge,close fridge,original,,1.0,8.4532,0.8744,0.0052,False,64,search_boards
close large4fbox flaps,"In preparation for the impending dispatch protocol, I require you to interface with the exceptionally capacious corrugated cargo unit, subsequently depressing its quartet of hinged roof segments until they form a flush, impenetrable barrier over the interior payload area.",adversarial,,0.0,4.7612,-5.8043,0.0691,False,64,generated_adversarial
close large4fbox flaps,"Proceed to manipulate the foldable extensions belonging to the oversized cardboard container, maneuvering them sequentially downward until the aperture is completely obstructed.",adversarial,,0.0090311878990821,4.794,-6.8454,0.0253,False,64,generated_adversarial
close large4fbox flaps,"Assuming you are currently idle, I would greatly appreciate it if you could ensure that the uppermost articulated sections of the notably voluminous receptacle are folded into a shut configuration.",adversarial,,0.0554318076636557,4.9626,-6.1106,0.0392,False,64,generated_adversarial
close large4fbox flaps,Direct your attention to the most sizeable carton present and manipulate its uppermost hinged appendages until the opening is entirely obscured from view.,adversarial,,0.2706719696301294,5.7446,-4.2433,0.0435,False,64,generated_adversarial
close large4fbox flaps,Please fold down the flaps on that big cardboard box.,natural,,0.9268627270460212,8.1287,0.194,0.0071,False,64,generated_natural
close large4fbox flaps,Push the top flaps of the big container down into the closed position.,natural,,0.9328566377469414,8.1505,0.1841,0.0048,False,64,generated_natural
close large4fbox flaps,Close up the large box by folding its top flaps shut.,natural,,0.951724887415252,8.219,0.345,0.0051,False,64,generated_natural
close large4fbox flaps,I need the flaps on the big cardboard box to be closed.,natural,,0.9531198396312204,8.2241,0.3651,0.0054,False,64,generated_natural
close large4fbox flaps,shut the flaps of the cardboard box,search,,0.9550683761866372,8.2312,0.3636,0.0047,False,64,search_boards
close large4fbox flaps,Just fold the flaps over so the large box is closed.,natural,,0.9564990310156096,8.2364,0.3957,0.0055,False,64,generated_natural
close large4fbox flaps,close the flaps on the cardboard box,search,,0.9591900879250876,8.2462,0.4038,0.005,False,64,search_boards
close large4fbox flaps,close the flaps of the large cardboard box,search,,0.9605136218680724,8.251,0.4153,0.005,False,64,search_boards
close large4fbox flaps,close the box flaps,search,,0.9605274675298628,8.251,0.4086,0.0047,False,64,search_boards
close large4fbox flaps,Make sure all the flaps on the large box are closed.,natural,,0.9607735908654614,8.2519,0.4088,0.0047,False,64,generated_natural
close large4fbox flaps,shut the flaps on the box,search,,0.9610869007792926,8.253,0.4121,0.0047,False,64,search_boards
close large4fbox flaps,shut the flaps on the cardboard box,search,,0.9616300270370592,8.255,0.4189,0.0048,False,64,search_boards
close large4fbox flaps,Go ahead and shut the large box by folding the flaps inward.,natural,,0.9629367869049478,8.2598,0.4411,0.0052,False,64,generated_natural
close large4fbox flaps,close the flaps on the box,search,,0.9635452982893148,8.262,0.4352,0.0048,False,64,search_boards
close large4fbox flaps,Shut the flaps on the large box.,natural,,0.963961253917271,8.2635,0.4445,0.005,False,64,generated_natural
close large4fbox flaps,close large4fbox flaps,original,,1.0,8.3944,0.7612,0.0059,False,64,search_boards
close low fridge,"Assuming it is currently ajar, ensure that the lower appliance used for keeping perishables cold is returned to a firmly shut state.",adversarial,,0.0,5.3941,-5.652,0.0191,False,64,generated_adversarial
close low fridge,"Should you find the inferior food-chilling compartment currently unsealed, please engage its swinging barrier and push until it sits entirely flush with the main chassis.",adversarial,,0.1095208295989601,5.7567,-5.0703,0.0099,False,64,generated_adversarial
close low fridge,The cold storage compartment situated nearest to ground level currently requires its swinging access panel to be returned to a completely secured position.,adversarial,,0.1266915121833829,5.8136,-5.0327,0.0064,False,64,generated_adversarial
close low fridge,Would you be so kind as to seal the aperture of the refrigeration unit located closest to the floor?,adversarial,,0.477860988029047,6.9763,-2.452,0.005,False,64,generated_adversarial
close low fridge,close the lower white door,search,,0.6131776629609337,7.4244,-1.447,0.0049,False,64,search_boards
close low fridge,"The lower refrigerator is open, please shut it.",natural,,0.6220402327207036,7.4537,-1.3114,0.0076,False,64,generated_natural
close low fridge,Close the under-counter cooler.,natural,,0.6470431019829883,7.5365,-1.2031,0.0046,False,64,generated_natural
close low fridge,Please close the fridge down by your feet.,natural,,0.7598995399277827,7.9102,-0.3444,0.0053,False,64,generated_natural
close low fridge,shut the white door,search,,0.786657635769357,7.9988,-0.1643,0.0045,False,64,search_boards
close low fridge,close the cabinet below the dispenser,search,,0.7926905396204599,8.0187,-0.1275,0.0042,False,64,search_boards
close low fridge,Make sure the bottom fridge door is pushed all the way shut.,natural,,0.8293055834803873,8.14,0.1532,0.0045,False,64,generated_natural
close low fridge,shut the white cupboard door,search,,0.8336004276015511,8.1542,0.183,0.0044,False,64,search_boards
close low fridge,Can you close the lower fridge for me?,natural,,0.835284987775245,8.1598,0.2135,0.0051,False,64,generated_natural
close low fridge,close the white door,search,,0.8452573970741387,8.1928,0.2824,0.0049,False,64,search_boards
close low fridge,close the white cupboard door,search,,0.864542545596738,8.2566,0.4209,0.0047,False,64,search_boards
close low fridge,shut the lower cabinet door,search,,0.8654149971366082,8.2595,0.4223,0.0045,False,64,search_boards
close low fridge,Push the bottom fridge door closed.,natural,,0.8963702433736879,8.362,0.6653,0.005,False,64,generated_natural
close low fridge,Shut the bottom refrigerator.,natural,,0.9169725915214644,8.4302,0.8141,0.0048,False,64,generated_natural
close low fridge,Shut the low fridge.,natural,,0.9974032729457052,8.6966,1.4099,0.0047,False,64,generated_natural
close low fridge,close low fridge,original,,1.0,8.7052,1.4289,0.0047,False,64,search_boards
close microwave,"Noting that the cooking cavity where we warm our meals has been left exposed to the ambient air, please rectify this by swinging its front portal firmly shut.",adversarial,,0.0,5.8067,-4.8305,0.0149,False,64,generated_adversarial
close microwave,"Given that the appliance we use to reheat leftovers is presently ajar, I would appreciate it if you could thrust its transparent panel back into the latching mechanism.",adversarial,,0.2191916013436404,6.4021,-3.5017,0.0145,False,64,generated_adversarial
close microwave,"If it would not be too much trouble, could you kindly ensure that the hinged barrier of the electromagnetic food-heating apparatus is pushed entirely into its secured position.",adversarial,,0.3302981596425705,6.7038,-2.9226,0.0106,False,64,generated_adversarial
close microwave,"Before proceeding to any other task, I require you to manipulate the hinged visor of the high-frequency radiation oven until it clicks securely into its sealed configuration.",adversarial,,0.3518041289961726,6.7622,-2.8966,0.0065,False,64,generated_adversarial
close microwave,Shut the door of the cooking appliance for me.,natural,,0.4388397936639172,6.9986,-2.2656,0.0104,False,64,generated_natural
close microwave,"The microwave is still open, please close it.",natural,,0.4840854122604638,7.1215,-1.7334,0.0204,False,64,generated_natural
close microwave,push the wooden microwave shut,search,,0.9131950335341236,8.287,0.4975,0.0051,False,64,search_boards
close microwave,I need you to close the microwave for me.,natural,,0.92152576886339,8.3096,0.5522,0.0052,False,64,generated_natural
close microwave,shut the wooden microwave,search,,0.9452785307010132,8.3741,0.6967,0.0052,False,64,search_boards
close microwave,Can you close the door on the microwave?,natural,,0.9466197658133464,8.3778,0.7121,0.0055,False,64,generated_natural
close microwave,Make sure the microwave is completely closed.,natural,,0.950310214877696,8.3878,0.7206,0.0049,False,64,generated_natural
close microwave,Push the microwave door closed.,natural,,0.951166334206824,8.3901,0.7341,0.0052,False,64,generated_natural
close microwave,close the wooden microwave,search,,0.953988878379822,8.3978,0.754,0.0053,False,64,search_boards
close microwave,shut the white microwave door,search,,0.9552232689809028,8.4011,0.7549,0.0051,False,64,search_boards
close microwave,Swing the microwave door shut.,natural,,0.9580446305066772,8.4088,0.7698,0.005,False,64,generated_natural
close microwave,push the white microwave shut,search,,0.9641829067189674,8.4255,0.806,0.0049,False,64,search_boards
close microwave,shut the microwave door,search,,0.9739483715599532,8.452,0.8706,0.0051,False,64,search_boards
close microwave,Please shut the microwave.,natural,,0.9766864212878038,8.4594,0.8839,0.005,False,64,generated_natural
close microwave,shut the white microwave,search,,0.9767019666012812,8.4595,0.8849,0.005,False,64,search_boards
close microwave,shut the microwave,search,,0.9871712006191548,8.4879,0.951,0.0051,False,64,search_boards
close microwave,close microwave,original,,1.0,8.5227,1.0344,0.0053,False,64,search_boards
close oven,"Please direct your end-effectors to the gaping facade of the kitchen's primary thermal baking unit, and pivot its hinged transparent partition until the cavity is securely sealed.",adversarial,,0.0,5.6204,-4.991,0.0251,False,64,generated_adversarial
close oven,"Given that the primary heating chamber used for baking is currently ajar, it is imperative that you pivot its heavy glass barrier into the fully sealed position.",adversarial,,0.0182127395949771,5.6714,-4.9346,0.0228,False,64,generated_adversarial
close oven,"Without delaying any further, apply forward pressure to the drop-down barrier of the pastry-baking appliance until the interior is entirely sealed off from the room.",adversarial,,0.0339122801774381,5.7154,-4.7427,0.0265,False,64,generated_adversarial
close oven,Go ahead and close the door with the glass window.,natural,,0.043880568195388,5.7433,-4.8576,0.0195,False,64,generated_natural
close oven,"If it would not be an excessive imposition, I require you to rectify the exposed state of the large thermal appliance where the roasting happens by pushing its door entirely shut.",adversarial,,0.3167008046497889,6.5071,-3.154,0.0189,False,64,generated_adversarial
close oven,Please make sure the cooker is closed.,natural,,0.4117746056489451,6.7732,-2.1383,0.0353,False,64,generated_natural
close oven,push the open oven door until it is shut,search,,0.7816787044588257,7.8088,-0.5798,0.005,False,64,search_boards
close oven,Swing the stainless steel oven door closed.,natural,,0.82195311311862,7.9215,-0.3209,0.0052,False,64,generated_natural
close oven,shut the open oven door,search,,0.8982617304616223,8.1352,0.1579,0.0051,False,64,search_boards
close oven,push the oven door back to close it,search,,0.9003152951865965,8.1409,0.1643,0.0049,False,64,search_boards
close oven,push the open oven door shut,search,,0.905872266396172,8.1565,0.2009,0.0049,False,64,search_boards
close oven,Just grab the handle and close up the oven.,natural,,0.9120891750286594,8.1739,0.2444,0.0051,False,64,generated_natural
close oven,The oven needs to be shut now.,natural,,0.9239395776854996,8.2071,0.3224,0.0052,False,64,generated_natural
close oven,push the oven door to shut it,search,,0.924368421388606,8.2083,0.3143,0.0048,False,64,search_boards
close oven,push the oven door to close it,search,,0.930488969630479,8.2254,0.3575,0.005,False,64,search_boards
close oven,Can you close the oven for me?,natural,,0.9348694462209028,8.2377,0.3921,0.0053,False,64,generated_natural
close oven,Push the oven completely shut.,natural,,0.9487549795335248,8.2765,0.4786,0.0052,False,64,generated_natural
close oven,close the oven door completely,search,,0.9719370402699856,8.3414,0.6229,0.0052,False,64,search_boards
close oven,close the open oven door,search,,0.9720321556625402,8.3417,0.6239,0.0052,False,64,search_boards
close oven,Shut the oven door.,natural,,0.9752113443734745,8.3506,0.6503,0.0054,False,64,generated_natural
close oven,close oven,original,,1.0,8.42,0.807,0.0055,False,64,search_boards
close small4fbox flaps,Fold the top down on that little box.,natural,,0.0,4.1017,-5.7518,0.1294,False,64,generated_natural
close small4fbox flaps,"Should you possess the requisite manipulatory capabilities, I would be most obliged if you executed the necessary motions to fold shut the top sections of the extraordinarily small shipping container.",adversarial,,0.0503611157373792,4.3135,-5.0226,0.1393,False,64,generated_adversarial
close small4fbox flaps,"With regard to the diminutive corrugated receptacle situated before you, systematically articulate its uppermost foldable extensions until the internal cavity is entirely obscured.",adversarial,,0.0718203399017723,4.4037,-5.2658,0.1218,False,64,generated_adversarial
close small4fbox flaps,Please close the top of the small cardboard carton.,natural,,0.0797647012575372,4.4371,-4.6545,0.1429,False,64,generated_natural
close small4fbox flaps,"Assuming the current assembly phase requires sealing, proceed to meticulously collapse the quartet of projecting leaves atop the miniature parcel.",adversarial,,0.2111607492161931,4.9897,-5.0274,0.0794,False,64,generated_adversarial
close small4fbox flaps,"Disregarding any extraneous objects in your field of view, locate the unusually compact shipping module and sequentially depress its four uppermost hinged appendages until the interior void is completely sealed off.",adversarial,,0.2980426365108052,5.3551,-5.0057,0.048,False,64,generated_adversarial
close small4fbox flaps,shut the small box,search,,0.4289022051284223,5.9054,-4.7805,0.0082,False,64,search_boards
close small4fbox flaps,close the small box,search,,0.459705970712246,6.035,-4.3541,0.0135,False,64,search_boards
close small4fbox flaps,close the small box on the stove,search,,0.4950280489395202,6.1835,-3.7821,0.0228,False,64,search_boards
close small4fbox flaps,Close up the small four-flap box.,natural,,0.7121615341058347,7.0967,-2.0937,0.0085,False,64,generated_natural
close small4fbox flaps,Secure the top of that little cardboard box by folding its flaps over.,natural,,0.8496191937399191,7.6748,-0.8902,0.0046,False,64,generated_natural
close small4fbox flaps,Push all four flaps down to seal the little packing box.,natural,,0.876813237125042,7.7891,-0.643,0.0042,False,64,generated_natural
close small4fbox flaps,close the box flaps on the stove,search,,0.8872482070894443,7.833,-0.5512,0.004,False,64,search_boards
close small4fbox flaps,fold the flaps of the box closed,search,,0.8878409471177862,7.8355,-0.5357,0.0044,False,64,search_boards
close small4fbox flaps,shut the flaps of the small cardboard box,search,,0.8962521579356141,7.8709,-0.4625,0.0041,False,64,search_boards
close small4fbox flaps,Shut the flaps on the small cardboard box.,natural,,0.9064467036058436,7.9138,-0.3565,0.0045,False,64,generated_natural
close small4fbox flaps,Go ahead and close the flaps on the small box.,natural,,0.917882426293828,7.9619,-0.2534,0.0043,False,64,generated_natural
close small4fbox flaps,Make sure the flaps on the small box are shut.,natural,,0.9216214094248834,7.9776,-0.2241,0.004,False,64,generated_natural
close small4fbox flaps,close small4fbox flaps,original,,1.0,8.3072,0.5369,0.0048,False,64,search_boards
close the drawer,"Seeing as the extendable compartment has been left ajar, it would be best if you were to exert force against its faceplate to return it to a fully retracted state.",adversarial,,0.0,4.9394,-4.9052,0.0886,False,64,generated_adversarial
close the drawer,"Directing your attention to the protruding storage bin that operates on tracks, kindly apply continuous inward force to its front facade until the compartment is completely recessed within its housing.",adversarial,,0.0322512235683082,5.0496,-4.928,0.078,False,64,generated_adversarial
close the drawer,"If it is not an imposition, please apply steady forward pressure to the extended sliding receptacle until it rests completely flush with the surrounding cabinetry.",adversarial,,0.0953774457515366,5.2651,-4.5591,0.0734,False,64,generated_adversarial
close the drawer,"The pull-out compartment, which currently remains protruding awkwardly into the workspace, ought to be propelled inward until it is entirely sealed.",adversarial,,0.1067754770714743,5.304,-3.9441,0.0942,False,64,generated_adversarial
close the drawer,I need you to push that open drawer back into place.,natural,,0.5639088604673828,6.865,-1.3167,0.0594,False,64,generated_natural
close the drawer,Can you slide that drawer back in?,natural,,0.6049480347033553,7.0051,-1.0688,0.0568,False,64,generated_natural
close the drawer,slide the white drawer with the red front closed,search,,0.7299706757750142,7.4321,-0.3434,0.0476,False,64,search_boards
close the drawer,slide the red drawer in,search,,0.7669628869298701,7.5584,-0.0708,0.0471,False,64,search_boards
close the drawer,push the white drawer with the red front closed,search,,0.7973007002331068,7.662,-0.1681,0.0341,False,64,search_boards
close the drawer,shut the red drawer,search,,0.8037035138095224,7.6838,0.0945,0.0425,False,64,search_boards
close the drawer,push the red-front drawer shut,search,,0.8205740926495767,7.7414,0.042,0.0354,False,64,search_boards
close the drawer,Go ahead and push the drawer in.,natural,,0.8889033634594745,7.9748,0.1912,0.0206,False,64,generated_natural
close the drawer,Please close the wooden drawer.,natural,,0.9434746499348032,8.1611,0.4374,0.0138,False,64,generated_natural
close the drawer,Push the drawer completely closed.,natural,,0.9452080234002008,8.167,0.5838,0.019,False,64,generated_natural
close the drawer,push the drawer shut,search,,0.9587974438538373,8.2134,0.7719,0.0223,False,64,search_boards
close the drawer,Shut the drawer.,natural,,0.9675901484491412,8.2435,0.6721,0.0158,False,64,generated_natural
close the drawer,Make sure the open drawer is shut.,natural,,0.9685599542373928,8.2468,0.7254,0.0176,False,64,generated_natural
close the drawer,Slide the drawer shut.,natural,,0.98782268031487,8.3126,0.7839,0.014,False,64,generated_natural
close the drawer,close the drawer,original,,1.0,8.3541,0.9364,0.0164,False,64,search_boards
close white1fbox flap,I would be most appreciative if you could direct your manipulators toward the unpigmented receptacle and ensure its hinged appendage is maneuvered into a closed state.,adversarial,,0.0,5.6805,-4.9733,0.0205,False,64,generated_adversarial
close white1fbox flap,"Should you find yourself in proximity to the snow-hued carton, execute a downward rotation upon its extended top leaf such that the opening is completely occluded.",adversarial,,0.0011018557143698,5.6835,-4.9555,0.0209,False,64,generated_adversarial
close white1fbox flap,"Regarding the starkly colored white storage unit which currently remains open, kindly articulate the protruding section of the material until it covers the opening entirely.",adversarial,,0.0209211760627028,5.7369,-4.9174,0.0177,False,64,generated_adversarial
close white1fbox flap,Go ahead and close the hinged part of the white box.,natural,,0.1328288438655399,6.0387,-4.1851,0.0198,False,64,generated_natural
close white1fbox flap,Can you fold down the flap of that white carton?,natural,,0.8047107043941809,7.8506,-0.322,0.0114,False,64,generated_natural
close white1fbox flap,"In the event that the alabaster-toned shipping vessel remains exposed, kindly apply the necessary force to its extended top flap to bring it into a securely shut orientation.",adversarial,,0.8281323496315469,7.9138,-0.3422,0.005,False,64,generated_adversarial
close white1fbox flap,The white box has an open flap that needs to be shut.,natural,,0.8384141590126257,7.9415,-0.2825,0.0049,False,64,generated_natural
close white1fbox flap,Put the flap down on the white box.,natural,,0.847632089596119,7.9664,-0.1308,0.0087,False,64,generated_natural
close white1fbox flap,Make sure the white box is sealed by folding its flap down.,natural,,0.8517979138226733,7.9776,-0.1278,0.0078,False,64,generated_natural
close white1fbox flap,fold down the white box flap,search,,0.896276077565099,8.0976,0.0962,0.006,False,64,search_boards
close white1fbox flap,Push the flap closed on the white container.,natural,,0.9031326611729495,8.1161,0.1711,0.0073,False,64,generated_natural
close white1fbox flap,"Shut the white box's flap, please.",natural,,0.903268224798632,8.1164,0.1357,0.0059,False,64,generated_natural
close white1fbox flap,close flap of the white box,search,,0.9114705706560642,8.1386,0.1616,0.005,False,64,search_boards
close white1fbox flap,Close the flap on the white box.,natural,,0.9167656098573834,8.1528,0.2014,0.0053,False,64,generated_natural
close white1fbox flap,close the flap on the white box,search,,0.9223531504526088,8.1679,0.2296,0.005,False,64,search_boards
close white1fbox flap,close white box's flap,search,,0.9445270587023432,8.2277,0.3541,0.0047,False,64,search_boards
close white1fbox flap,close white box flap,search,,0.9467919536453644,8.2338,0.3669,0.0046,False,64,search_boards
close white1fbox flap,close white1fbox flap,original,,1.0,8.3773,0.6873,0.0045,False,64,search_boards
closed the drawer,"Assuming no further items need to be extracted, proceed to apply steady pressure to the outward-facing plane of the extended sliding cubby until it has retreated completely into its enclosing framework.",adversarial,,0.0,3.4949,-5.8437,0.1794,False,64,generated_adversarial
closed the drawer,"Provided that the tracks are clear of obstruction, apply inward lateral force to the extended wooden compartment until it sits completely flush with the surrounding frame.",adversarial,,0.1295419356236575,4.1103,-5.1583,0.1519,False,64,generated_adversarial
closed the drawer,"If it is not too much of an imposition, kindly return the horizontally sliding storage receptacle to its fully sealed state.",adversarial,,0.198683795798062,4.4387,-5.0075,0.1288,False,64,generated_adversarial
closed the drawer,"Directing your attention to the protruding sliding bin, please exert sufficient inward momentum against its front face to restore it to a fully concealed state within the cabinetry.",adversarial,,0.2473205346079093,4.6698,-4.3042,0.1361,False,64,generated_adversarial
closed the drawer,Go ahead and shut the storage compartment.,natural,,0.6065896609122166,6.3765,-1.6812,0.0883,False,64,generated_natural
closed the drawer,Slide the drawer back into place.,natural,,0.6094426148740765,6.3901,-1.4118,0.0977,False,64,generated_natural
closed the drawer,Push the wooden drawer all the way in.,natural,,0.6904077535305841,6.7747,-0.9859,0.0804,False,64,generated_natural
closed the drawer,push the red drawer in,search,,0.7926702605450826,7.2605,-0.7509,0.0467,False,64,search_boards
closed the drawer,push the wooden drawer in,search,,0.8391057265141811,7.4811,-0.4792,0.0379,False,64,search_boards
closed the drawer,push the red drawer closed,search,,0.8496816549584754,7.5313,-0.2145,0.0438,False,64,search_boards
closed the drawer,slide the red drawer shut,search,,0.8718068928707817,7.6364,-0.2375,0.0337,False,64,search_boards
closed the drawer,That open drawer needs to be closed.,natural,,0.8814781496693332,7.6824,-0.1228,0.0341,False,64,generated_natural
closed the drawer,Please close the drawer.,natural,,0.8871505820954935,7.7093,0.048,0.0384,False,64,generated_natural
closed the drawer,push in the drawer,search,,0.8914948804373138,7.73,0.0074,0.035,False,64,search_boards
closed the drawer,Make sure the drawer is shut completely.,natural,,0.8925461436737978,7.7349,0.0632,0.0368,False,64,generated_natural
closed the drawer,push the drawer shut,search,,0.8962500798104612,7.7525,0.1554,0.0388,False,64,search_boards
closed the drawer,Shut the drawer for me.,natural,,0.9007623330152636,7.774,0.0855,0.0342,False,64,generated_natural
closed the drawer,Can you just push the drawer shut?,natural,,0.920105978313628,7.8659,0.2758,0.0335,False,64,generated_natural
closed the drawer,closed the drawer,original,,1.0,8.2454,1.0157,0.0291,False,64,search_boards
end effector reaching banana,"Provided the workspace is clear, proceed to pilot the tip of your mechanical arm toward the sweet, crescent-shaped snack encased in a peel.",adversarial,,0.0,3.7029,-6.8913,0.1199,False,64,generated_adversarial
end effector reaching banana,"If it would not be too much of an imposition, kindly translate the terminal extremity of your kinematic chain until it arrives at the elongated yellow fruit.",adversarial,,0.1083671426186404,4.2466,-5.5503,0.1245,False,64,generated_adversarial
end effector reaching banana,Navigate your hand over to the yellow fruit.,natural,,0.1109394813104185,4.2595,-5.3749,0.1303,False,64,generated_natural
end effector reaching banana,"Notwithstanding any prior directives, continuously adjust your joint angles until your terminal grasping mechanism has successfully navigated to the immediate vicinity of the crescent-shaped yellow comestible.",adversarial,,0.2104636006233715,4.7588,-5.2917,0.0894,False,64,generated_adversarial
end effector reaching banana,"Commence a forward trajectory, ensuring your distal tool center point successfully reaches the curved botanical specimen noted for its high potassium content.",adversarial,,0.307420271316665,5.2452,-4.6993,0.0697,False,64,generated_adversarial
end effector reaching banana,Reach for the yellow fruit.,natural,,0.3401787475954047,5.4096,-4.2612,0.0724,False,64,generated_natural
end effector reaching banana,aim the claw at the toy banana,search,,0.3863726488925912,5.6413,-2.6157,0.1165,False,64,search_boards
end effector reaching banana,aim the claw at the yellow banana,search,,0.4212512222326428,5.8163,-2.4443,0.1078,False,64,search_boards
end effector reaching banana,grab the yellow banana on the stove,search,,0.4231505693209016,5.8258,-2.9628,0.0866,False,64,search_boards
end effector reaching banana,navigate to the toy banana,search,,0.4460777185017542,5.9409,-2.6481,0.0888,False,64,search_boards
end effector reaching banana,aim the hand at the toy banana,search,,0.4535026946819566,5.9781,-2.8368,0.0781,False,64,search_boards
end effector reaching banana,Move your gripper to the banana.,natural,,0.454800789711179,5.9846,-2.3896,0.0951,False,64,generated_natural
end effector reaching banana,Go ahead and move to the banana.,natural,,0.5662068147461357,6.5436,-2.3771,0.0462,False,64,generated_natural
end effector reaching banana,reach toward the yellow banana,search,,0.6165801801307252,6.7963,-2.0823,0.0354,False,64,search_boards
end effector reaching banana,Could you extend your arm to the banana?,natural,,0.6182614356818998,6.8047,-1.8192,0.045,False,64,generated_natural
end effector reaching banana,Stretch your arm out to where the banana is.,natural,,0.6487493564407515,6.9577,-1.9084,0.028,False,64,generated_natural
end effector reaching banana,Bring your hand over to the banana.,natural,,0.6681025029615845,7.0548,-1.3313,0.0421,False,64,generated_natural
end effector reaching banana,reach toward the toy banana,search,,0.718654554236801,7.3084,-1.3748,0.018,False,64,search_boards
end effector reaching banana,Position the end effector right at the banana.,natural,,0.8860868912492993,8.1484,0.159,0.004,False,64,generated_natural
end effector reaching banana,end effector reaching banana,original,,1.0,8.7199,1.6069,0.0104,False,64,search_boards
end effector reaching carrot,Bring the robot arm directly to the carrot.,natural,,0.0,5.1783,-4.3313,0.0901,False,64,generated_natural
end effector reaching carrot,"If it would not be too much of an imposition, kindly translate your terminal manipulation appendage through Cartesian space until it arrives at the elongated orange taproot.",adversarial,,0.053112317391605,5.3617,-2.7885,0.1344,False,64,generated_adversarial
end effector reaching carrot,"Assuming you have the necessary spatial clearance, actuate your kinematic chain to bring its most distal link into immediate proximity with the crunchy orange snack generally favored by rabbits.",adversarial,,0.0809766205508762,5.4579,-2.7942,0.1257,False,64,generated_adversarial
end effector reaching carrot,Touch the long orange vegetable.,natural,,0.224216129665606,5.9525,-2.3958,0.0977,False,64,generated_natural
end effector reaching carrot,"Without attempting to close your pincers, proceed to maneuver the final link of your appendage until it meets the conical orange root vegetable.",adversarial,,0.2623556212268988,6.0842,-1.6536,0.1152,False,64,generated_adversarial
end effector reaching carrot,touch the orange carrot on the right stove grate,search,,0.3416639496125506,6.358,-1.9443,0.0796,False,64,search_boards
end effector reaching carrot,Please move your hand over and tap the carrot.,natural,,0.3458358708970608,6.3724,-0.898,0.1194,False,64,generated_natural
end effector reaching carrot,Move your gripper over to the carrot.,natural,,0.3602988272229325,6.4224,-1.3645,0.0967,False,64,generated_natural
end effector reaching carrot,"Execute a trajectory with your manipulator such that its terminal face arrives exactly at the location of the rigid, orange-pigmented root vegetable.",adversarial,,0.3766258686461288,6.4788,-1.4387,0.0888,False,64,generated_adversarial
end effector reaching carrot,touch the carrot on the stove grate,search,,0.3934938811172575,6.537,-0.6591,0.1142,False,64,search_boards
end effector reaching carrot,aim gripper at the orange carrot,search,,0.4069568152682529,6.5835,-1.1629,0.0903,False,64,search_boards
end effector reaching carrot,touch the orange carrot on the stove,search,,0.42395289122516,6.6422,-1.0486,0.0896,False,64,search_boards
end effector reaching carrot,Can you go over and touch the carrot for me?,natural,,0.4715249269049173,6.8064,-0.4554,0.0984,False,64,generated_natural
end effector reaching carrot,point gripper at the orange carrot,search,,0.4992681693678519,6.9022,-0.7783,0.0773,False,64,search_boards
end effector reaching carrot,Extend your arm until it gets to the carrot.,natural,,0.5463890449614853,7.0649,-0.3395,0.0801,False,64,generated_natural
end effector reaching carrot,Reach for the carrot.,natural,,0.6127593611916903,7.2941,-0.0873,0.0698,False,64,generated_natural
end effector reaching carrot,Position the end effector right at the carrot.,natural,,0.9106285014058288,8.3226,0.6946,0.0096,False,64,generated_natural
end effector reaching carrot,end effector reaching carrot,original,,1.0,8.6312,1.2557,0.0044,False,64,search_boards
end effector reaching corn,put the gripper next to the corn,search,,0.0,4.6195,-5.7913,0.0821,False,64,search_boards
end effector reaching corn,Go ahead and extend your arm to the yellow vegetable.,natural,,0.273140622552616,5.6469,-4.0744,0.0588,False,64,generated_natural
end effector reaching corn,"Irrespective of any other items in your current workspace, kindly initiate a trajectory that culminates with your terminal tool center point situated adjacently to the yellow starchy crop.",adversarial,,0.2808334179915357,5.6758,-3.2477,0.0887,False,64,generated_adversarial
end effector reaching corn,Move your gripper over to the piece of corn.,natural,,0.293269411815193,5.7226,-3.4276,0.0775,False,64,generated_natural
end effector reaching corn,"Provided you are ready to commence operations, it is strictly required that the terminal link of the arm be translated into immediate spatial proximity with the maize.",adversarial,,0.3756455483870243,6.0325,-2.6576,0.0803,False,64,generated_adversarial
end effector reaching corn,"I would be most grateful if you could see fit to advance your manipulating appendage toward the yellow, kernel-bearing agricultural product.",adversarial,,0.3858399515464455,6.0708,-2.7907,0.0717,False,64,generated_adversarial
end effector reaching corn,Position the end effector right next to the corn cob.,natural,,0.4311563624414992,6.2413,-2.6744,0.0612,False,64,generated_natural
end effector reaching corn,Head over to the sweetcorn.,natural,,0.4408632846683193,6.2778,-2.3824,0.0695,False,64,generated_natural
end effector reaching corn,position gripper next to the corn,search,,0.4978589885521128,6.4922,-2.3883,0.0503,False,64,search_boards
end effector reaching corn,Bring your hand right up to the ear of corn.,natural,,0.5649035545533343,6.7444,-1.6,0.059,False,64,generated_natural
end effector reaching corn,touch the corn with the gripper,search,,0.5795384654862984,6.7994,-2.3208,0.0258,False,64,search_boards
end effector reaching corn,"Assuming all prerequisite safety checks have concluded, it is imperative that you pilot your distal grasping apparatus to converge upon the spatial coordinates currently occupied by the cob of maize.",adversarial,,0.5803789291725915,6.8026,-1.9207,0.0412,False,64,generated_adversarial
end effector reaching corn,touch the yellow corn with the gripper,search,,0.5896050831112943,6.8373,-2.3966,0.0195,False,64,search_boards
end effector reaching corn,touch the toy corn with the gripper,search,,0.5951010958317243,6.858,-2.1508,0.0273,False,64,search_boards
end effector reaching corn,touch the yellow corn,search,,0.6197952426956793,6.9508,-2.1307,0.0199,False,64,search_boards
end effector reaching corn,reach for the yellow corn on the stove,search,,0.641180367627715,7.0313,-1.0675,0.0545,False,64,search_boards
end effector reaching corn,Direct your gripper to the corn.,natural,,0.6681338879753577,7.1327,-1.048,0.0463,False,64,generated_natural
end effector reaching corn,Stretch your arm out to where the corn is located.,natural,,0.6831971494698743,7.1893,-1.4347,0.0261,False,64,generated_natural
end effector reaching corn,Reach for the corn.,natural,,0.7610314424138624,7.4821,-0.3549,0.0427,False,64,generated_natural
end effector reaching corn,end effector reaching corn,original,,1.0,8.381,0.9233,0.0135,False,64,search_boards
end effector reaching pot or pan,"Disregarding all other items present in your immediate vicinity, proceed to extend your kinematic chain so that it arrives at the primary cooking receptacle.",adversarial,,0.0,4.4782,-6.0391,0.0848,False,64,generated_adversarial
end effector reaching pot or pan,Move your gripper over to the pan.,natural,,0.0498832339620991,4.6742,-4.9573,0.11,False,64,generated_natural
end effector reaching pot or pan,bring the gripper to the red toy pot,search,,0.0599904733169809,4.714,-6.2317,0.0565,False,64,search_boards
end effector reaching pot or pan,Just position your hand right at the pot.,natural,,0.0638760099910287,4.7292,-5.8414,0.0704,False,64,generated_natural
end effector reaching pot or pan,Guide your hand towards the soup pot.,natural,,0.0731129658973396,4.7655,-5.2116,0.092,False,64,generated_natural
end effector reaching pot or pan,move the gripper to the red toy pot,search,,0.0764568227023808,4.7787,-6.5117,0.0397,False,64,search_boards
end effector reaching pot or pan,touch the red pot on the burner,search,,0.0825202743122304,4.8025,-4.825,0.1039,False,64,search_boards
end effector reaching pot or pan,reach for the red pot on the burner,search,,0.1216930401641238,4.9564,-5.3923,0.068,False,64,search_boards
end effector reaching pot or pan,Extend your arm until it is directly at the pan.,natural,,0.1222980529726655,4.9588,-5.9331,0.0466,False,64,generated_natural
end effector reaching pot or pan,"Ensure that the distal link of your robotic arm achieves spatial proximity with the broad, flat-bottomed vessel designed for stovetop meal preparation.",adversarial,,0.1352201756493845,5.0096,-5.5969,0.0553,False,64,generated_adversarial
end effector reaching pot or pan,Bring your arm to the metal cookware.,natural,,0.139046858094988,5.0246,-5.7488,0.048,False,64,generated_natural
end effector reaching pot or pan,I would be most grateful if you could direct your terminal grasping appendage toward the metallic vessel typically utilized for boiling or frying on a stove.,adversarial,,0.1437692841209346,5.0432,-4.1198,0.1103,False,64,generated_adversarial
end effector reaching pot or pan,touch the red plastic pot,search,,0.1865484875920177,5.2113,-5.3019,0.049,False,64,search_boards
end effector reaching pot or pan,reach for the red cooking pot,search,,0.1940166928873727,5.2406,-5.3775,0.0435,False,64,search_boards
end effector reaching pot or pan,Can you touch the cooking pot for me?,natural,,0.2212720914614412,5.3477,-4.0944,0.0844,False,64,generated_natural
end effector reaching pot or pan,"Should it not violate your programmed safety constraints, please maneuver the ultimate segment of your appendage until it hovers directly adjacent to the handled culinary container engineered for stovetop heating.",adversarial,,0.2308350813510806,5.3853,-5.6315,0.0207,False,64,generated_adversarial
end effector reaching pot or pan,Go ahead and reach for the saucepan.,natural,,0.2808496325010379,5.5819,-3.8587,0.073,False,64,generated_natural
end effector reaching pot or pan,Navigate the end effector to the skillet.,natural,,0.4400544106264683,6.2075,-3.5963,0.028,False,64,generated_natural
end effector reaching pot or pan,end effector reaching pot or pan,original,,1.0,8.4079,0.7586,0.0046,False,64,search_boards
end effector reaching salmon,Bring the arm right up to the fish fillet.,natural,,0.0,4.8088,-4.001,0.1357,False,64,generated_natural
end effector reaching salmon,"Irrespective of any other items present in your workspace, it is imperative that you establish direct physical adjacency between your primary manipulator and the raw pink seafood slice.",adversarial,,0.0003691888706796,4.8102,-4.5178,0.1153,False,64,generated_adversarial
end effector reaching salmon,Touch the pink fish.,natural,,0.0870600174593837,5.1296,-3.504,0.1269,False,64,generated_natural
end effector reaching salmon,bring gripper close to the pink salmon on the stove,search,,0.1130160675665071,5.2252,-3.5996,0.1147,False,64,search_boards
end effector reaching salmon,"Assuming your actuators are fully engaged, I would be much obliged if you could translate your terminal component toward the rosy-fleshed aquatic protein source.",adversarial,,0.2133407594982334,5.5949,-4.5275,0.0456,False,64,generated_adversarial
end effector reaching salmon,bring gripper close to the salmon,search,,0.2531747320086785,5.7417,-4.178,0.0463,False,64,search_boards
end effector reaching salmon,"Unto that pink cut of seafood, let the furthest tip of your mechanical appendage be steadily advanced until proximity is achieved.",adversarial,,0.2669870133404801,5.7926,-5.0283,0.0084,False,64,generated_adversarial
end effector reaching salmon,"Provided your path-planning modules are fully operational, compute and execute a trajectory that culminates with your terminal grasping apparatus arriving precisely at the slab of anadromous fish.",adversarial,,0.298662591395255,5.9093,-3.6068,0.0539,False,64,generated_adversarial
end effector reaching salmon,Move your gripper over to the piece of salmon.,natural,,0.3467876442519702,6.0866,-2.2173,0.0928,False,64,generated_natural
end effector reaching salmon,The salmon is what you need to move towards.,natural,,0.4237865412190469,6.3703,-2.0676,0.0736,False,64,generated_natural
end effector reaching salmon,approach the salmon slice with the gripper,search,,0.4356308471817038,6.414,-1.8651,0.0777,False,64,search_boards
end effector reaching salmon,"Can you put your hand on the salmon, please?",natural,,0.4677087356494835,6.5322,-1.9328,0.0646,False,64,generated_natural
end effector reaching salmon,Stretch your arm out to the salmon.,natural,,0.4770618096967137,6.5666,-1.962,0.0605,False,64,generated_natural
end effector reaching salmon,aim gripper at the salmon,search,,0.4876318984193227,6.6056,-1.4807,0.0759,False,64,search_boards
end effector reaching salmon,Go to the salmon.,natural,,0.5055633437423639,6.6717,-1.4122,0.0728,False,64,generated_natural
end effector reaching salmon,reach toward the salmon on the stove,search,,0.54600540521378,6.8207,-1.3201,0.0632,False,64,search_boards
end effector reaching salmon,approach the salmon on the stove,search,,0.5695128434299039,6.9073,-1.0736,0.0652,False,64,search_boards
end effector reaching salmon,approach the salmon with the gripper,search,,0.5740156292386398,6.9239,-1.1678,0.0601,False,64,search_boards
end effector reaching salmon,Reach for the salmon.,natural,,0.7048797265916741,7.4061,-0.5196,0.0429,False,64,generated_natural
end effector reaching salmon,end effector reaching salmon,original,,1.0,8.4935,1.0181,0.0072,False,64,search_boards
end effector reaching stuffedrabbit,place gripper on the pink toy bunny,search,,0.0,2.427,-5.3968,0.2913,False,64,search_boards
end effector reaching stuffedrabbit,point gripper at the pink bunny toy,search,,0.1633075364227721,3.4504,-4.2439,0.2461,False,64,search_boards
end effector reaching stuffedrabbit,Hover your hand directly over the fabric rabbit.,natural,,0.1938613914082397,3.6419,-4.0961,0.235,False,64,generated_natural
end effector reaching stuffedrabbit,"If it is at all within your current operational capabilities, please articulate your kinematic chain until your terminal instrument achieves close spatial convergence with the synthetic fabric lagomorph.",adversarial,,0.2119699808046251,3.7554,-4.4037,0.2129,False,64,generated_adversarial
end effector reaching stuffedrabbit,I need you to move toward the plush animal with the long ears.,natural,,0.2322838596138318,3.8827,-7.1037,0.0956,False,64,generated_natural
end effector reaching stuffedrabbit,Extend your arm until it touches the soft toy rabbit.,natural,,0.2411564849513911,3.9383,-6.2662,0.1236,False,64,generated_natural
end effector reaching stuffedrabbit,place the gripper on the pink stuffed rabbit,search,,0.3332136418889002,4.5153,-2.744,0.211,False,64,search_boards
end effector reaching stuffedrabbit,Be so kind as to translate your tool center point until it converges upon the exact spatial coordinates of the soft-sculpture bunny.,adversarial,,0.3407776546834133,4.5627,-3.7311,0.168,False,64,generated_adversarial
end effector reaching stuffedrabbit,Can you reach out to the plush bunny?,natural,,0.3426798589841054,4.5746,-3.6069,0.1718,False,64,generated_natural
end effector reaching stuffedrabbit,"Assuming your current trajectory is clear, I would appreciate it if you could navigate your terminal appendage toward the plush representation of a lagomorph.",adversarial,,0.3459847984229071,4.5953,-5.4079,0.0993,False,64,generated_adversarial
end effector reaching stuffedrabbit,Move your gripper over to the stuffed rabbit.,natural,,0.4025247416608018,4.9496,-2.0024,0.2017,False,64,generated_natural
end effector reaching stuffedrabbit,Stretch your arm out toward the stuffed bunny.,natural,,0.4091584152456779,4.9912,-3.8939,0.1238,False,64,generated_natural
end effector reaching stuffedrabbit,"Prior to considering any subsequent maneuvers, ensure that the robotic manipulator achieves close spatial proximity to the inanimate, cotton-filled creature recognized for hopping.",adversarial,,0.5643988817295547,5.9641,-2.2509,0.1023,False,64,generated_adversarial
end effector reaching stuffedrabbit,Just point your arm at the stuffed rabbit.,natural,,0.6600548677745627,6.5636,-0.9506,0.1004,False,64,generated_natural
end effector reaching stuffedrabbit,Go ahead and bring the end effector to the stuffed bunny.,natural,,0.8436139758169054,7.714,-0.063,0.0337,False,64,generated_natural
end effector reaching stuffedrabbit,end effector reaching pink bunny,search,,0.9070244336454564,8.1114,0.16,0.0073,False,64,search_boards
end effector reaching stuffedrabbit,end effector reaching pink rabbit,search,,0.9467309974259128,8.3602,0.6676,0.0053,False,64,search_boards
end effector reaching stuffedrabbit,end effector reaching pink stuffed animal,search,,0.9547185960671606,8.4103,0.7521,0.0042,False,64,search_boards
end effector reaching stuffedrabbit,end effector reaching pink stuffed rabbit,search,,0.9850449487271344,8.6004,1.231,0.0062,False,64,search_boards
end effector reaching stuffedrabbit,end effector reaching stuffedrabbit,original,,1.0,8.6941,1.4056,0.0047,False,64,search_boards
end effector transition from object to object,Move your gripper from the first object to the second.,natural,,0.0,0.5835,-8.2609,0.3417,False,64,generated_natural
end effector transition from object to object,Take your hand away from that first item and move it to the other one.,natural,,0.0123423298880015,0.684,-8.062,0.3406,False,64,generated_natural
end effector transition from object to object,Move the tool from the first object to the second object.,natural,,0.0686855532492196,1.1426,-7.7156,0.3137,False,64,generated_natural
end effector transition from object to object,Transfer the robot hand from the first piece to the second one.,natural,,0.0971868493736947,1.3746,-6.8659,0.3266,False,64,generated_natural
end effector transition from object to object,Go from the starting thing to the next thing.,natural,,0.1791321673710918,2.0416,-6.41,0.2855,False,64,generated_natural
end effector transition from object to object,pick up the red piece and put it in the orange pot,search,,0.2691269208500241,2.7741,-6.8917,0.2019,False,64,search_boards
end effector transition from object to object,"Proceed to relocate the terminal extremity of your manipulator arm, ensuring its point of focus shifts from the former item to the latter.",adversarial,,0.2839661448387494,2.8949,-5.276,0.2547,False,64,generated_adversarial
end effector transition from object to object,move the red sushi piece from the plate to the orange pot,search,,0.3117781485308302,3.1213,-7.6314,0.1422,False,64,search_boards
end effector transition from object to object,place the red toy food into the orange pot,search,,0.3735048255564289,3.6237,-6.8206,0.1296,False,64,search_boards
end effector transition from object to object,"I would like you to execute a positional translation of your tool center point, departing the initial physical entity in order to arrive at the subsequent one.",adversarial,,0.4144371824498082,3.9569,-5.1025,0.1677,False,64,generated_adversarial
end effector transition from object to object,Shift the robot hand from one item to the other.,natural,,0.4929185421539066,4.5957,-3.2857,0.1826,False,64,generated_natural
end effector transition from object to object,Bring your arm over from this object to that object.,natural,,0.5416216976176195,4.9921,-2.8035,0.1665,False,64,generated_natural
end effector transition from object to object,Be so good as to direct the terminal operating unit to forsake the primary article and traverse the intervening space until it reaches the succeeding body.,adversarial,,0.555338939341877,5.1038,-2.5833,0.1653,False,64,generated_adversarial
end effector transition from object to object,"You are hereby instructed to initiate a spatial translation of your terminal interaction node, abandoning its current residency at the primary item in favor of relocating to the alternative piece.",adversarial,,0.5884805289204463,5.3735,-3.4783,0.1063,False,64,generated_adversarial
end effector transition from object to object,end effector transition of red food to orange pot,search,,0.650288129682893,5.8766,-3.1295,0.0756,False,64,search_boards
end effector transition from object to object,end effector transition of red item to pot,search,,0.7332309287658383,6.5517,-1.7557,0.0699,False,64,search_boards
end effector transition from object to object,end effector transition of red object to pot,search,,0.741925923541606,6.6225,-1.7057,0.0656,False,64,search_boards
end effector transition from object to object,end effector transition of red item to orange pot,search,,0.7468717675963715,6.6628,-2.045,0.0487,False,64,search_boards
end effector transition from object to object,Please relocate the end effector from the initial piece to the target piece.,natural,,0.7748592135198775,6.8906,-2.4225,0.0137,False,64,generated_natural
end effector transition from object to object,end effector transition from plate to pot,search,,0.8470031600464638,7.4778,-0.2798,0.046,False,64,search_boards
end effector transition from object to object,end effector transition from the plate to the pot,search,,0.8478126286487528,7.4844,0.0337,0.0577,False,64,search_boards
end effector transition from object to object,end effector transition from object to object,original,,1.0,8.7231,1.4995,0.0059,False,64,search_boards
end effector transition from pot or pan to object,Shift the arm away from the pot and hover over that item.,natural,,0.0,2.7387,-7.0291,0.1996,False,64,generated_natural
end effector transition from pot or pan to object,Reach for the target object now that you are done with the skillet.,natural,,0.0048523144836334,2.7667,-6.0144,0.237,False,64,generated_natural
end effector transition from pot or pan to object,Leave the cooking pot behind and position your fingers near the item.,natural,,0.0394385321105866,2.9659,-6.7697,0.1898,False,64,generated_natural
end effector transition from pot or pan to object,Pull your gripper back from the pan and reach out toward the object.,natural,,0.0967157541028084,3.2958,-6.1808,0.1837,False,64,generated_natural
end effector transition from pot or pan to object,move arm from orange bowl to red wheel,search,,0.115012235677734,3.4012,-6.1318,0.1764,False,64,search_boards
end effector transition from pot or pan to object,move hand from orange bowl to the red cylinder,search,,0.1341976579288999,3.5117,-5.2645,0.2007,False,64,search_boards
end effector transition from pot or pan to object,"Provided you have concluded your presence at the deep or shallow cooking vessel, it is imperative that the distal end of your arm be promptly relocated to the subsequent item.",adversarial,,0.1684253315527024,3.7089,-3.8547,0.2386,False,64,generated_adversarial
end effector transition from pot or pan to object,"Departing the immediate vicinity of whichever piece of stovetop cookware you are currently positioned above, gracefully translate your grasping mechanism toward the specified entity.",adversarial,,0.2110609319610673,3.9544,-4.6567,0.1854,False,64,generated_adversarial
end effector transition from pot or pan to object,lift hand from orange bowl and move to red and white object,search,,0.2188202618848811,3.9991,-2.8468,0.2525,False,64,search_boards
end effector transition from pot or pan to object,"Eschewing any further proximity to either the deep boiling basin or the shallow frying skillet, convey your outermost grasping module to the coordinates of the designated object.",adversarial,,0.2220803113811437,4.0179,-3.8507,0.2115,False,64,generated_adversarial
end effector transition from pot or pan to object,Take your hand away from the saucepan and bring it to the object.,natural,,0.2283472533144486,4.054,-6.5206,0.1034,False,64,generated_natural
end effector transition from pot or pan to object,Move your gripper from the pan to the object.,natural,,0.3831776357695542,4.9458,-3.6538,0.1372,False,64,generated_natural
end effector transition from pot or pan to object,Relocate your hand from the cookware to the next object.,natural,,0.4365887540206652,5.2535,-3.8304,0.1031,False,64,generated_natural
end effector transition from pot or pan to object,Command the distal extremity of your robotic arm to fully vacate the airspace above the cooking vessel—whether it be the pot or the pan—and proceed to translate its position until it arrives at the designated object.,adversarial,,0.4719396732527103,5.4571,-2.7209,0.1287,False,64,generated_adversarial
end effector transition from pot or pan to object,end effector transition from bowl to red cylinder,search,,0.8854319008381301,7.8388,-0.1726,0.0183,False,64,search_boards
end effector transition from pot or pan to object,end effector transition from orange pot to red container,search,,0.9132097631288756,7.9988,0.2527,0.0209,False,64,search_boards
end effector transition from pot or pan to object,end effector transition from orange bowl to red container,search,,0.920540874317619,8.041,0.2398,0.0167,False,64,search_boards
end effector transition from pot or pan to object,Please move the end effector from the pan over to the object.,natural,,0.927547934163522,8.0814,0.0221,0.0045,False,64,generated_natural
end effector transition from pot or pan to object,end effector transition from bowl to red object,search,,0.9394666027468958,8.15,0.2123,0.0059,False,64,search_boards
end effector transition from pot or pan to object,end effector transition from pot or pan to object,original,,1.0,8.4987,0.952,0.0042,False,64,search_boards
flip cup upright,Ensure that the cylindrical drinking vessel is manipulated such that its primary opening directly faces the zenith.,adversarial,,0.0,3.1156,-5.7061,0.2183,False,64,generated_adversarial
flip cup upright,"Given that the common beverage container currently rests upon its brim, I would ask that you carefully pivot it through space until it is seated squarely upon its designated bottom surface.",adversarial,,0.0520007380897753,3.3123,-5.0482,0.2268,False,64,generated_adversarial
flip cup upright,"If you would be so obliging, apply rotational force to the overturned receptacle until its open rim is directed toward the ceiling.",adversarial,,0.1629025206211442,3.7316,-4.4503,0.2132,False,64,generated_adversarial
flip cup upright,"Regarding the object one would normally use to drink water when thirsty, kindly reorient it from its inverted position so that it rests properly on its base.",adversarial,,0.2420213475251393,4.0308,-4.3325,0.1914,False,64,generated_adversarial
flip cup upright,Right the overturned cup.,natural,,0.3846468472715005,4.5701,-3.2255,0.1872,False,64,generated_natural
flip cup upright,Stand the cup up on its bottom.,natural,,0.3949995892069802,4.6092,-2.9961,0.1928,False,64,generated_natural
flip cup upright,Make sure the cup is facing up.,natural,,0.6215400640922805,5.4658,-1.7584,0.1657,False,64,generated_natural
flip cup upright,Fix the cup so it is no longer upside down.,natural,,0.6276160885146491,5.4888,-1.521,0.173,False,64,generated_natural
flip cup upright,Please set that cup right side up.,natural,,0.8246378684886587,6.2338,-0.7038,0.1393,False,64,generated_natural
flip cup upright,Could you flip the drinking cup so it stands on its base?,natural,,0.8812357464539782,6.4478,-0.3269,0.1352,False,64,generated_natural
flip cup upright,put cup upright,search,,0.8928039650559573,6.4915,-0.1455,0.1384,False,64,search_boards
flip cup upright,Grab the cup and turn it the right way up.,natural,,0.9354475083261315,6.6528,-0.463,0.1117,False,64,generated_natural
flip cup upright,turn the light blue cup upright,search,,0.9390607831534554,6.6664,-0.2004,0.1208,False,64,search_boards
flip cup upright,rotate cup upright,search,,0.9572562914221274,6.7352,-0.0317,0.1214,False,64,search_boards
flip cup upright,rotate the blue cup upright,search,,0.958401812769366,6.7396,-0.1355,0.1169,False,64,search_boards
flip cup upright,Turn the cup over so it sits upright.,natural,,0.9597590032624288,6.7447,0.0697,0.1245,False,64,generated_natural
flip cup upright,turn cup upright,search,,0.9772288453131016,6.8108,0.1627,0.1223,False,64,search_boards
flip cup upright,flip cup upright,original,,0.9777004805642052,6.8125,0.2899,0.1272,False,64,search_boards
flip cup upright,flip cup right side up,search,,0.9912764252582712,6.8639,0.1257,0.1162,False,64,search_boards
flip cup upright,flip the small blue cup upright,search,,1.0,6.8969,0.0718,0.1111,False,64,search_boards
flip orange pot upright in sink,"Locate the tangerine-colored cookware currently resting incorrectly, and reorient it into the washing basin such that its primary opening faces the ceiling.",adversarial,,0.0,3.7842,-3.3164,0.2531,False,64,generated_adversarial
flip orange pot upright in sink,"Directing your attention to the orange culinary vessel, please execute a rotation along its horizontal axis so that it comes to rest upon its flat base within the boundaries of the washbasin.",adversarial,,0.0820914082239711,4.0296,-3.4411,0.2265,False,64,generated_adversarial
flip orange pot upright in sink,turn the orange cup right side up,search,,0.4474334229353797,5.122,-1.3953,0.2103,False,64,search_boards
flip orange pot upright in sink,turn the orange cup upright,search,,0.4711228813076323,5.1928,-1.328,0.2067,False,64,search_boards
flip orange pot upright in sink,"In the sink, turn the orange pot so its open side is facing up.",natural,,0.5368459655572587,5.3893,-0.9726,0.2033,False,64,generated_natural
flip orange pot upright in sink,"Provided the area is clear for operation, grasp the orange-hued vessel intended for boiling liquids and alter its geometry such that it achieves a fully upright posture within the sink.",adversarial,,0.5396174785221748,5.3976,-1.2892,0.1901,False,64,generated_adversarial
flip orange pot upright in sink,"With regards to the orange pot, I would be most grateful if you could execute a rotational maneuver to rectify its inverted state, depositing it firmly and top-side up into the sink.",adversarial,,0.5494396595243417,5.427,-1.1387,0.1935,False,64,generated_adversarial
flip orange pot upright in sink,Grab the orange pot and stand it up normally in the sink.,natural,,0.6238234497438125,5.6494,-1.1309,0.1741,False,64,generated_natural
flip orange pot upright in sink,flip the orange cup right side up,search,,0.6434604857040913,5.7081,-0.7983,0.182,False,64,search_boards
flip orange pot upright in sink,Put the orange pot in the sink right side up.,natural,,0.7311620870273267,5.9703,-0.4393,0.1729,False,64,generated_natural
flip orange pot upright in sink,turn the orange cup right side up in sink,search,,0.7582963990231718,6.0515,-0.2774,0.1721,False,64,search_boards
flip orange pot upright in sink,Turn the orange pot right side up in the sink.,natural,,0.7884318225060261,6.1416,-0.2334,0.1659,False,64,generated_natural
flip orange pot upright in sink,Make the orange pot stand up straight in the sink.,natural,,0.8571416652068118,6.347,-0.1771,0.1499,False,64,generated_natural
flip orange pot upright in sink,turn the orange cup upright in sink,search,,0.8621429713897153,6.362,-0.1106,0.1512,False,64,search_boards
flip orange pot upright in sink,Flip that orange cooking pot over so it is upright in the sink.,natural,,0.8758999625185948,6.4031,0.0291,0.1531,False,64,generated_natural
flip orange pot upright in sink,flip the orange cup upright in the sink,search,,0.9146937954716724,6.5191,0.0788,0.1448,False,64,search_boards
flip orange pot upright in sink,Set the orange pot upright inside the sink.,natural,,0.9459591065813698,6.6126,0.0563,0.1356,False,64,generated_natural
flip orange pot upright in sink,Could you flip the orange pot so it sits upright in the sink?,natural,,0.9685187282706978,6.68,0.1632,0.1339,False,64,generated_natural
flip orange pot upright in sink,flip orange pot upright in sink,original,,1.0,6.7742,0.3095,0.1313,False,64,search_boards
flip pot upright in sink,"Notwithstanding its currently capsized configuration, please convey the deep-sided cookware into the washbasin, ensuring its orifice ultimately addresses the heavens.",adversarial,,0.0,3.5708,-4.6754,0.2186,False,64,generated_adversarial
flip pot upright in sink,"Provided the dishwashing basin is presently accessible, kindly take the cylindrical metal vessel utilized for boiling and rectify its inverted state so that its opening points directly toward the ceiling while resting inside the sink.",adversarial,,0.0428871387648127,3.7239,-3.3548,0.2569,False,64,generated_adversarial
flip pot upright in sink,"Assuming it is within your current operational parameters, kindly secure the inverted vessel meant for simmering stews, rotate it so its base faces downward, and station it squarely within the plumbing fixture used for washing dishes.",adversarial,,0.0979981162359273,3.9207,-3.488,0.2343,False,64,generated_adversarial
flip pot upright in sink,"With respect to the overturned saucepan, it is formally required that you execute a rotational maneuver to restore its functional upright posture, situating said item entirely within the confines of the sink.",adversarial,,0.4378619578334471,5.134,-2.0459,0.1837,False,64,generated_adversarial
flip pot upright in sink,Put the pot into the sink and make sure it isn't upside down.,natural,,0.4390937599634515,5.1384,-1.6586,0.1985,False,64,generated_natural
flip pot upright in sink,Please place the overturned saucepan the right way up in the sink.,natural,,0.4955233823797671,5.3398,-1.5264,0.1859,False,64,generated_natural
flip pot upright in sink,Grab the cooking vessel and turn it right-side up in the basin.,natural,,0.614278723609013,5.7637,-1.5344,0.1482,False,64,generated_natural
flip pot upright in sink,place the pot right-side up in the sink,search,,0.6623510836580336,5.9354,-0.7312,0.1646,False,64,search_boards
flip pot upright in sink,place the pot right side up in the sink,search,,0.7259733598712702,6.1625,-0.5768,0.1506,False,64,search_boards
flip pot upright in sink,Turn the pot right-side up in the sink.,natural,,0.7488523313515275,6.2442,-0.5266,0.1453,False,64,generated_natural
flip pot upright in sink,turn the pot right-side up in the sink,search,,0.7609889378206524,6.2875,-0.4532,0.1444,False,64,search_boards
flip pot upright in sink,orient the pot right side up in the sink,search,,0.7834572595092716,6.3677,-0.3611,0.1409,False,64,search_boards
flip pot upright in sink,Set the pot upright inside the kitchen sink.,natural,,0.7893778469873713,6.3888,-0.4937,0.1338,False,64,generated_natural
flip pot upright in sink,Could you stand the cooking pot upright inside the sink?,natural,,0.7949867515173075,6.4089,-0.4958,0.132,False,64,generated_natural
flip pot upright in sink,turn the pot right side up in the sink,search,,0.8032269477394068,6.4383,-0.3018,0.137,False,64,search_boards
flip pot upright in sink,Take that metal pot and flip it over so it stands properly in the sink.,natural,,0.8247842180318311,6.5152,-0.3974,0.1264,False,64,generated_natural
flip pot upright in sink,Make sure the pot is placed upright in the sink.,natural,,0.8495398761677736,6.6036,-0.219,0.1256,False,64,generated_natural
flip pot upright in sink,reorient the pot upright in the sink,search,,0.9230336834026598,6.866,0.0518,0.1131,False,64,search_boards
flip pot upright in sink,orient the pot upright inside the sink,search,,0.9243634381102837,6.8707,0.046,0.1124,False,64,search_boards
flip pot upright in sink,flip pot upright in sink,original,,1.0,7.1407,0.4447,0.1042,False,64,search_boards
flip pot upright in sink,"Irrespective of its present upside-down orientation, I require you to grasp the heavy-bottomed vessel traditionally used for making soup, subject it to a half-axial rotation to restore its proper standing posture, and subsequently deposit it within the primary water drainage basin.",adversarial,,,,,,True,80,generated_adversarial
flip pot upright which is in sink,"Assuming you have located the inverted piece of cookware currently occupying the plumbing fixture, execute a rotational maneuver to ensure its rim is oriented towards the sky.",adversarial,,0.0,4.0881,-3.3215,0.226,False,64,generated_adversarial
flip pot upright which is in sink,"It is requested that the cylindrical cookware presently lying capsized inside the draining basin be subjected to a rotational correction, thereby leaving it resting squarely on its bottom surface.",adversarial,,0.0627121153882977,4.2486,-3.8364,0.1916,False,64,generated_adversarial
flip pot upright which is in sink,"Regarding the receptacle typically used for boiling soup that currently rests inside the sink, proceed to alter its spatial orientation such that its opening faces directly toward the ceiling.",adversarial,,0.1407572958973826,4.4484,-2.3817,0.2311,False,64,generated_adversarial
flip pot upright which is in sink,Reach into the sink and turn the saucepan up the right way.,natural,,0.4476570496437228,5.2338,-1.6759,0.1894,False,64,generated_natural
flip pot upright which is in sink,"Direct your attention to the metallic cooking vessel located within the confines of the washing basin, and manipulate it until it achieves a functional, upright posture.",adversarial,,0.5900497370167677,5.5982,-1.0746,0.1809,False,64,generated_adversarial
flip pot upright which is in sink,turn the silver pot over in the sink,search,,0.7334425194356677,5.9652,-0.4895,0.1714,False,64,search_boards
flip pot upright which is in sink,Put the pot in the sink the right way up.,natural,,0.7783204167519887,6.08,-0.1008,0.1765,False,64,generated_natural
flip pot upright which is in sink,Flip the pot inside the sink so it sits on its base.,natural,,0.8141229574278299,6.1717,-0.1569,0.1662,False,64,generated_natural
flip pot upright which is in sink,Please stand the cooking pot upright in the sink.,natural,,0.8477246064935811,6.2577,-0.227,0.1559,False,64,generated_natural
flip pot upright which is in sink,The metal pot in the sink needs to be flipped upright.,natural,,0.8874500584052633,6.3593,-0.0271,0.1547,False,64,generated_natural
flip pot upright which is in sink,Make sure the pot in the sink is standing up straight.,natural,,0.8939613396213044,6.376,-0.0203,0.1535,False,64,generated_natural
flip pot upright which is in sink,Turn the pot in the sink right-side up.,natural,,0.901786386438074,6.396,0.009,0.1529,False,64,generated_natural
flip pot upright which is in sink,turn pot upright which is in sink,search,,0.9064785335886556,6.408,0.1169,0.1561,False,64,search_boards
flip pot upright which is in sink,flip metal pot upright which is in sink,search,,0.9220789388771298,6.4479,0.3123,0.1602,False,64,search_boards
flip pot upright which is in sink,flip the upside down silver pot in the sink,search,,0.9324514783686336,6.4745,0.1555,0.1517,False,64,search_boards
flip pot upright which is in sink,Just flip that overturned pot in the sink back over.,natural,,0.9403508224150312,6.4947,-0.0846,0.1405,False,64,generated_natural
flip pot upright which is in sink,flip silver pot upright which is in sink,search,,0.9881908227786544,6.6171,0.357,0.1471,False,64,search_boards
flip pot upright which is in sink,flip pot upright which is in sink,original,,0.989048646810092,6.6193,0.3623,0.1471,False,64,search_boards
flip pot upright which is in sink,flip the pot in the sink right side up,search,,1.0,6.6474,0.2594,0.1405,False,64,search_boards
flip pot upright which is in sink,"Targeting the overturned stewing vessel presently harbored within the washbasin's cavity, proceed to institute a complete spatial reorientation so that it sits squarely upon its bottom.",adversarial,,,,,,True,80,generated_adversarial
fold cloth in half,"In the event that your manipulators are unencumbered, I require you to take the non-rigid piece of drapery and reflect it across its meridian so that it rests entirely upon itself.",adversarial,,0.0,0.7708,-7.8275,0.3421,False,64,generated_adversarial
fold cloth in half,"Assuming you are ready to manipulate the flexible woven item resting before you, proceed to bisect its geometry by bringing its opposing extremities into direct alignment.",adversarial,,0.3156326357447713,3.0148,-6.4246,0.199,False,64,generated_adversarial
fold cloth in half,"It is requested that you manipulate the planar woven object by sweeping one portion directly onto the other, establishing a strict dual-layered arrangement that reduces its exposed surface area by a factor of two.",adversarial,,0.490192585955649,4.2559,-5.2213,0.1366,False,64,generated_adversarial
fold cloth in half,Make a single crease right down the middle of the cloth.,natural,,0.6377217953237301,5.3047,-3.3619,0.117,False,64,generated_natural
fold cloth in half,"Notwithstanding any alternative configurations, I would be most grateful if you could ensure the pliable material is doubled back upon itself until its visible footprint is exactly halved.",adversarial,,0.6764890410445827,5.5803,-2.9227,0.1099,False,64,generated_adversarial
fold cloth in half,Double over the cloth so the edges meet.,natural,,0.7462614750785032,6.0764,-2.1821,0.0951,False,64,generated_natural
fold cloth in half,fold the cloth in half over the burners,search,,0.8703625804858295,6.9587,-0.7289,0.0742,False,64,search_boards
fold cloth in half,fold the white cloth in half over the burners,search,,0.870590659543466,6.9603,-0.8129,0.0708,False,64,search_boards
fold cloth in half,fold the light cloth in half over the burners,search,,0.8740326686171266,6.9847,-0.7115,0.0726,False,64,search_boards
fold cloth in half,Fold the cloth in two so the opposite sides line up.,natural,,0.8742622086970832,6.9864,-0.4783,0.0816,False,64,generated_natural
fold cloth in half,Just bring the two sides of the fabric together to fold it.,natural,,0.8877136955704209,7.082,-0.4235,0.0753,False,64,generated_natural
fold cloth in half,fold the beige cloth in half horizontally,search,,0.9085262285675028,7.23,-0.0842,0.0756,False,64,search_boards
fold cloth in half,Take that material and fold it completely in two.,natural,,0.9099319778850394,7.24,-0.2309,0.0689,False,64,generated_natural
fold cloth in half,fold the light beige cloth in half,search,,0.921494386297476,7.3222,0.1015,0.0747,False,64,search_boards
fold cloth in half,Can you fold the cloth in half for me?,natural,,0.9301337990400436,7.3836,0.3046,0.0773,False,64,generated_natural
fold cloth in half,Grab the cloth and fold it over exactly once.,natural,,0.942008482179548,7.468,0.2063,0.066,False,64,generated_natural
fold cloth in half,fold the beige cloth in half,search,,0.9453933879536872,7.4921,0.2904,0.0671,False,64,search_boards
fold cloth in half,fold the cloth in half horizontally,search,,0.945706348011847,7.4943,0.4405,0.0728,False,64,search_boards
fold cloth in half,fold the white cloth on the counter in half,search,,0.9602751654818508,7.5979,0.4499,0.0641,False,64,search_boards
fold cloth in half,Please fold the piece of fabric in half.,natural,,0.9666714720338574,7.6434,0.6299,0.0671,False,64,generated_natural
fold cloth in half,fold cloth in half,original,,1.0,7.8803,0.9032,0.0569,False,64,search_boards
fold the cloth from bottom left to top right,"Assuming the workspace is prepared, identify the southwestern extremity of the absorbent wiping material and execute a folding articulation that terminates with it resting perfectly atop its northeastern counterpart.",adversarial,,0.0,1.4536,-7.4142,0.2981,False,64,generated_adversarial
fold the cloth from bottom left to top right,"Should you be ready to proceed, manipulate the bottom-most leftward tip of the pliable fabric sheet, arcing it over until it coincides exactly with the top right pinnacle to form a diagonal crease.",adversarial,,0.018397505154838,1.5718,-7.5881,0.2808,False,64,generated_adversarial
fold the cloth from bottom left to top right,"In the event that the workspace is fully secured, pinpoint the textile material utilized for wiping surfaces and execute a diagonal fold by bringing its lower-leftmost point to rest flawlessly atop its upper-right equivalent.",adversarial,,0.1488260720839851,2.41,-6.1549,0.263,False,64,generated_adversarial
fold the cloth from bottom left to top right,"If it is not too much trouble, grasp the corner of the woven textile situated in the lower left quadrant and convey it in a folding maneuver until it rests flush upon the upper rightmost extremity.",adversarial,,0.3566913317691279,3.7458,-4.9828,0.191,False,64,generated_adversarial
fold the cloth from bottom left to top right,Bring the bottom left of the fabric up to the top right corner.,natural,,0.5561688025118035,5.0278,-3.2212,0.147,False,64,generated_natural
fold the cloth from bottom left to top right,Match the lower left corner of the piece of fabric to the upper right one to fold it.,natural,,0.5988702349974356,5.3022,-4.0257,0.0911,False,64,generated_natural
fold the cloth from bottom left to top right,pull the bottom left corner of the orange cloth to the top right corner,search,,0.6233776951763393,5.4597,-2.8704,0.1226,False,64,search_boards
fold the cloth from bottom left to top right,Take the lower left corner of the cloth and fold it over to the upper right.,natural,,0.7077956329889087,6.0022,-2.4791,0.09,False,64,generated_natural
fold the cloth from bottom left to top right,Grab the bottom left of the rag and fold it across to the top right.,natural,,0.7251534154071302,6.1137,-2.3193,0.0864,False,64,generated_natural
fold the cloth from bottom left to top right,take the bottom left of the orange towel and fold it to the top right,search,,0.7621654027370545,6.3516,-1.8347,0.0844,False,64,search_boards
fold the cloth from bottom left to top right,Pinch the bottom left corner of the cloth and fold it directly to the top right side.,natural,,0.7633857388413924,6.3594,-1.8527,0.083,False,64,generated_natural
fold the cloth from bottom left to top right,grab the bottom left corner of the orange towel and fold it top right,search,,0.8107002802868989,6.6635,-1.2697,0.0791,False,64,search_boards
fold the cloth from bottom left to top right,Fold the towel diagonally by moving the bottom left edge to the top right.,natural,,0.8183349780770361,6.7125,-1.1791,0.0783,False,64,generated_natural
fold the cloth from bottom left to top right,Just fold the cloth by dragging the bottom left corner all the way across to the top right.,natural,,0.8234554098827402,6.7454,-0.896,0.0865,False,64,generated_natural
fold the cloth from bottom left to top right,fold the bottom left of the orange towel over to the top right,search,,0.8519487846673309,6.9285,-0.8626,0.0717,False,64,search_boards
fold the cloth from bottom left to top right,Could you fold the material from the lower left to the upper right?,natural,,0.8719367558671417,7.057,-0.6185,0.0699,False,64,generated_natural
fold the cloth from bottom left to top right,fold the orange cloth from the bottom left corner to the top right,search,,0.8814380424543602,7.1181,-0.629,0.0641,False,64,search_boards
fold the cloth from bottom left to top right,fold the orange towel from bottom left to top right,search,,0.9367881490533572,7.4738,0.0855,0.0607,False,64,search_boards
fold the cloth from bottom left to top right,fold the cloth from bottom left to top right,original,,1.0,7.88,0.8948,0.0566,False,64,search_boards
fold the cloth from bottom right to top left,I would be most grateful if you could halve the exposed surface area of the cleaning material by conveying its bottom-rightmost tip across the diagonal in a fold until it rests precisely flush with the top-leftmost point.,adversarial,,0.0,4.3652,-4.5269,0.1542,False,64,generated_adversarial
fold the cloth from bottom right to top left,"Should it not impede your primary directives, perform a geometric reconfiguration of the textile by lifting the quadrant located at the furthest bottom-right position and securing it via a crease directly onto the diametrically opposed upper-left sector.",adversarial,,0.0237901410600602,4.4559,-4.6223,0.1425,False,64,generated_adversarial
fold the cloth from bottom right to top left,"Initiating your maneuver at the absolute bottom right of the woven matter, execute a crease by displacing that extremity until it comes to rest exactly upon the top left region.",adversarial,,0.0707713202777553,4.635,-4.2448,0.1415,False,64,generated_adversarial
fold the cloth from bottom right to top left,"Provided the workspace is clear, grasp the extremity of the woven textile situated at the lower right and, by means of a folding maneuver, transpose it directly atop the diametrically opposed upper left corner.",adversarial,,0.1469841795221403,4.9255,-3.9197,0.1286,False,64,generated_adversarial
fold the cloth from bottom right to top left,Take the bottom right corner of the cloth and fold it over to the top left.,natural,,0.3834860260768408,5.8271,-2.5802,0.1015,False,64,generated_natural
fold the cloth from bottom right to top left,Bring the bottom right corner of the cloth over to the top left so it's folded in half.,natural,,0.4244704051576973,5.9833,-2.3545,0.0966,False,64,generated_natural
fold the cloth from bottom right to top left,fold the bottom right tape of the green cloth to the top left tape,search,,0.4302676309830902,6.0054,-2.8142,0.0766,False,64,search_boards
fold the cloth from bottom right to top left,Grab the lower right of the material and fold it up to the top left corner.,natural,,0.4683101290842718,6.1504,-2.2098,0.0875,False,64,generated_natural
fold the cloth from bottom right to top left,fold the green cloth by moving the bottom right corner to the top left,search,,0.6161510750445658,6.714,-1.0493,0.0833,False,64,search_boards
fold the cloth from bottom right to top left,fold the green cloth from the bottom right edge to the top left edge,search,,0.6439287629510189,6.8199,-1.1671,0.0693,False,64,search_boards
fold the cloth from bottom right to top left,Fold this rag from the bottom right-hand side up to the top left.,natural,,0.6660745276766711,6.9043,-0.7413,0.0786,False,64,generated_natural
fold the cloth from bottom right to top left,"Please make a diagonal fold in the towel, moving the bottom right up to the upper left.",natural,,0.6698091476599407,6.9186,-0.8523,0.0729,False,64,generated_natural
fold the cloth from bottom right to top left,Fold the cloth by bringing its bottom right corner across to its top left corner.,natural,,0.6699013445012083,6.9189,-0.8392,0.0734,False,64,generated_natural
fold the cloth from bottom right to top left,Fold the piece of cloth in half by moving the bottom right edge to the top left.,natural,,0.674040544994347,6.9347,-0.9238,0.0687,False,64,generated_natural
fold the cloth from bottom right to top left,Can you fold the fabric diagonally from the lower right to the upper left?,natural,,0.6861156613321685,6.9807,-0.8502,0.0675,False,64,generated_natural
fold the cloth from bottom right to top left,diagonally fold the green cloth from bottom right to top left corner,search,,0.686199432676091,6.9811,-0.7444,0.0717,False,64,search_boards
fold the cloth from bottom right to top left,diagonally fold the green cloth from bottom right to top left,search,,0.7255781551980917,7.1312,-0.4896,0.0684,False,64,search_boards
fold the cloth from bottom right to top left,diagonally fold the green towel from bottom right to top left,search,,0.7549097154447995,7.243,-0.3456,0.0642,False,64,search_boards
fold the cloth from bottom right to top left,fold the green towel from bottom right to top left,search,,0.847348589682885,7.5954,0.176,0.0535,False,64,search_boards
fold the cloth from bottom right to top left,fold the cloth from bottom right to top left,original,,1.0,8.1773,1.2935,0.046,False,64,search_boards
fold the cloth from bottom to top,"Assuming the limp fabric is prepared for manipulation, initiate a precise halving operation by elevating its nadir boundary across its face until it rests identically upon the zenith margin.",adversarial,,0.0,0.1064,-7.7296,0.4047,False,64,generated_adversarial
fold the cloth from bottom to top,"I would greatly appreciate it if, without disturbing the surrounding workspace, you could bring the inferior hem of the textile up to meet the superior edge in a single fold.",adversarial,,0.1853264329293115,1.572,-6.3215,0.3305,False,64,generated_adversarial
fold the cloth from bottom to top,"Provided you can grasp the woven fabric generally used for wiping, execute a crease by relocating its lowest extremity all the way to its uppermost boundary.",adversarial,,0.1892030949406213,1.6027,-6.5434,0.3191,False,64,generated_adversarial
fold the cloth from bottom to top,Grab the lowest part of the rag and flip it over to the top edge.,natural,,0.4294734906127779,3.5028,-4.4853,0.232,False,64,generated_natural
fold the cloth from bottom to top,fold the white cloth in half up,search,,0.6227406762624063,5.0312,-3.2843,0.1442,False,64,search_boards
fold the cloth from bottom to top,"If it wouldn't be too much of a bother, kindly take the edge of the woven material closest to you and double it over until it rests flush against the furthest upper margin.",adversarial,,0.6503076940703821,5.2492,-3.9886,0.0973,False,64,generated_adversarial
fold the cloth from bottom to top,fold the white cloth in half upwards,search,,0.6509849672806254,5.2546,-3.3285,0.1227,False,64,search_boards
fold the cloth from bottom to top,"Just fold the cloth upwards, matching the bottom corners to the top ones.",natural,,0.752686602089312,6.0589,-2.2347,0.0946,False,64,generated_natural
fold the cloth from bottom to top,fold the bottom of the towel to the top,search,,0.7650857089983935,6.1569,-1.9399,0.0975,False,64,search_boards
fold the cloth from bottom to top,Bring the bottom edge of the cloth up to the top.,natural,,0.7656593064081539,6.1615,-2.5208,0.0743,False,64,generated_natural
fold the cloth from bottom to top,Please fold this piece of fabric from the lower side to the upper side.,natural,,0.8064625719689357,6.4842,-2.0564,0.064,False,64,generated_natural
fold the cloth from bottom to top,Fold that towel straight up from the bottom to the top.,natural,,0.8237072199626093,6.6205,-1.6272,0.0688,False,64,generated_natural
fold the cloth from bottom to top,Fold the material in half by bringing the bottom up to the top.,natural,,0.8339610770807367,6.7016,-1.7532,0.0567,False,64,generated_natural
fold the cloth from bottom to top,Take the bottom of the cloth and fold it upwards to meet the top.,natural,,0.8497909051782673,6.8268,-1.3922,0.0598,False,64,generated_natural
fold the cloth from bottom to top,"Starting at the bottom, fold the cloth up to the top edge.",natural,,0.8734599750313746,7.014,-0.8001,0.0666,False,64,generated_natural
fold the cloth from bottom to top,fold the white towel from bottom to top,search,,0.9615815262529268,7.7109,0.3458,0.05,False,64,search_boards
fold the cloth from bottom to top,fold the cloth from bottom to top,original,,1.0,8.0147,1.0077,0.0491,False,64,search_boards
fold the cloth from left to right,"If it is not too much trouble, kindly take the leftmost portion of the woven textile positioned in front of you and lay it directly atop the rightmost portion so as to double it over.",adversarial,,0.0,1.3557,-7.4195,0.3065,False,64,generated_adversarial
fold the cloth from left to right,Proceed to bifurcate the exposed surface area of the pliant material by grasping its sinistral margin and depositing it securely upon its dextral counterpart.,adversarial,,0.1479254030650631,2.3746,-5.7172,0.2833,False,64,generated_adversarial
fold the cloth from left to right,"Assuming you have identified the flexible material in your workspace, your objective is to effect a fold by transporting its westernmost border entirely across to the corresponding eastern edge.",adversarial,,0.2517803112232861,3.09,-5.6184,0.224,False,64,generated_adversarial
fold the cloth from left to right,move the left side of the orange cloth to the right,search,,0.3375334848016922,3.6806,-4.5444,0.214,False,64,search_boards
fold the cloth from left to right,"Provided the piece of woven material is present before you, kindly initiate a lateral fold by conveying the entirety of its left margin over the central axis to rest seamlessly upon its rightward limit.",adversarial,,0.3434347396906168,3.7213,-4.8421,0.1987,False,64,generated_adversarial
fold the cloth from left to right,Take the left side of the towel and flip it onto the right side.,natural,,0.3741511689468246,3.9328,-4.5458,0.1917,False,64,generated_natural
fold the cloth from left to right,move the left corner of the orange cloth to the right,search,,0.4083749670878588,4.1685,-4.3649,0.178,False,64,search_boards
fold the cloth from left to right,Double over the fabric by moving the left half to the right.,natural,,0.4397495061256737,4.3847,-3.9402,0.1755,False,64,generated_natural
fold the cloth from left to right,Pinch the left side of the cloth and pull it all the way over to the right to fold it.,natural,,0.4609324653688688,4.5306,-4.3249,0.1475,False,64,generated_natural
fold the cloth from left to right,Bring the left edge of the fabric over to the right side to fold it.,natural,,0.6471937388427873,5.8135,-3.3942,0.0707,False,64,generated_natural
fold the cloth from left to right,fold the left tape of the orange cloth to the right,search,,0.7084955830039209,6.2357,-1.5183,0.1071,False,64,search_boards
fold the cloth from left to right,fold the orange rag from left to right,search,,0.7707642158385997,6.6646,-0.7945,0.0976,False,64,search_boards
fold the cloth from left to right,Grab the cloth on the left and fold it across to the right.,natural,,0.8649819885735655,7.3136,-0.3154,0.0591,False,64,generated_natural
fold the cloth from left to right,"Fold the material in half, going from left to right.",natural,,0.8651385974986955,7.3147,-0.7972,0.0401,False,64,generated_natural
fold the cloth from left to right,Please fold this piece of cloth to the right.,natural,,0.8877897451344408,7.4707,-0.2216,0.0489,False,64,generated_natural
fold the cloth from left to right,Fold the rag from the left over to the right.,natural,,0.908445743643011,7.613,-0.16,0.0388,False,64,generated_natural
fold the cloth from left to right,fold the orange cloth in half from left to right,search,,0.9179233762496376,7.6782,0.2178,0.0478,False,64,search_boards
fold the cloth from left to right,fold the cloth from left to right,original,,1.0,8.2436,1.4353,0.0457,False,64,search_boards
fold the cloth from right to left,Commence a creasing procedure on the woven object placed before you by grasping its easternmost boundary and translating it across the median until it rests upon the western edge.,adversarial,,0.0,0.1397,-7.7351,0.4015,False,64,generated_adversarial
fold the cloth from right to left,"If you would be so kind as to assist me, take the flexible woven material resting before you and, initiating the manipulation on its rightward flank, bring it over to rest squarely upon the left.",adversarial,,0.523896641535134,4.3265,-4.0945,0.1746,False,64,generated_adversarial
fold the cloth from right to left,"Direct your manipulators to the starboard boundary of the planar textile and, ensuring the opposite half remains undisturbed, fold that grasped section laterally across the midline until it is superimposed perfectly upon the port margin.",adversarial,,0.5826724120292212,4.7963,-3.5327,0.1552,False,64,generated_adversarial
fold the cloth from right to left,Flip the right side of the rag over to the left side.,natural,,0.6770957364052801,5.5509,-2.4801,0.1298,False,64,generated_natural
fold the cloth from right to left,Bring the right side of the cloth over to the left.,natural,,0.7232650831945624,5.9198,-2.1454,0.1104,False,64,generated_natural
fold the cloth from right to left,Double over the cloth by pulling the right side to the left.,natural,,0.7384376202492295,6.0411,-1.8063,0.113,False,64,generated_natural
fold the cloth from right to left,Grab the right edge of that piece of cloth and fold it leftward.,natural,,0.7535042489248545,6.1615,-1.544,0.1127,False,64,generated_natural
fold the cloth from right to left,Please crease the fabric by moving the right edge over to the left.,natural,,0.7640805552440321,6.246,-1.4212,0.11,False,64,generated_natural
fold the cloth from right to left,"Assuming you have adequately identified the textile in your workspace, execute a folding maneuver such that the right extremity is ultimately deposited onto the left boundary.",adversarial,,0.7893679760208049,6.4481,-1.246,0.099,False,64,generated_adversarial
fold the cloth from right to left,Pinch the right side of the cloth and fold it all the way to the left.,natural,,0.8148825776056764,6.652,-0.926,0.0936,False,64,generated_natural
fold the cloth from right to left,"Taking the right half of the material, fold it towards the left.",natural,,0.833068659582306,6.7973,-0.6144,0.093,False,64,generated_natural
fold the cloth from right to left,fold the green dish cloth on the counter over to the left,search,,0.8403383173509129,6.8554,-0.5536,0.0902,False,64,search_boards
fold the cloth from right to left,fold the right half of the green cloth over to the left,search,,0.843943244258209,6.8842,-0.5238,0.0889,False,64,search_boards
fold the cloth from right to left,fold the green cleaning cloth on the counter from right to left,search,,0.8443406370816356,6.8874,-0.663,0.0831,False,64,search_boards
fold the cloth from right to left,fold the light green cleaning cloth on the counter from right to left,search,,0.8702739657544241,7.0947,-0.4762,0.0721,False,64,search_boards
fold the cloth from right to left,"Fold the textile over, starting from the right and ending on the left.",natural,,0.8719048835865143,7.1077,-0.2158,0.0812,False,64,generated_natural
fold the cloth from right to left,grasp the right side of the green cloth and fold it left,search,,0.8765578962746305,7.1449,-0.4512,0.0687,False,64,search_boards
fold the cloth from right to left,fold the green dish cloth on the counter from right to left,search,,0.881128473109376,7.1814,-0.0835,0.0799,False,64,search_boards
fold the cloth from right to left,fold the light green dish cloth on the counter from right to left,search,,0.8850506227217285,7.2128,-0.2175,0.0719,False,64,search_boards
fold the cloth from right to left,fold the green cloth in half starting from the right,search,,0.8889856215963747,7.2442,-0.2278,0.0687,False,64,search_boards
fold the cloth from right to left,gently fold the green dish cloth on the counter from right to left,search,,0.9035529045578456,7.3606,0.054,0.0695,False,64,search_boards
fold the cloth from right to left,gently fold the light green dish cloth on the counter from right to left,search,,0.9111720892534864,7.4215,0.1724,0.0687,False,64,search_boards
fold the cloth from right to left,gently fold the green cloth on the counter from right to left,search,,0.9151584369807566,7.4534,0.2805,0.0702,False,64,search_boards
fold the cloth from right to left,carefully fold the green dish cloth on the counter from right to left,search,,0.921201249207049,7.5017,0.3059,0.0669,False,64,search_boards
fold the cloth from right to left,carefully fold the light green dish cloth on the counter from right to left,search,,0.9256863001851172,7.5375,0.3163,0.0641,False,64,search_boards
fold the cloth from right to left,fold the cloth on the counter from right to left,search,,0.9487826976762992,7.7221,0.6763,0.062,False,64,search_boards
fold the cloth from right to left,fold the cloth from right to left,original,,1.0,8.1314,1.4763,0.0572,False,64,search_boards
fold the cloth from the bottom to the top,grab the bottom edge of the blue cloth and fold it up,search,,0.0,0.665,-7.4858,0.3649,False,64,search_boards
fold the cloth from the bottom to the top,"With your manipulators, apprehend the most inferior margin of the woven textile and execute a transverse fold by transporting this lower boundary vertically, terminating the motion only when it rests perfectly flush against the superior edge.",adversarial,,0.1048752362967663,1.4103,-6.4746,0.3388,False,64,generated_adversarial
fold the cloth from the bottom to the top,"Taking care to maintain an even crease, elevate the bottommost border of the material and carry it over its own surface until it comes into contact with the highest edge.",adversarial,,0.3307181031295322,3.0151,-5.5274,0.2342,False,64,generated_adversarial
fold the cloth from the bottom to the top,"Proceed to fold the pliable textile such that its inferior margin is transported to achieve spatial coincidence with its superior margin, establishing a transverse crease.",adversarial,,0.3524896612098495,3.1698,-5.531,0.2204,False,64,generated_adversarial
fold the cloth from the bottom to the top,Take the lower hem of the textile and fold it over to align with the top hem.,natural,,0.3642236905836587,3.2532,-5.5239,0.2133,False,64,generated_natural
fold the cloth from the bottom to the top,Bring the bottom edge of the cloth up to the top so it folds in half.,natural,,0.3988558909466582,3.4993,-5.522,0.1916,False,64,generated_natural
fold the cloth from the bottom to the top,fold the bottom half of the blue cloth upward,search,,0.4984395770822724,4.2069,-4.03,0.1877,False,64,search_boards
fold the cloth from the bottom to the top,Crease the cloth by bringing its bottom side all the way to the top.,natural,,0.5114666149297972,4.2995,-3.8579,0.1863,False,64,generated_natural
fold the cloth from the bottom to the top,"If you would be so kind, please grasp the lowest extremity of the woven material and fold it over by carrying that edge upward to achieve perfect alignment with the uppermost boundary.",adversarial,,0.5561132848563174,4.6168,-3.9364,0.1552,False,64,generated_adversarial
fold the cloth from the bottom to the top,Can you fold that piece of fabric up from the bottom?,natural,,0.6458327018647612,5.2543,-2.5657,0.1527,False,64,generated_natural
fold the cloth from the bottom to the top,Fold the fabric by moving the lower part up to the top edge.,natural,,0.6461418374601282,5.2565,-2.5528,0.153,False,64,generated_natural
fold the cloth from the bottom to the top,fold the light blue rag from bottom to top,search,,0.6478995962327601,5.269,-1.9655,0.175,False,64,search_boards
fold the cloth from the bottom to the top,fold the light blue towel from bottom to top,search,,0.6865585539046177,5.5437,-1.4631,0.1704,False,64,search_boards
fold the cloth from the bottom to the top,fold the light blue towel in half from bottom to top,search,,0.6889322407185596,5.5606,-1.3091,0.175,False,64,search_boards
fold the cloth from the bottom to the top,Grab the bottom of the material and fold it upwards to the top.,natural,,0.6901005449875988,5.5689,-2.026,0.1461,False,64,generated_natural
fold the cloth from the bottom to the top,fold the light blue cloth from bottom to top,search,,0.7059227285372033,5.6813,-1.2748,0.1657,False,64,search_boards
fold the cloth from the bottom to the top,Lift the bottom of the cloth and fold it over to meet the top.,natural,,0.7106057109486559,5.7146,-1.9124,0.1377,False,64,generated_natural
fold the cloth from the bottom to the top,Please fold the cloth upwards from the bottom.,natural,,0.7511769071631766,6.0029,-1.1874,0.1407,False,64,generated_natural
fold the cloth from the bottom to the top,fold the cloth from the bottom to the top,original,,1.0,7.771,1.404,0.0862,False,64,search_boards
fold the cloth from the left to the right,"Commencing strictly at the leftmost extremity of the pliable material, manipulate the aforementioned item such that it is brought completely across to rest upon its own rightward boundary.",adversarial,,0.0,0.9069,-7.1703,0.3559,False,64,generated_adversarial
fold the cloth from the left to the right,"To achieve the desired spatial configuration of the flat woven sheet situated before you, please crease it by migrating the entirety of its sinistral boundary across the geometric median until it superimposes upon the dextral margin.",adversarial,,0.3229025202067866,3.1963,-5.5286,0.2181,False,64,generated_adversarial
fold the cloth from the left to the right,"Directing your attention to the flexible woven sheet situated before you, kindly acquire its port-facing boundary and transpose it laterally, draping it over itself until it aligns perfectly with the starboard edge.",adversarial,,0.3961685384940975,3.7158,-5.3238,0.1803,False,64,generated_adversarial
fold the cloth from the left to the right,Bring the cloth's left edge across to meet the right edge.,natural,,0.4510422800015582,4.1048,-4.1469,0.1921,False,64,generated_natural
fold the cloth from the left to the right,"Assuming all operational conditions are currently satisfied, I would be most grateful if you could grasp the woven textile typically used for wiping and double it over upon itself from the left to the right.",adversarial,,0.4650050033687025,4.2038,-4.7161,0.161,False,64,generated_adversarial
fold the cloth from the left to the right,bring the left edge of the light blue towel over to the right,search,,0.5577659205659402,4.8615,-3.695,0.143,False,64,search_boards
fold the cloth from the left to the right,Please double the textile over by bringing the left half to the right.,natural,,0.612882383338962,5.2523,-3.341,0.1224,False,64,generated_natural
fold the cloth from the left to the right,Take the left edge of the fabric and bring it over to the right side.,natural,,0.626911508515469,5.3517,-2.7852,0.1355,False,64,generated_natural
fold the cloth from the left to the right,"Moving from left to right, fold the fabric in half.",natural,,0.64115768781557,5.4527,-3.0665,0.1155,False,64,generated_natural
fold the cloth from the left to the right,Fold that cloth left to right for me.,natural,,0.6969832253447105,5.8485,-2.4441,0.105,False,64,generated_natural
fold the cloth from the left to the right,grab the left corner of the light blue towel and fold it to the right,search,,0.7237571796360935,6.0384,-2.4359,0.0885,False,64,search_boards
fold the cloth from the left to the right,Grab the left side of the cloth and fold it towards the right.,natural,,0.7519380436978212,6.2382,-1.6823,0.1005,False,64,generated_natural
fold the cloth from the left to the right,fold the left side of the light blue towel to the right,search,,0.7826354727239601,6.4558,-1.623,0.0836,False,64,search_boards
fold the cloth from the left to the right,fold the blue cloth horizontally from left to right,search,,0.7943731459821217,6.539,-1.6338,0.0758,False,64,search_boards
fold the cloth from the left to the right,fold the left part of the light blue towel over to the right,search,,0.8013318432757436,6.5884,-1.6058,0.0725,False,64,search_boards
fold the cloth from the left to the right,grab the left side of the blue cloth and fold it right,search,,0.8066631760897657,6.6262,-1.1814,0.0858,False,64,search_boards
fold the cloth from the left to the right,Fold the cloth over from left to right.,natural,,0.8151536700351779,6.6864,-1.0565,0.0854,False,64,generated_natural
fold the cloth from the left to the right,fold the light blue towel in half from left to right,search,,0.8245257712176689,6.7528,-1.2354,0.0725,False,64,search_boards
fold the cloth from the left to the right,Can you fold that piece of material from the left over to the right?,natural,,0.8447088892120989,6.8959,-1.0031,0.069,False,64,generated_natural
fold the cloth from the left to the right,fold the left corner of the blue cloth to the right,search,,0.8749663679508384,7.1104,-0.8013,0.058,False,64,search_boards
fold the cloth from the left to the right,fold the cloth from the left to the right,original,,1.0,7.9969,1.0498,0.0524,False,64,search_boards
fold the cloth from the top left to the bottom right,"Without disturbing the underlying surface, pinch the superior left boundary of the fabric and double it over diagonally, concluding the manipulation only when that gripped section coincides with the inferior right corner.",adversarial,,0.0,3.049,-6.4145,0.1964,False,64,generated_adversarial
fold the cloth from the top left to the bottom right,fold the blue cloth diagonally from top left to bottom right,search,,0.3080544958108404,4.6253,-3.7851,0.1604,False,64,search_boards
fold the cloth from the top left to the bottom right,"Should it be within your operational capacity to deform the planar textile, kindly isolate its uppermost leftward extremity and transpose it diagonally until it is perfectly superimposed over the lowermost rightward boundary.",adversarial,,0.3631993279633138,4.9075,-4.3011,0.1152,False,64,generated_adversarial
fold the cloth from the top left to the bottom right,"Assuming you are prepared to manipulate the flexible material situated before you, kindly ensure that the region occupying the top left is folded entirely across until it rests flush against the bottom right.",adversarial,,0.4206696756547154,5.2016,-3.471,0.1218,False,64,generated_adversarial
fold the cloth from the top left to the bottom right,"Commencing with the uppermost left-hand section of the woven textile, execute a diagonal crease by folding that specific portion over to the diametrically opposed bottom right corner.",adversarial,,0.491264481379267,5.5628,-3.1938,0.1008,False,64,generated_adversarial
fold the cloth from the top left to the bottom right,fold the blue cloth from top left to bottom right,search,,0.5073904716983968,5.6453,-1.858,0.1459,False,64,search_boards
fold the cloth from the top left to the bottom right,fold the blue cloth starting from top left to bottom right,search,,0.5693848259372387,5.9625,-1.6762,0.125,False,64,search_boards
fold the cloth from the top left to the bottom right,fold the blue cloth from top left to bottom right corner,search,,0.6076630649732799,6.1584,-1.3683,0.1198,False,64,search_boards
fold the cloth from the top left to the bottom right,grab the top left corner of the blue towel and fold it to the bottom right,search,,0.6425693804837835,6.337,-1.6483,0.0931,False,64,search_boards
fold the cloth from the top left to the bottom right,"Pull the top left of the cloth down to meet the bottom right, creating a diagonal fold.",natural,,0.6479266662002999,6.3644,-1.5121,0.096,False,64,generated_natural
fold the cloth from the top left to the bottom right,Bring the top left of the rag down to the bottom right to fold it.,natural,,0.6681536303357992,6.4679,-1.4693,0.0885,False,64,generated_natural
fold the cloth from the top left to the bottom right,fold the towel from top left to bottom right,search,,0.7042501587607826,6.6526,-1.1317,0.0855,False,64,search_boards
fold the cloth from the top left to the bottom right,Take the fabric's upper left corner and fold it over to the lower right.,natural,,0.7045669404046332,6.6542,-1.1382,0.0851,False,64,generated_natural
fold the cloth from the top left to the bottom right,Grab the top left of the material and make a fold across to the bottom right.,natural,,0.7234428187394467,6.7508,-0.9798,0.0827,False,64,generated_natural
fold the cloth from the top left to the bottom right,Fold the upper left part of the textile down to the lower right.,natural,,0.7295633447991714,6.7821,-0.623,0.094,False,64,generated_natural
fold the cloth from the top left to the bottom right,Can you fold the cloth by bringing the top left over to the bottom right?,natural,,0.7404548267368898,6.8379,-0.7749,0.0831,False,64,generated_natural
fold the cloth from the top left to the bottom right,Fold the top left corner of the cloth down to the bottom right.,natural,,0.7559142236135671,6.917,-0.5088,0.0866,False,64,generated_natural
fold the cloth from the top left to the bottom right,"Please fold this piece of cloth, moving the top left side to the bottom right.",natural,,0.782631239939895,7.0537,-0.4014,0.0787,False,64,generated_natural
fold the cloth from the top left to the bottom right,fold the cloth from top left to bottom right,search,,0.7997302569090712,7.1412,-0.494,0.0673,False,64,search_boards
fold the cloth from the top left to the bottom right,fold the cloth from the top left to the bottom right,original,,1.0,8.1659,1.4622,0.0536,False,64,search_boards
fold the cloth from top left to bottom right,"Without disturbing the rest of the workspace, grasp the woven object by its uppermost left extremity and traverse it diagonally until it aligns with the absolute bottom right extremity to achieve a bisecting fold.",adversarial,,0.0,3.904,-5.2852,0.1652,False,64,generated_adversarial
fold the cloth from top left to bottom right,fold the blue cloth diagonally from top left to bottom right,search,,0.1347852484165884,4.4936,-4.1018,0.1596,False,64,search_boards
fold the cloth from top left to bottom right,"Should you possess the required articulation, kindly effectuate a diagonal fold upon the woven fabric by apprehending the vertex in the supreme left quadrant and translating it until it is superimposed directly upon the lowermost right-hand terminus.",adversarial,,0.1977673720071573,4.7691,-4.6362,0.1142,False,64,generated_adversarial
fold the cloth from top left to bottom right,"Regarding the flexible item commonly used for wiping or covering, execute a diagonal crease by translating the corner currently occupying the top left spatial coordinate directly over to the bottom right position.",adversarial,,0.2088404296471706,4.8175,-4.1759,0.128,False,64,generated_adversarial
fold the cloth from top left to bottom right,Pinch the top left corner of the cloth and pull it diagonally to meet the bottom right corner.,natural,,0.2286250258601854,4.9041,-4.1309,0.1222,False,64,generated_natural
fold the cloth from top left to bottom right,Grab the top left of the fabric and bring it over to the bottom right corner.,natural,,0.2737478401559146,5.1014,-3.3988,0.1335,False,64,generated_natural
fold the cloth from top left to bottom right,"The cloth needs to be folded, so pull the top left part across to the bottom right.",natural,,0.362452744543784,5.4894,-3.4187,0.0984,False,64,generated_natural
fold the cloth from top left to bottom right,"Provided all systems are operational, I would be most grateful if you could see to folding the textile by acquiring its uppermost left-hand extremity and relocating it until it comes to rest upon the lower rightmost boundary.",adversarial,,0.3770945916055878,5.5535,-2.7307,0.1198,False,64,generated_adversarial
fold the cloth from top left to bottom right,Fold this piece of cloth by moving the top left corner down to the bottom right one.,natural,,0.4044137342099592,5.673,-2.4633,0.1197,False,64,generated_natural
fold the cloth from top left to bottom right,fold the blue towel diagonally from top left to bottom right,search,,0.4146509668788711,5.7178,-2.5011,0.1143,False,64,search_boards
fold the cloth from top left to bottom right,fold the blue cloth from the top corner to the bottom right,search,,0.4218722551315907,5.7494,-2.24,0.1217,False,64,search_boards
fold the cloth from top left to bottom right,fold the blue towel diagonally towards the bottom right,search,,0.4494262602516324,5.8699,-2.2257,0.1116,False,64,search_boards
fold the cloth from top left to bottom right,fold the blue cloth down diagonally to the bottom right,search,,0.4542193386186863,5.8908,-1.8722,0.1237,False,64,search_boards
fold the cloth from top left to bottom right,fold the blue cloth down diagonally towards the bottom right corner,search,,0.461003020407247,5.9205,-1.8078,0.1236,False,64,search_boards
fold the cloth from top left to bottom right,Please take the upper left edge of the material and fold it down to the bottom right.,natural,,0.4745520120600027,5.9798,-1.9706,0.112,False,64,generated_natural
fold the cloth from top left to bottom right,fold the blue rag diagonally from top left to bottom right,search,,0.5054349392726614,6.1149,-2.2435,0.0893,False,64,search_boards
fold the cloth from top left to bottom right,Can you fold that cloth diagonally from the upper left to the lower right?,natural,,0.5651213083150671,6.3759,-1.4665,0.0968,False,64,generated_natural
fold the cloth from top left to bottom right,Fold the top left corner of the cloth down to the bottom right.,natural,,0.5909879819525926,6.4891,-1.369,0.0906,False,64,generated_natural
fold the cloth from top left to bottom right,Start at the top left and fold the cloth over to the bottom right.,natural,,0.8277998693810004,7.5249,-0.2801,0.0418,False,64,generated_natural
fold the cloth from top left to bottom right,fold the cloth from top left to bottom right,original,,1.0,8.2782,1.547,0.047,False,64,search_boards
fold the cloth from top left to bottom right,"Contingent upon your current processing load, I require you to address the laid-out textile by securing its supreme upper-leftward corner and conveying it across the diagonal to precisely overlap the lowermost right-hand tip, thereby halving the object's exposed surface area.",adversarial,,,,,,True,80,generated_adversarial
fold the cloth from top right to bottom left,Bring the top right corner of the rag down to meet the bottom left edge,natural,,0.0,4.7478,-3.3898,0.1651,False,64,generated_natural
fold the cloth from top right to bottom left,"Provided you have grasped the portion of the textile residing in the upper right quadrant, fold it directly athwart the center to unite with the diametrically opposite lower left section",adversarial,,0.2251739950686034,5.5637,-2.5636,0.1254,False,64,generated_adversarial
fold the cloth from top right to bottom left,"Executing a diagonal crease, maneuver the superior right-hand sector of the flexible textile until it is completely superimposed upon the inferior left-hand position",adversarial,,0.2571846267298755,5.6797,-2.3199,0.1247,False,64,generated_adversarial
fold the cloth from top right to bottom left,"If it is within your operational parameters to do so, kindly grasp the uppermost right-hand apex of the fabric and fold it across the diagonal axis until it squarely meets the inferior leftward boundary.",adversarial,,0.3421254298574226,5.9875,-2.1546,0.104,False,64,generated_adversarial
fold the cloth from top right to bottom left,fold the top edge of the blue rag towards the bottom left,search,,0.366246242412395,6.0749,-1.5021,0.122,False,64,search_boards
fold the cloth from top right to bottom left,I would be most grateful if you could take the uppermost rightward extremity of the woven fabric and fold it over until it rests upon the lower left boundary,adversarial,,0.4040765105809803,6.212,-1.7071,0.1018,False,64,generated_adversarial
fold the cloth from top right to bottom left,Pull the top right edge of the towel across to the bottom left corner to fold it,natural,,0.432392075337532,6.3146,-1.4499,0.1028,False,64,generated_natural
fold the cloth from top right to bottom left,Take the top right corner of the cloth and fold it down to the bottom left,natural,,0.5001194681554388,6.56,-1.0365,0.0974,False,64,generated_natural
fold the cloth from top right to bottom left,fold the top of the blue rag towards the bottom left,search,,0.5208373485626207,6.6351,-1.1037,0.0881,False,64,search_boards
fold the cloth from top right to bottom left,Fold the upper right part of the fabric over to the lower left,natural,,0.5524831875115734,6.7498,-0.8614,0.0875,False,64,generated_natural
fold the cloth from top right to bottom left,Can you fold the rag from the upper right down to the lower left,natural,,0.6005213074149208,6.9238,-0.424,0.0893,False,64,generated_natural
fold the cloth from top right to bottom left,Grab the cloth's top right hand side and fold it over to the bottom left,natural,,0.6041888794506493,6.9371,-0.5104,0.0847,False,64,generated_natural
fold the cloth from top right to bottom left,diagonal fold of the blue rag from top right to bottom left,search,,0.6321585957434215,7.0385,-0.3469,0.0822,False,64,search_boards
fold the cloth from top right to bottom left,"Please fold that piece of material diagonally, matching the top right to the bottom left",natural,,0.6662794770043391,7.1621,-0.0327,0.0836,False,64,generated_natural
fold the cloth from top right to bottom left,fold the blue cloth in half diagonally towards the bottom left,search,,0.6676193604399888,7.167,-0.4248,0.0678,False,64,search_boards
fold the cloth from top right to bottom left,Fold the cloth by bringing the top right corner to the bottom left,natural,,0.6966516337595337,7.2722,0.173,0.082,False,64,generated_natural
fold the cloth from top right to bottom left,diagonal fold the blue cloth from top right to bottom left,search,,0.7096542678069004,7.3193,0.3246,0.0838,False,64,search_boards
fold the cloth from top right to bottom left,diagonal fold of the blue cloth from top right to bottom left,search,,0.7779380130677103,7.5667,0.2851,0.0603,False,64,search_boards
fold the cloth from top right to bottom left,fold the cloth from top right to bottom left,original,,1.0,8.3713,1.6294,0.042,False,64,search_boards
fold the cloth from top to bottom,"Proceed to execute a downward fold on the planar material, ensuring that the apex is translated directly to the nadir.",adversarial,,0.0,3.0651,-6.0211,0.2104,False,64,generated_adversarial
fold the cloth from top to bottom,pull the top corner of the blue cloth down,search,,0.2456498347881154,4.2407,-4.2606,0.1757,False,64,search_boards
fold the cloth from top to bottom,fold the blue cloth by pulling the top down,search,,0.3347946160159007,4.6673,-4.1488,0.1424,False,64,search_boards
fold the cloth from top to bottom,"Regarding the flexible item normally used for wiping things up, manipulate it by taking its highest-placed section and dragging it down to superimpose it precisely over the bottommost section.",adversarial,,0.3916245928740166,4.9392,-4.156,0.1181,False,64,generated_adversarial
fold the cloth from top to bottom,I would be exceedingly grateful if you could take the woven textile situated before you and crease it such that its superior margin is united with its inferior margin.,adversarial,,0.3958360596583185,4.9594,-4.0313,0.1212,False,64,generated_adversarial
fold the cloth from top to bottom,grab the top edge of the blue cloth and pull it down,search,,0.4839839893264795,5.3812,-3.1994,0.1166,False,64,search_boards
fold the cloth from top to bottom,"Provided your manipulators are clear, grasp the uppermost boundary of the fabric and invert it downwards until it aligns perfectly with the lower boundary.",adversarial,,0.5048428315339172,5.4811,-3.2405,0.1061,False,64,generated_adversarial
fold the cloth from top to bottom,Bring the top edge of the cloth down to meet the bottom edge.,natural,,0.5168435226016983,5.5385,-2.7015,0.1222,False,64,generated_natural
fold the cloth from top to bottom,pull the top edge of the blue cloth down to fold it,search,,0.5671536376187902,5.7793,-2.5951,0.1052,False,64,search_boards
fold the cloth from top to bottom,pull the top of the blue cloth down to fold it,search,,0.5849216144462746,5.8643,-2.7717,0.0907,False,64,search_boards
fold the cloth from top to bottom,Fold the cloth straight down.,natural,,0.588059959651243,5.8793,-2.5298,0.0989,False,64,generated_natural
fold the cloth from top to bottom,Fold the top of the rag all the way down to the bottom.,natural,,0.5950534887691569,5.9128,-1.9476,0.1188,False,64,generated_natural
fold the cloth from top to bottom,fold the blue cloth downward from the top,search,,0.5965879695069941,5.9201,-2.2349,0.1069,False,64,search_boards
fold the cloth from top to bottom,Grab the top of the fabric and pull it down to the bottom to fold it.,natural,,0.6495960188069897,6.1738,-1.9707,0.0948,False,64,generated_natural
fold the cloth from top to bottom,Take the upper part of the material and fold it over to the bottom.,natural,,0.7097671203915927,6.4617,-1.7521,0.078,False,64,generated_natural
fold the cloth from top to bottom,Make a fold in the cloth by bringing the top side down to the bottom side.,natural,,0.7482038267929216,6.6457,-1.2182,0.0827,False,64,generated_natural
fold the cloth from top to bottom,Can you just fold this cloth from the top edge to the bottom edge?,natural,,0.7507154982866544,6.6577,-1.1139,0.0857,False,64,generated_natural
fold the cloth from top to bottom,Please fold the fabric downwards from top to bottom.,natural,,0.8901427040114867,7.325,-0.1259,0.0656,False,64,generated_natural
fold the cloth from top to bottom,fold the cloth from top to bottom,original,,1.0,7.8507,0.9925,0.063,False,64,search_boards
lever vertical to front,"Assuming you possess the necessary actuation capabilities, locate the control rod positioned strictly perpendicularly to the base and ensure it is fully translated into the extreme foreground.",adversarial,,0.0,3.6598,-2.5954,0.2924,False,64,generated_adversarial
lever vertical to front,"Without interacting with any other objects, firmly grasp the perpendicularly oriented switch arm and convey it straight toward the observer until it has been relocated to the extreme anterior edge of the workspace.",adversarial,,0.0156773791280807,3.7083,-3.1122,0.2678,False,64,generated_adversarial
lever vertical to front,rotate the faucet handle forward,search,,0.1048538402504101,3.9842,-2.121,0.2824,False,64,search_boards
lever vertical to front,rotate the faucet handle to the front,search,,0.1752016487717684,4.2018,-1.9774,0.2688,False,64,search_boards
lever vertical to front,turn the faucet handle to point forward,search,,0.1777016810257487,4.2096,-1.8712,0.2722,False,64,search_boards
lever vertical to front,pull the faucet handle to the front,search,,0.3079320105741455,4.6124,-1.4958,0.2514,False,64,search_boards
lever vertical to front,push the faucet handle to the front,search,,0.396679755847979,4.887,-1.4753,0.2279,False,64,search_boards
lever vertical to front,move the silver handle to the front,search,,0.4164827959252672,4.9483,-2.2718,0.1913,False,64,search_boards
lever vertical to front,"The actuating protrusion, which you will notice is extending upward at a right angle, must be manually guided away from its current location and situated directly in the frontal zone.",adversarial,,0.5050871785737752,5.2224,-1.5868,0.1939,False,64,generated_adversarial
lever vertical to front,"Provided the workspace is clear, please be so kind as to shift the component that is currently standing completely upright into the most forward position available.",adversarial,,0.5134700918783591,5.2483,-1.2951,0.2031,False,64,generated_adversarial
lever vertical to front,push the silver handle to the front,search,,0.53532010591013,5.3159,-1.6145,0.1846,False,64,search_boards
lever vertical to front,turn the silver handle to the front,search,,0.5600648774261906,5.3925,-1.6936,0.1747,False,64,search_boards
lever vertical to front,Move the upright handle forward.,natural,,0.6118001655331538,5.5525,-1.1963,0.1801,False,64,generated_natural
lever vertical to front,turn the faucet knob to the front,search,,0.6278859555577387,5.6023,-1.0881,0.18,False,64,search_boards
lever vertical to front,move the faucet lever to the front,search,,0.7253170426204948,5.9037,-0.6566,0.1703,False,64,search_boards
lever vertical to front,Grab the vertical handle and pull it all the way forward.,natural,,0.838845051939614,6.2549,-0.6885,0.138,False,64,generated_natural
lever vertical to front,Take the lever that's pointing straight up and drag it to the front edge.,natural,,0.8761392755867367,6.3703,-0.3421,0.1414,False,64,generated_natural
lever vertical to front,Slide the upright lever to the front of the workspace.,natural,,0.923593925689094,6.5171,-0.2186,0.1333,False,64,generated_natural
lever vertical to front,Shift the standing lever towards the front.,natural,,0.9678637543423146,6.6541,-0.141,0.1242,False,64,generated_natural
lever vertical to front,Bring the vertical lever to the front position.,natural,,0.969620988052254,6.6595,-0.0289,0.1282,False,64,generated_natural
lever vertical to front,Pull the vertical lever to the front.,natural,,0.9767453161236006,6.6815,-0.019,0.1266,False,64,generated_natural
lever vertical to front,move the silver lever to the front,search,,0.9839827116663192,6.7039,-0.1633,0.119,False,64,search_boards
lever vertical to front,Make sure the vertical lever is moved to the very front.,natural,,0.9857897537749571,6.7095,-0.0794,0.1218,False,64,generated_natural
lever vertical to front,lever vertical to front,original,,1.0,6.7535,0.0789,0.1241,False,64,search_boards
lift bowl,"If you are capable of doing so, I would kindly request that you enact an upward vertical displacement upon the deep, open-topped dish typically used for eating soup.",adversarial,,0.0,4.1559,-3.6451,0.2073,False,64,generated_adversarial
lift bowl,"Assuming all safety conditions are met, I ask that you manually levitate the broad, concave vessel designated for eating porridge so that it ceases to contact the underlying plane.",adversarial,,0.0790870307890038,4.4081,-2.2662,0.2392,False,64,generated_adversarial
lift bowl,"The concave receptacle resting in front of you, which one might fill with liquid provisions, ought to be hoisted into the air forthwith.",adversarial,,0.0957077434318216,4.4611,-2.8953,0.2098,False,64,generated_adversarial
lift bowl,"Provided that you have secured a sufficient grip on the hemispherical dish intended for liquids, proceed to increase its altitude relative to the current resting plane.",adversarial,,0.137249988555516,4.5935,-2.9281,0.1968,False,64,generated_adversarial
lift bowl,grab the blue bowl,search,,0.5081446092242315,5.7762,-1.1562,0.1619,False,64,search_boards
lift bowl,Could you raise that soup bowl for me?,natural,,0.5523126030069789,5.917,-0.8406,0.1619,False,64,generated_natural
lift bowl,Grab the ceramic bowl and lift it up.,natural,,0.5537809476510246,5.9217,-1.046,0.1534,False,64,generated_natural
lift bowl,grab the light blue bowl,search,,0.6107510274147088,6.1033,-0.894,0.1433,False,64,search_boards
lift bowl,pick up the blue bowl,search,,0.6542447250305873,6.242,-0.7057,0.1385,False,64,search_boards
lift bowl,grab and lift the blue bowl,search,,0.6689538056803535,6.2889,-0.6338,0.1371,False,64,search_boards
lift bowl,Just lift the serving bowl up a bit.,natural,,0.6752328897612894,6.3089,-0.6093,0.1363,False,64,generated_natural
lift bowl,Please elevate the bowl off the table.,natural,,0.6756381917601793,6.3102,-1.3925,0.1055,False,64,generated_natural
lift bowl,pick up the light blue bowl,search,,0.6927010552034092,6.3646,-0.5944,0.132,False,64,search_boards
lift bowl,Hoist the bowl into the air.,natural,,0.7005454427975055,6.3896,-0.6818,0.1264,False,64,generated_natural
lift bowl,I need you to lift this bowl.,natural,,0.7081107798637074,6.4138,-0.6653,0.1249,False,64,generated_natural
lift bowl,grab and lift blue bowl,search,,0.7110554313940356,6.4232,-0.393,0.1347,False,64,search_boards
lift bowl,Pick up the bowl.,natural,,0.7237576083948323,6.4637,-0.7503,0.1171,False,64,generated_natural
lift bowl,pick up light blue bowl,search,,0.734704903538215,6.4986,-0.3342,0.1304,False,64,search_boards
lift bowl,Take the bowl and hold it up.,natural,,0.7934554331487402,6.6859,-0.4253,0.1103,False,64,generated_natural
lift bowl,lift bowl,original,,1.0,7.3445,0.6377,0.0938,False,64,search_boards
move drying rack out of sink,It is strictly required that the slotted frame designated for dripping wet plates be fully evacuated from the confines of the plumbing fixture.,adversarial,,0.0,1.8855,-8.0733,0.234,False,64,generated_adversarial
move drying rack out of sink,"The contraption meant for holding wet dishes, which presently occupies the interior of the sink, must be promptly relocated to a position exterior to it.",adversarial,,0.0579309405542609,2.2456,-7.1457,0.2386,False,64,generated_adversarial
move drying rack out of sink,It is imperative that the open-wire structure upon which one rests dripping plates be transposed from the interior of the washbasin to a position completely outside of it.,adversarial,,0.2219148638519332,3.2648,-6.7078,0.1658,False,64,generated_adversarial
move drying rack out of sink,remove the grey dish organizer from the sink,search,,0.244864878331487,3.4075,-5.7909,0.1892,False,64,search_boards
move drying rack out of sink,pull the grey utensil basket out of the sink,search,,0.3160785673270966,3.8501,-4.6448,0.1951,False,64,search_boards
move drying rack out of sink,pull the grey dish basket out of the sink,search,,0.4992143501712784,4.9884,-2.7937,0.1672,False,64,search_boards
move drying rack out of sink,Would you be so kind as to extract the grid-like apparatus utilized for air-drying tableware from its current position inside the washing basin?,adversarial,,0.581301261530031,5.4986,-4.7166,0.0466,False,64,generated_adversarial
move drying rack out of sink,Can you take the dish rack out of the washbasin?,natural,,0.6086246669963843,5.6684,-3.0069,0.0988,False,64,generated_natural
move drying rack out of sink,take the grey utensil basket out of the sink,search,,0.7161305013291928,6.3367,-2.7837,0.0485,False,64,search_boards
move drying rack out of sink,take the grey plastic basket out of the sink,search,,0.7305079210012537,6.426,-2.3879,0.0561,False,64,search_boards
move drying rack out of sink,take the grey utensil holder out of the sink,search,,0.7326603364376592,6.4394,-2.915,0.0343,False,64,search_boards
move drying rack out of sink,take the grey dish basket out of the sink,search,,0.7972278832739699,6.8407,-1.9085,0.0383,False,64,search_boards
move drying rack out of sink,Grab that plastic dish drainer and get it out of the sink.,natural,,0.8204894745810871,6.9853,-1.6561,0.0355,False,64,generated_natural
move drying rack out of sink,Lift the wire rack out of the sink.,natural,,0.8784452878785625,7.3455,-1.0308,0.0282,False,64,generated_natural
move drying rack out of sink,take the dish rack out of the sink,search,,0.8898184389223588,7.4162,-0.9153,0.0265,False,64,search_boards
move drying rack out of sink,Move the drying rack so it is no longer inside the sink.,natural,,0.8988565818076658,7.4724,-0.8216,0.0252,False,64,generated_natural
move drying rack out of sink,Please remove the drying rack from the sink.,natural,,0.952365775956466,7.805,-0.1123,0.0237,False,64,generated_natural
move drying rack out of sink,Clear the drying rack from the sink.,natural,,0.956045052665046,7.8279,-0.0685,0.0234,False,64,generated_natural
move drying rack out of sink,Get the drying rack out of the sink for me.,natural,,0.9576703100690238,7.838,-0.114,0.0207,False,64,generated_natural
move drying rack out of sink,"I need the drying rack moved out of the sink, please.",natural,,0.9639466873659772,7.877,-0.0153,0.0211,False,64,generated_natural
move drying rack out of sink,move drying rack out of sink,original,,1.0,8.1011,0.4495,0.0196,False,64,search_boards
move light switch to the right,"Directing your attention to the mechanism one would utilize to brighten the room, proceed to manually translate its toggle along the horizontal axis specifically to the right.",adversarial,,0.0,6.2043,-3.8417,0.0186,False,64,generated_adversarial
move light switch to the right,"Assuming you have identified the manual control for the overhead illumination, kindly apply a lateral force to displace it in a strictly rightward direction.",adversarial,,0.0574234462377522,6.3354,-3.2387,0.0307,False,64,generated_adversarial
move light switch to the right,"If it is not too much trouble, locate the apparatus used to control the room's illumination and physically shift its position to the right.",adversarial,,0.0686096826021736,6.361,-3.4153,0.0215,False,64,generated_adversarial
move light switch to the right,"Pertaining to the small lever that one manipulates to turn on the power, it is required that you apply force to it such that it travels rightward.",adversarial,,0.2045491972973631,6.6714,-3.0037,0.0103,False,64,generated_adversarial
move light switch to the right,push the little white switch to the right,search,,0.6709969420214373,7.7366,-0.4917,0.0148,False,64,search_boards
move light switch to the right,flip the little switch to the right,search,,0.7079175964115846,7.8209,-0.4316,0.0097,False,64,search_boards
move light switch to the right,push the little switch right,search,,0.7314714288855262,7.8747,-0.3822,0.0069,False,64,search_boards
move light switch to the right,flip the toggle switch to the right,search,,0.7314749526527498,7.8747,-0.2318,0.0128,False,64,search_boards
move light switch to the right,push the little switch to the right,search,,0.7701400357839866,7.963,-0.1241,0.0093,False,64,search_boards
move light switch to the right,push the switch right,search,,0.8030007755327819,8.038,0.0506,0.0095,False,64,search_boards
move light switch to the right,Flip the switch into the right position.,natural,,0.8114127879706611,8.0572,-0.05,0.0038,False,64,generated_natural
move light switch to the right,toggle the switch right,search,,0.8273912698945628,8.0937,0.1222,0.0074,False,64,search_boards
move light switch to the right,Shift the switch rightward.,natural,,0.885334882062758,8.226,0.3364,0.0041,False,64,generated_natural
move light switch to the right,Slide that switch over to the right.,natural,,0.9165767548223044,8.2974,0.5113,0.0047,False,64,generated_natural
move light switch to the right,Make sure the light switch is pushed to the right side.,natural,,0.9190000857486508,8.3029,0.4922,0.0034,False,64,generated_natural
move light switch to the right,Can you nudge the light switch to the right?,natural,,0.934550684425473,8.3384,0.5906,0.0042,False,64,generated_natural
move light switch to the right,"To the right, please move the light switch.",natural,,0.9487836923492784,8.3709,0.6669,0.0043,False,64,generated_natural
move light switch to the right,Flick the light switch over to the right.,natural,,0.9562397766627756,8.388,0.692,0.0038,False,64,generated_natural
move light switch to the right,Push the light switch to the right.,natural,,0.96594730201632,8.4101,0.7433,0.0038,False,64,generated_natural
move light switch to the right,move light switch to the right,original,,1.0,8.4879,1.0362,0.0085,False,64,search_boards
move the cloth from left to right,move the blue cloth over the stove to the right,search,,0.0,5.3922,-3.1976,0.1157,False,64,search_boards
move the cloth from left to right,drag the blue cloth to the right side of the stove,search,,0.0081576192536281,5.4166,-2.7197,0.1323,False,64,search_boards
move the cloth from left to right,"Should it be within your immediate capabilities to do so, I request that you single out the drapable material currently residing on your left extremity, and convey it laterally until it occupies the corresponding sector on your right.",adversarial,,0.0131427626546969,5.4315,-3.6088,0.0961,False,64,generated_adversarial
move the cloth from left to right,Grab the cleaning rag on the left and move it to the right of the workspace.,natural,,0.1018298989424462,5.6967,-2.7947,0.1046,False,64,generated_natural
move the cloth from left to right,Take the piece of fabric on the left and put it on the right.,natural,,0.1103499932152341,5.7222,-2.3116,0.1213,False,64,generated_natural
move the cloth from left to right,"In the event that your actuators are ready, identify the limp absorbent entity stationed in the leftward zone and compel it laterally until it reaches its final destination on the right.",adversarial,,0.1254585398130581,5.7674,-3.1875,0.0829,False,64,generated_adversarial
move the cloth from left to right,"With regards to the woven textile currently positioned in the leftward region, it is required that this item be subjected to a continuous lateral translation until it ultimately comes to rest on the right.",adversarial,,0.1320201187639248,5.787,-2.8067,0.0962,False,64,generated_adversarial
move the cloth from left to right,"Provided there are no obstructions, I would be much obliged if you were to acquire the pliable material utilized for wiping surfaces that sits on your left, and subsequently deposit it on the right.",adversarial,,0.1437884922339146,5.8222,-3.0597,0.0831,False,64,generated_adversarial
move the cloth from left to right,Pick up the cloth on the left and set it down on the right.,natural,,0.1907190016383956,5.9625,-1.9334,0.1149,False,64,generated_natural
move the cloth from left to right,move blue cloth to the right,search,,0.2807070203829989,6.2315,-2.102,0.0846,False,64,search_boards
move the cloth from left to right,Shift the cloth from the left side over to the right.,natural,,0.2996882612775494,6.2883,-1.3651,0.1085,False,64,generated_natural
move the cloth from left to right,move the blue cloth right,search,,0.3065517450664655,6.3088,-1.7525,0.0915,False,64,search_boards
move the cloth from left to right,move the blue cloth to the right,search,,0.3080681989993327,6.3134,-1.9313,0.084,False,64,search_boards
move the cloth from left to right,shift the blue cloth to the right,search,,0.3527935373393653,6.4471,-1.6728,0.0824,False,64,search_boards
move the cloth from left to right,Bring the cloth on the left all the way across to the right side.,natural,,0.3690997912026758,6.4958,-1.7542,0.0749,False,64,generated_natural
move the cloth from left to right,Push the fabric from the left-hand side across to the right-hand side.,natural,,0.4343765588599703,6.691,-1.2768,0.0764,False,64,generated_natural
move the cloth from left to right,Can you slide the cloth from left to right?,natural,,0.6882995566996,7.4502,-0.1967,0.0517,False,64,generated_natural
move the cloth from left to right,Please transfer the cloth from left to right.,natural,,0.7975436812376205,7.7769,0.4615,0.0487,False,64,generated_natural
move the cloth from left to right,move the cloth from left to right,original,,1.0,8.3822,1.4413,0.0337,False,64,search_boards
move the cloth from right to left,Proceed to transpose the flexible wiping material from its current dextral coordinate to the corresponding sinistral sector,adversarial,,0.0,4.8045,-5.5458,0.0754,False,64,generated_adversarial
move the cloth from right to left,wipe the stove by moving the orange rag to the left,search,,0.285795098318548,5.8698,-2.838,0.0876,False,64,search_boards
move the cloth from right to left,"I would be incredibly grateful if you could see your way to transferring the woven textile, which is currently situated on your right, all the way across to the left",adversarial,,0.3094672181808631,5.958,-2.7777,0.0822,False,64,generated_adversarial
move the cloth from right to left,Shift the rag to the left side of the workspace from the right,natural,,0.3603574089369217,6.1477,-2.2967,0.0843,False,64,generated_natural
move the cloth from right to left,Push the towel from the right hand side to the left hand side,natural,,0.3932869411309098,6.2705,-2.05,0.0832,False,64,generated_natural
move the cloth from right to left,drag the orange cloth from the right side to the left side,search,,0.4048018858111606,6.3134,-2.1513,0.0754,False,64,search_boards
move the cloth from right to left,reposition the orange rag on the left burner,search,,0.4355840129624753,6.4281,-2.0791,0.0681,False,64,search_boards
move the cloth from right to left,Take that piece of fabric on the right and put it on the left,natural,,0.4569424743386052,6.5077,-1.7257,0.0749,False,64,generated_natural
move the cloth from right to left,"Assuming you have identified the fabric item presently occupying the rightward region, kindly ensure its immediate relocation to the left",adversarial,,0.4571093020394004,6.5084,-1.9392,0.0665,False,64,generated_adversarial
move the cloth from right to left,It is required that the cloth be conveyed from the right flank unto the leftward extremity forthwith,adversarial,,0.5221851173854636,6.7509,-1.7007,0.0544,False,64,generated_adversarial
move the cloth from right to left,Drag that cloth from the right position across to the left one,natural,,0.5897990262450624,7.003,-1.0377,0.0582,False,64,generated_natural
move the cloth from right to left,Relocate the material from your right to your left,natural,,0.6027353144307237,7.0512,-1.0574,0.0532,False,64,generated_natural
move the cloth from right to left,Slide the cloth from the right side over to the left,natural,,0.6204538441608168,7.1172,-0.9733,0.0506,False,64,generated_natural
move the cloth from right to left,Pick up the cloth on the right and move it to the left,natural,,0.6476884137719662,7.2187,-0.7188,0.0517,False,64,generated_natural
move the cloth from right to left,Can you move the cloth from the right over to the left,natural,,0.6624085286617085,7.2736,-0.6337,0.0502,False,64,generated_natural
move the cloth from right to left,pull the cloth from right to left,search,,0.7292984525962274,7.5229,-0.404,0.0371,False,64,search_boards
move the cloth from right to left,slide the cloth from right to left,search,,0.8415898578709134,7.9415,0.6766,0.0426,False,64,search_boards
move the cloth from right to left,shift the cloth from right to left,search,,0.9630323439008898,8.3942,1.0409,0.0169,False,64,search_boards
move the cloth from right to left,move the cloth from right to left,original,,1.0,8.532,1.3055,0.0151,False,64,search_boards
move the cloth to the left of the table,slide the orange rag to the left,search,,0.0,3.939,-5.3168,0.1608,False,64,search_boards
move the cloth to the left of the table,move the orange rag to the left side of the table,search,,0.0685851397713061,4.2021,-5.2772,0.1392,False,64,search_boards
move the cloth to the left of the table,move the orange rag to the left,search,,0.081326770568359,4.251,-5.1857,0.1384,False,64,search_boards
move the cloth to the left of the table,shift the orange rag to the left side of the table,search,,0.0822497896954909,4.2545,-5.2084,0.1372,False,64,search_boards
move the cloth to the left of the table,It is of the utmost importance that the pliable sheet of material be shifted laterally such that its new location is squarely on the table's left side.,adversarial,,0.096559101063518,4.3094,-4.9861,0.1411,False,64,generated_adversarial
move the cloth to the left of the table,Grab the material and push it all the way to the table's left edge.,natural,,0.1017928770038541,4.3295,-4.8075,0.1463,False,64,generated_natural
move the cloth to the left of the table,push the orange cloth to the left,search,,0.1103442565985747,4.3623,-4.6898,0.1481,False,64,search_boards
move the cloth to the left of the table,move the orange rag to the left of the table,search,,0.1166976743425413,4.3867,-4.9601,0.1353,False,64,search_boards
move the cloth to the left of the table,shift the orange rag to the left part of the table,search,,0.1177507134356962,4.3907,-4.9684,0.1346,False,64,search_boards
move the cloth to the left of the table,Relocate the woven fabric to the left-hand side of the table.,natural,,0.1736640328189685,4.6052,-4.6865,0.1267,False,64,generated_natural
move the cloth to the left of the table,"Assuming you have securely grasped the textile in question, it would be immensely appreciated if you could proceed to deposit it directly upon the leftward flank of the table.",adversarial,,0.1892427823024552,4.665,-4.6084,0.1245,False,64,generated_adversarial
move the cloth to the left of the table,Put the cloth on the left side of the table.,natural,,0.2021192749316964,4.7144,-4.5857,0.1211,False,64,generated_natural
move the cloth to the left of the table,Take the cloth and place it on the left part of the tabletop.,natural,,0.2177652098017791,4.7744,-4.2187,0.1302,False,64,generated_natural
move the cloth to the left of the table,The cloth needs to go on the left side of the table.,natural,,0.2274414833005003,4.8115,-4.3396,0.1221,False,64,generated_natural
move the cloth to the left of the table,Slide that piece of fabric over to the left of the table.,natural,,0.2403834385455447,4.8611,-4.6375,0.1061,False,64,generated_natural
move the cloth to the left of the table,Just set the cloth down on the left end of the table.,natural,,0.2441601710850484,4.8756,-3.9857,0.1304,False,64,generated_natural
move the cloth to the left of the table,"The flexible woven item currently resting before you, of the sort one might employ to wipe up a spill, must be conveyed forthwith to the table's leftmost extremity.",adversarial,,0.266689148340706,4.962,-4.013,0.1217,False,64,generated_adversarial
move the cloth to the left of the table,Can you drag the cloth over to the left of the table?,natural,,0.363901523582172,5.3349,-3.4514,0.1108,False,64,generated_natural
move the cloth to the left of the table,"Would you be so kind, provided you possess the requisite articulation, to apprehend the unstitched piece of fabric and subsequently ensure its relocation to the absolute leftward boundary of the table?",adversarial,,0.3814249879617157,5.4022,-3.9785,0.0841,False,64,generated_adversarial
move the cloth to the left of the table,move the cloth to the left,search,,0.4934062858997418,5.8317,-2.5082,0.1039,False,64,search_boards
move the cloth to the left of the table,move the cloth to the left of the table,original,,1.0,7.775,0.8006,0.0622,False,64,search_boards
move the silver pot to the upper right of table,Put the silver pot on the top right corner of the table.,natural,,0.0,1.909,-6.977,0.275,False,64,generated_natural
move the silver pot to the upper right of table,slide the grey stuffed animal to the upper right,search,,0.0210235497001791,2.0303,-6.5672,0.2804,False,64,search_boards
move the silver pot to the upper right of table,"It is of paramount importance that the argent, cylindrical vessel designed for making soups be conveyed without delay to the uppermost right-hand extremity of the work surface.",adversarial,,0.0621024803353578,2.2674,-7.1482,0.2366,False,64,generated_adversarial
move the silver pot to the upper right of table,The reflective metallic container that one might use to boil water should forthwith be repositioned to occupy the region located at the upper right extremity of the table.,adversarial,,0.0732587605710885,2.3318,-6.9304,0.2395,False,64,generated_adversarial
move the silver pot to the upper right of table,"Provided you have the capacity to do so, kindly ensure that the metallic, silver-colored cooking vessel is carefully transported until it rests squarely in the uppermost right-hand quadrant of the table.",adversarial,,0.095522301461674,2.4603,-6.6643,0.2386,False,64,generated_adversarial
move the silver pot to the upper right of table,Just grab the silver pot and stick it in the upper right of the table.,natural,,0.1094007701689962,2.5404,-6.1728,0.2508,False,64,generated_natural
move the silver pot to the upper right of table,slide the plush mouse to the top right of the table,search,,0.1145648344653387,2.5702,-6.6311,0.2302,False,64,search_boards
move the silver pot to the upper right of table,"It is required that the lustrous, silver-hued receptacle used for cooking be physically transitioned to reside within the uppermost right-hand bounds of the table.",adversarial,,0.1264835303095759,2.639,-6.2432,0.2393,False,64,generated_adversarial
move the silver pot to the upper right of table,Shift the shiny metal pot into the upper right portion of the tabletop.,natural,,0.127216006066491,2.6432,-5.9247,0.2514,False,64,generated_natural
move the silver pot to the upper right of table,The silver pot needs to be placed at the top right of the table.,natural,,0.140977599757048,2.7227,-6.2044,0.2334,False,64,generated_natural
move the silver pot to the upper right of table,Could you please slide the silver cooking pot over to the upper right side of the table?,natural,,0.1467080320609296,2.7557,-6.1791,0.2315,False,64,generated_natural
move the silver pot to the upper right of table,Take the silver-colored pot and set it down in the table's upper right area.,natural,,0.1631631708855789,2.8507,-5.692,0.2423,False,64,generated_natural
move the silver pot to the upper right of table,move the small grey mouse away from the house,search,,0.1694481289021354,2.887,-5.5891,0.2431,False,64,search_boards
move the silver pot to the upper right of table,Please transfer the silver pot up to the top right of the table.,natural,,0.1713304039908553,2.8979,-5.8499,0.2319,False,64,generated_natural
move the silver pot to the upper right of table,Drag the silver pot over to the top right of the table for me.,natural,,0.4150877124969074,4.3048,-4.3817,0.1653,False,64,generated_natural
move the silver pot to the upper right of table,shift the small silver pot to the upper right of table,search,,0.8877364236527869,7.0328,-0.1399,0.0908,False,64,search_boards
move the silver pot to the upper right of table,move the small silver pot to the upper right of table,search,,0.8939456540809484,7.0687,-0.064,0.0906,False,64,search_boards
move the silver pot to the upper right of table,shift the silver pot to the upper right of table,search,,0.9813395792603056,7.5731,0.6359,0.0736,False,64,search_boards
move the silver pot to the upper right of table,move the silver pot to the upper right of table,original,,1.0,7.6808,0.863,0.073,False,64,search_boards
move the silver pot to the upper right of table,Situated somewhere before you is a silver-toned vessel for boiling; this specific item is to be grasped and conveyed until it resides strictly within the uppermost rightward confines of the table.,adversarial,,,,,,True,80,generated_adversarial
open book,"Assuming your actuators are currently unobstructed, would you be so kind as to part the covers of the item one typically peruses for literature?",adversarial,,0.0,4.4452,-7.5142,0.0298,False,64,generated_adversarial
open book,flip open the red album,search,,0.2679415835410362,5.3941,-5.1339,0.0395,False,64,search_boards
open book,Transition the physical state of the bound textual artifact so that its interior sheets are completely exposed to view.,adversarial,,0.3264380732293752,5.6013,-5.4417,0.0091,False,64,generated_adversarial
open book,Can you open up the reading material for me?,natural,,0.3877325762279595,5.8184,-4.4507,0.0288,False,64,generated_natural
open book,Execute the mechanical sequence required to pivot the uppermost protective flap of the printed manuscript away from its resting position.,adversarial,,0.4428972269908301,6.0137,-4.2545,0.0193,False,64,generated_adversarial
open book,"If you are currently awaiting instructions, please manipulate the exterior bindings of the rectangular paper stack to reveal its internal pages.",adversarial,,0.4496724878012725,6.0377,-3.8974,0.0312,False,64,generated_adversarial
open book,I need that hardcover opened up.,natural,,0.6163422584179572,6.628,-3.2601,0.004,False,64,generated_natural
open book,Spread open the pages of the bound volume.,natural,,0.6889949377069164,6.8853,-2.5682,0.0085,False,64,generated_natural
open book,Go ahead and get the book open.,natural,,0.9387326572298886,7.7698,-0.6791,0.0045,False,64,generated_natural
open book,Crack that book open for me.,natural,,0.963190012130424,7.8565,-0.4816,0.0046,False,64,generated_natural
open book,Flip open the cover of that book.,natural,,0.9655715565590836,7.8649,-0.461,0.0047,False,64,generated_natural
open book,flip open the red book,search,,0.981783895841388,7.9223,-0.3415,0.0043,False,64,search_boards
open book,Just open the book so we can read it.,natural,,0.9829321608343692,7.9264,-0.3258,0.0046,False,64,generated_natural
open book,Please open the book.,natural,,0.9917199217456544,7.9575,-0.2406,0.0052,False,64,generated_natural
open book,open the red book on the table,search,,0.9979242162103198,7.9795,-0.204,0.0047,False,64,search_boards
open book,open the book,search,,0.99881411352696,7.9826,-0.1901,0.0049,False,64,search_boards
open book,open book,original,,1.0,7.9868,-0.1877,0.0047,False,64,search_boards
open book,"Without displacing the object itself, kindly utilize your appendages to pry apart the sturdy outer casing of the tome resting on the workspace.",adversarial,,,,,,True,80,generated_adversarial
open brown1fbox flap,I would greatly appreciate it if you could elevate the overhanging cardboard section that is currently keeping the brown container shut.,adversarial,,0.0,3.2618,-7.6318,0.1298,False,64,generated_adversarial
open brown1fbox flap,open the lid on the brown cardboard box,search,,0.2672352697843243,4.5456,-4.3394,0.1456,False,64,search_boards
open brown1fbox flap,"Assuming the brown receptacle remains closed, proceed to articulate its hinged cover into an upward, unsealed position.",adversarial,,0.3439882443226824,4.9143,-5.3547,0.0732,False,64,generated_adversarial
open brown1fbox flap,Direct your manipulator toward the brown corrugated receptacle and disengage its upper folded closure by pivoting it outward.,adversarial,,0.3991974437261678,5.1796,-5.1213,0.0589,False,64,generated_adversarial
open brown1fbox flap,open the brown cardboard box,search,,0.4764497043518731,5.5507,-3.91,0.0737,False,64,search_boards
open brown1fbox flap,open the brown box lid,search,,0.4766559972468206,5.5517,-4.0235,0.0692,False,64,search_boards
open brown1fbox flap,"Without disturbing the position of the main body, grasp the foldable extremity of the brown package and transition it into an unsecured, open configuration.",adversarial,,0.5182401923881013,5.7515,-4.3661,0.0381,False,64,generated_adversarial
open brown1fbox flap,open the brown box,search,,0.6084319024244916,6.1848,-3.2968,0.0418,False,64,search_boards
open brown1fbox flap,Fold back the flap on the brown package.,natural,,0.9029237701427956,7.5996,-1.0063,0.0067,False,64,generated_natural
open brown1fbox flap,open the flap of the kitchen set box,search,,0.935623220713408,7.7566,-0.529,0.0116,False,64,search_boards
open brown1fbox flap,open the flap on the cardboard box,search,,0.941781070611401,7.7862,-0.4645,0.0115,False,64,search_boards
open brown1fbox flap,Flip open the top flap of the brown box.,natural,,0.9452992052060116,7.8031,-0.501,0.0086,False,64,generated_natural
open brown1fbox flap,Can you lift the flap of that brown cardboard box?,natural,,0.9467695231393016,7.8102,-0.4379,0.0104,False,64,generated_natural
open brown1fbox flap,I need you to open up the flap on that brown carton.,natural,,0.9495340855458426,7.8235,-0.4316,0.0095,False,64,generated_natural
open brown1fbox flap,Please unseal the flap on the brown container.,natural,,0.9544971717405428,7.8473,-0.4145,0.0081,False,64,generated_natural
open brown1fbox flap,Open the flap on the brown box.,natural,,0.9578954252263828,7.8636,-0.3667,0.0085,False,64,generated_natural
open brown1fbox flap,lift the flap of the brown box,search,,0.959531904572524,7.8715,-0.3966,0.0066,False,64,search_boards
open brown1fbox flap,Pull back the brown box's flap.,natural,,0.9596424232140328,7.872,-0.4135,0.0059,False,64,generated_natural
open brown1fbox flap,Go ahead and pop open the brown box flap.,natural,,0.9714506853751504,7.9288,-0.2725,0.0065,False,64,generated_natural
open brown1fbox flap,open brown1fbox flap,original,,1.0,8.0659,0.0284,0.0062,False,64,search_boards
open cabinet,"If it isn't too much trouble, direct your end effector to the storage unit's closure mechanism and displace it such that the interior contents are fully exposed to the room.",adversarial,,0.0,1.6728,-7.3748,0.2802,False,64,generated_adversarial
open cabinet,"In order to facilitate the retrieval of items housed within, kindly manipulate the exterior handle of the wooden enclosure such that it swings completely ajar.",adversarial,,0.429339642245098,4.3702,-4.9861,0.1357,False,64,generated_adversarial
open cabinet,"Assuming the path is clear, please apply the requisite pulling force to the frontal barrier of the cabinetry, ensuring that it pivots away from its frame and remains in a wholly gaping state.",adversarial,,0.4856604547139291,4.724,-3.9881,0.1437,False,64,generated_adversarial
open cabinet,"Should you find yourself ready to assist, I formally request that you actuate the hinged facade of the primary storage receptacle until its interior is fully unsealed.",adversarial,,0.6526087112563452,5.7729,-3.2137,0.0814,False,64,generated_adversarial
open cabinet,I need you to open that wooden storage cabinet.,natural,,0.9140279848460992,7.4153,-0.0906,0.059,False,64,generated_natural
open cabinet,Go ahead and unlatch the cupboard.,natural,,0.927492321242572,7.4999,-0.1195,0.0504,False,64,generated_natural
open cabinet,Can you pull the cupboard open?,natural,,0.9425799490579422,7.5947,0.0779,0.0497,False,64,generated_natural
open cabinet,grasp the cabinet handle and pull open,search,,0.9469935982071058,7.6224,0.0854,0.0476,False,64,search_boards
open cabinet,Just grab the cabinet handle and pull it open.,natural,,0.9505334316465506,7.6446,0.176,0.0492,False,64,generated_natural
open cabinet,Pull open the doors on the cabinet.,natural,,0.9623700883719426,7.719,0.2132,0.0441,False,64,generated_natural
open cabinet,open the cabinet under the counter,search,,0.970865848971346,7.7724,0.3751,0.0457,False,64,search_boards
open cabinet,"Pop the cabinet open for me, please.",natural,,0.974173646160607,7.7932,0.4842,0.0482,False,64,generated_natural
open cabinet,pull open the kitchen cabinet,search,,0.9816674792855764,7.8403,0.4963,0.0445,False,64,search_boards
open cabinet,pull open the kitchen cabinet door,search,,0.985771379626894,7.866,0.5236,0.0433,False,64,search_boards
open cabinet,pull open the cabinet door,search,,0.9919171997316006,7.9046,0.5407,0.0405,False,64,search_boards
open cabinet,open cabinet,original,,0.993673217719422,7.9157,0.8005,0.0498,False,64,search_boards
open cabinet,use the handle to open the cabinet door,search,,0.9937820048446891,7.9164,0.569,0.0406,False,64,search_boards
open cabinet,Open up the cabinet.,natural,,0.996033156383101,7.9305,0.666,0.0432,False,64,generated_natural
open cabinet,Please swing the cabinet door open.,natural,,1.0,7.9554,0.6957,0.0421,False,64,generated_natural
open drawer of box,"Should it prove feasible within your current operational parameters, kindly draw forth the sliding sub-compartment embedded within the primary cuboid structure to reveal its contents.",adversarial,,0.0,5.2596,-5.789,0.0256,False,64,generated_adversarial
open drawer of box,"Focusing on the main enclosure, proceed to extend the sliding receptacle housed within it until it rests in a fully ajar state.",adversarial,,0.0840345935022441,5.5193,-5.1626,0.0273,False,64,generated_adversarial
open drawer of box,"Applying force strictly along the outward axis, manipulate the sliding tray nested within the cubic container such that its interior becomes accessible.",adversarial,,0.1535052855744692,5.7341,-4.574,0.0314,False,64,generated_adversarial
open drawer of box,slide the drawer out,search,,0.2429979629303299,6.0107,-4.6371,0.0045,False,64,search_boards
open drawer of box,I would be most grateful if you could grant access to the interior of the container by pulling its sliding compartment outwards.,adversarial,,0.2484123520589186,6.0274,-3.9884,0.0285,False,64,generated_adversarial
open drawer of box,open the drawer,search,,0.6885599326351699,7.3879,-0.8979,0.0297,False,64,search_boards
open drawer of box,slide the drawer open,search,,0.727361315900631,7.5078,-1.0078,0.0148,False,64,search_boards
open drawer of box,Can you slide the box's drawer out?,natural,,0.7616591885457565,7.6138,-1.0243,0.0048,False,64,generated_natural
open drawer of box,slide the black handle drawer open,search,,0.8260203667622248,7.8127,-0.5255,0.0068,False,64,search_boards
open drawer of box,Please pull out the drawer from the box.,natural,,0.8308242045797155,7.8276,-0.4374,0.0089,False,64,generated_natural
open drawer of box,Get the drawer in the little box open for me.,natural,,0.845418597941594,7.8727,-0.2029,0.0141,False,64,generated_natural
open drawer of box,Just grab the drawer on the box and open it.,natural,,0.874171544112052,7.9616,-0.1927,0.0067,False,64,generated_natural
open drawer of box,Pull open the drawer on that box.,natural,,0.8999964040462815,8.0414,0.034,0.0085,False,64,generated_natural
open drawer of box,Slide open the drawer attached to the box.,natural,,0.9208916622727054,8.106,0.146,0.0072,False,64,generated_natural
open drawer of box,Go ahead and open the box drawer.,natural,,0.9321585789728132,8.1408,0.2288,0.0074,False,64,generated_natural
open drawer of box,Open up the drawer of the box.,natural,,0.935580842524526,8.1514,0.2547,0.0075,False,64,generated_natural
open drawer of box,pull open the box drawer,search,,0.9360436782755636,8.1528,0.2539,0.0073,False,64,search_boards
open drawer of box,open the drawer of the box on the counter,search,,0.9601913213359492,8.2274,0.4379,0.008,False,64,search_boards
open drawer of box,open drawer of box,original,,1.0,8.3505,0.6269,0.0045,False,64,search_boards
open fridge,"Provided that your manipulators are free, proceed to pull wide the front panel of the large apparatus where perishable groceries are kept cold.",adversarial,,0.0,3.3518,-6.1423,0.1803,False,64,generated_adversarial
open fridge,"If it is not too much trouble, I would greatly appreciate it if you could unseal the main door of the primary food chilling appliance.",adversarial,,0.2312546026008,4.4106,-4.6397,0.1458,False,64,generated_adversarial
open fridge,Rotate the insulated front barrier of the tall cold-storage appliance outward on its hinges to grant access to the interior.,adversarial,,0.3072281894492766,4.7584,-4.2057,0.1321,False,64,generated_adversarial
open fridge,"Whenever you have a moment to spare, please locate the large, electrically powered cabinet intended for prolonging the freshness of groceries and pull its outer panel wide open.",adversarial,,0.3658649507771077,5.0268,-3.6633,0.1297,False,64,generated_adversarial
open fridge,Swing open the door to the large white appliance.,natural,,0.4203477799157694,5.2763,-3.7859,0.1028,False,64,generated_natural
open fridge,pull open the gray toy refrigerator door,search,,0.9045548388532602,7.493,-0.2429,0.0461,False,64,search_boards
open fridge,pull open the grey toy refrigerator door,search,,0.9168927821534276,7.5495,-0.1668,0.0441,False,64,search_boards
open fridge,pull open the grey toy fridge door,search,,0.917471914473568,7.5522,-0.1331,0.0452,False,64,search_boards
open fridge,gently pull open the grey toy refrigerator door,search,,0.9208224630572922,7.5675,-0.0959,0.0453,False,64,search_boards
open fridge,Would you mind opening the fridge for me?,natural,,0.9619756749878032,7.7559,0.3924,0.0478,False,64,generated_natural
open fridge,pull open the grey fridge door,search,,0.9628674063055304,7.76,0.2834,0.0432,False,64,search_boards
open fridge,pull open the grey refrigerator door,search,,0.9704805453029778,7.7948,0.3227,0.0417,False,64,search_boards
open fridge,I need you to open up the fridge.,natural,,0.977288204455276,7.826,0.5131,0.0464,False,64,generated_natural
open fridge,Get the refrigerator open for me.,natural,,0.9841185055822662,7.8573,0.5079,0.0434,False,64,generated_natural
open fridge,Could you pull the fridge door open?,natural,,0.9848063634038466,7.8604,0.4211,0.0397,False,64,generated_natural
open fridge,open fridge,original,,0.9864235659223416,7.8678,0.7057,0.0503,False,64,search_boards
open fridge,pull the fridge door open,search,,0.9872053251948252,7.8714,0.5125,0.0424,False,64,search_boards
open fridge,pull the refrigerator door open,search,,0.9876745455752214,7.8736,0.5009,0.0417,False,64,search_boards
open fridge,Open the refrigerator.,natural,,0.9882449824645618,7.8762,0.6577,0.0476,False,64,generated_natural
open fridge,Go ahead and open the refrigerator door.,natural,,0.9921670592665311,7.8941,0.6205,0.0446,False,64,generated_natural
open fridge,Please pop the fridge open.,natural,,0.997696719076552,7.9194,0.6808,0.0447,False,64,generated_natural
open fridge,pull open the refrigerator door,search,,1.0,7.93,0.5972,0.0405,False,64,search_boards
open large4fbox flaps,"Regarding the exceptionally bulky rectangular vessel before you, initiate a sequence to unseal and splay its four topmost folding barriers.",adversarial,,0.0,2.6796,-8.6015,0.1431,False,64,generated_adversarial
open large4fbox flaps,Fold back the top covers of that big cardboard container.,natural,,0.0109360260446922,2.7388,-8.2117,0.1532,False,64,generated_natural
open large4fbox flaps,"Focusing entirely on the largest cardboard receptacle currently in your workspace, carefully bend back its uppermost quadrant closures to achieve a fully unobstructed view of the interior.",adversarial,,0.2070761031337549,3.8007,-6.9296,0.1097,False,64,generated_adversarial
open large4fbox flaps,Go ahead and open up the top of the big box.,natural,,0.4130911693251425,4.916,-5.3698,0.0725,False,64,generated_natural
open large4fbox flaps,"If you would be so kind, proceed to manipulate the topmost folding segments of the notably oversized receptacle such that they are no longer in a closed position.",adversarial,,0.4294587813503561,5.0046,-5.5283,0.0584,False,64,generated_adversarial
open large4fbox flaps,"Provided the substantial container is within your reach, execute the necessary motions to separate and fold outward its hinged upper enclosures.",adversarial,,0.4819641090117537,5.2889,-5.1066,0.0498,False,64,generated_adversarial
open large4fbox flaps,open large4fbox flaps,original,,0.9316525922299294,7.7235,0.4171,0.0517,False,64,search_boards
open large4fbox flaps,The big box needs its top flaps opened.,natural,,0.9579256683224276,7.8657,-0.3566,0.0087,False,64,generated_natural
open large4fbox flaps,Unfold the four upper flaps on the large carton.,natural,,0.9603008869700628,7.8786,-0.1406,0.0161,False,64,generated_natural
open large4fbox flaps,lift the cardboard box flaps open,search,,0.969360809460187,7.9276,-0.1062,0.0131,False,64,search_boards
open large4fbox flaps,lift the cardboard flaps open,search,,0.9713120657554716,7.9382,-0.1069,0.0121,False,64,search_boards
open large4fbox flaps,pull the cardboard flaps open,search,,0.9775934870266804,7.9722,-0.0877,0.0099,False,64,search_boards
open large4fbox flaps,pull the cardboard box flaps open,search,,0.9792909985005586,7.9814,-0.0807,0.0093,False,64,search_boards
open large4fbox flaps,pull open the cardboard box flaps,search,,0.9794093780034824,7.982,0.0284,0.0136,False,64,search_boards
open large4fbox flaps,Spread the top flaps of the large package wide open.,natural,,0.9827573800425868,8.0002,-0.0573,0.0086,False,64,generated_natural
open large4fbox flaps,Make sure the flaps on the large box are folded open.,natural,,0.9857869064538716,8.0166,0.0733,0.0123,False,64,generated_natural
open large4fbox flaps,lift open the cardboard box flaps,search,,0.9858150268452928,8.0167,0.1205,0.0141,False,64,search_boards
open large4fbox flaps,open the cardboard box flaps,search,,0.9886841716610052,8.0323,0.1916,0.0155,False,64,search_boards
open large4fbox flaps,Can you pull open the flaps of the large box for me?,natural,,0.9929562048754514,8.0554,0.1342,0.0112,False,64,generated_natural
open large4fbox flaps,Open the flaps on the large box.,natural,,1.0,8.0935,0.1929,0.0102,False,64,generated_natural
open low fridge,"Directing your attention towards the floor, kindly breach the seal on the lowermost chilling apparatus.",adversarial,,0.0,4.2173,-5.9953,0.1096,False,64,generated_adversarial
open low fridge,"Should it be within your current mechanical capabilities, kindly disengage the hermetic seal of the cold-storage receptacle occupying the lowest vertical stratum.",adversarial,,0.300860086800514,5.403,-4.0862,0.0798,False,64,generated_adversarial
open low fridge,"Provided there are no obstructions, execute the necessary movements to unlatch the appliance used for cold storage situated at the inferior vertical altitude.",adversarial,,0.4036152963607146,5.808,-3.5159,0.0665,False,64,generated_adversarial
open low fridge,I would be exceedingly grateful if you were to unseal the door of the refrigeration unit positioned closest to the floor.,adversarial,,0.5868185999074831,6.53,-1.5974,0.078,False,64,generated_adversarial
open low fridge,Please open the bottom cooler.,natural,,0.6690995333390695,6.8543,-1.2472,0.0631,False,64,generated_natural
open low fridge,I need you to open the fridge down below.,natural,,0.8639043685748705,7.6221,0.1391,0.0497,False,64,generated_natural
open low fridge,Pull open the fridge on the bottom.,natural,,0.9229078648727596,7.8546,0.436,0.0408,False,64,generated_natural
open low fridge,Swing open the door to the ground-level fridge.,natural,,0.926575883884038,7.8691,0.4532,0.0402,False,64,generated_natural
open low fridge,open the small white fridge door,search,,0.933659005553973,7.897,0.4014,0.0357,False,64,search_boards
open low fridge,Could you open the lower fridge for me?,natural,,0.9386948671553974,7.9168,0.447,0.0358,False,64,generated_natural
open low fridge,Unlatch the door to the bottom fridge.,natural,,0.9421621942555256,7.9305,0.5043,0.0368,False,64,generated_natural
open low fridge,Open the bottom refrigerator.,natural,,0.9517915139571276,7.9684,0.5943,0.037,False,64,generated_natural
open low fridge,open the white lower fridge door,search,,0.9577100357574028,7.9918,0.5063,0.0315,False,64,search_boards
open low fridge,open the white lower refrigerator door,search,,0.9583062073842182,7.9941,0.4739,0.03,False,64,search_boards
open low fridge,Go ahead and open up the lower refrigerator.,natural,,0.9642224334089852,8.0174,0.5844,0.0323,False,64,generated_natural
open low fridge,open the lower refrigerator door,search,,0.9767864744553776,8.067,0.5939,0.0283,False,64,search_boards
open low fridge,open the lower fridge door,search,,0.9807205949064122,8.0825,0.6253,0.0281,False,64,search_boards
open low fridge,open the low white fridge,search,,0.9852199041161672,8.1002,0.7584,0.0318,False,64,search_boards
open low fridge,open the lower fridge,search,,0.9862139547555224,8.1041,0.7078,0.0295,False,64,search_boards
open low fridge,open low fridge,original,,1.0,8.1584,0.8632,0.0308,False,64,search_boards
open microwave,Manipulate the hinge mechanism of the countertop appliance designed for irradiating leftovers such that the internal cavity becomes accessible.,adversarial,,0.0,4.0703,-4.6606,0.175,False,64,generated_adversarial
open microwave,"Before we proceed any further with the meal preparation, please apply outward traction to the forward-facing portal of the high-frequency electromagnetic oven until it is fully unsealed.",adversarial,,0.0879631032529004,4.4132,-4.1796,0.1636,False,64,generated_adversarial
open microwave,"If it is not too much trouble, would you be so kind as to pull ajar the door of the electronic appliance we use for rapid food heating.",adversarial,,0.2123641063770816,4.8981,-3.5296,0.1463,False,64,generated_adversarial
open microwave,Proceed to disengage the latch securing the frontal barrier of the microwave irradiation chamber so that its interior is completely exposed.,adversarial,,0.7329017769323988,6.9272,-0.6395,0.0805,False,64,generated_adversarial
open microwave,Please unlatch the microwave oven.,natural,,0.8159384473834047,7.2509,-0.0166,0.0764,False,64,generated_natural
open microwave,open the little white microwave,search,,0.904188166451341,7.5949,0.3612,0.0608,False,64,search_boards
open microwave,open the small white microwave,search,,0.9250048652540164,7.676,0.5779,0.0622,False,64,search_boards
open microwave,open the white toy microwave,search,,0.9333304605330944,7.7085,0.5648,0.0588,False,64,search_boards
open microwave,Swing the microwave open.,natural,,0.9368650900385644,7.7223,0.7995,0.0668,False,64,generated_natural
open microwave,Can you open the microwave for me?,natural,,0.95078313209487,7.7765,0.8514,0.064,False,64,generated_natural
open microwave,Pop open the door to the microwave.,natural,,0.9534487531344086,7.7869,0.9671,0.0677,False,64,generated_natural
open microwave,gently open the toy microwave,search,,0.95635449059102,7.7982,0.7484,0.0581,False,64,search_boards
open microwave,I need the microwave opened.,natural,,0.9584732167852688,7.8065,0.9064,0.0636,False,64,generated_natural
open microwave,open the white microwave door,search,,0.9588680145848628,7.808,0.7531,0.0574,False,64,search_boards
open microwave,open the toy microwave,search,,0.9628454328556376,7.8235,0.7676,0.0566,False,64,search_boards
open microwave,open up the microwave,search,,0.9659958838340852,7.8358,0.8413,0.0584,False,64,search_boards
open microwave,Pull the microwave door open.,natural,,0.9673315203046754,7.841,1.0064,0.0644,False,64,generated_natural
open microwave,Go ahead and open up that microwave.,natural,,0.9730232876472712,7.8632,1.0307,0.0634,False,64,generated_natural
open microwave,The microwave needs to be opened.,natural,,0.9756191351362584,7.8733,1.014,0.0619,False,64,generated_natural
open microwave,use the handle to open the microwave,search,,0.984202729063178,7.9068,0.9243,0.0554,False,64,search_boards
open microwave,open microwave,original,,1.0,7.9684,0.9363,0.0504,False,64,search_boards
open microwave,"Given that the time has come to warm our provisions, kindly exert the requisite leverage to pivot the transparent shielding of the dielectric heating apparatus away from its main chassis.",adversarial,,,,,,True,80,generated_adversarial
open oven,Initiate the unsealing sequence for the primary culinary roasting apparatus by drawing its front-facing hinged barrier into an entirely unlatched and accessible state.,adversarial,,0.0,4.5114,-6.2357,0.0742,False,64,generated_adversarial
open oven,"Should it be within your current operational parameters, transition the hinged portal of the primary high-temperature culinary chamber into a fully unsealed configuration.",adversarial,,0.0953205257944912,4.8908,-6.2937,0.0384,False,64,generated_adversarial
open oven,"If it would not be an imposition, please take hold of the handle on the large appliance used for baking and pull it until the interior cavity is fully exposed.",adversarial,,0.1424844616612443,5.0785,-6.288,0.022,False,64,generated_adversarial
open oven,"Regarding the enclosed thermal chamber used for roasting, it is strictly necessary that you manipulate its front barrier into an unsealed and ajar position.",adversarial,,0.2718242699689125,5.5932,-4.8638,0.0325,False,64,generated_adversarial
open oven,pull open the handle of the white oven,search,,0.8789017613882905,8.0092,-0.0489,0.0081,False,64,search_boards
open oven,grab and pull open the white oven door,search,,0.9231313723520892,8.1852,0.2971,0.0062,False,64,search_boards
open oven,pull open the white oven,search,,0.924602913237145,8.191,0.2895,0.0054,False,64,search_boards
open oven,pull open the white oven door gently,search,,0.9437035455596072,8.2671,0.4843,0.0063,False,64,search_boards
open oven,pull the oven handle to open it,search,,0.9598575513980212,8.3313,0.6149,0.0057,False,64,search_boards
open oven,grab the oven handle and open it,search,,0.9718115142127594,8.3789,0.7249,0.0059,False,64,search_boards
open oven,Can you open the oven door for me?,natural,,0.9815554734329512,8.4177,0.8272,0.0064,False,64,generated_natural
open oven,I need you to open up the oven.,natural,,0.9829681883899344,8.4233,0.8248,0.0059,False,64,generated_natural
open oven,pull open the oven door,search,,0.9842951320857138,8.4286,0.8269,0.0055,False,64,search_boards
open oven,Swing the door to the oven open.,natural,,0.9861258581044992,8.4359,0.8608,0.0062,False,64,generated_natural
open oven,Pull the oven open.,natural,,0.9868691363796744,8.4388,0.8666,0.0061,False,64,generated_natural
open oven,The oven needs to be opened.,natural,,0.9883807801368552,8.4449,0.8834,0.0063,False,64,generated_natural
open oven,Go ahead and open the oven.,natural,,0.9933091361222488,8.4645,0.9253,0.0062,False,64,generated_natural
open oven,Time to open the oven.,natural,,0.9960700332281666,8.4755,0.945,0.006,False,64,generated_natural
open oven,open oven,original,,0.9993751472666766,8.4886,0.9747,0.006,False,64,search_boards
open oven,Pop open the oven.,natural,,1.0,8.4911,0.9742,0.0057,False,64,generated_natural
open small4fbox flaps,"Focusing your attention strictly upon the less substantial of the cardboard enclosures, execute the necessary motions to peel back its collapsible upper segments, rendering it unsealed.",adversarial,,0.0,3.6067,-6.0654,0.1608,False,64,generated_adversarial
open small4fbox flaps,Please open the top of that little cardboard box.,natural,,0.2517462262982855,4.742,-5.4046,0.0865,False,64,generated_natural
open small4fbox flaps,"Regarding the undersized container currently situated before you, proceed to pry back its topmost movable panels so that it is no longer sealed.",adversarial,,0.3093802202320323,5.0019,-5.4277,0.0626,False,64,generated_adversarial
open small4fbox flaps,Manipulate the uppermost hinged portions of the lowest-volume receptacle such that its interior is entirely exposed to the ambient environment.,adversarial,,0.4009805440711421,5.415,-5.3515,0.0291,False,64,generated_adversarial
open small4fbox flaps,I would be rather grateful if you could see to it that the foldable closures on the diminutive receptacle are transitioned into an open position.,adversarial,,0.454138814586474,5.6548,-5.2556,0.0117,False,64,generated_adversarial
open small4fbox flaps,Unfold the top flaps on the tiny box.,natural,,0.7117775601705987,6.8167,-2.3365,0.0237,False,64,generated_natural
open small4fbox flaps,Fold back the flaps of the small carton.,natural,,0.7457453069554923,6.9698,-2.4744,0.0047,False,64,generated_natural
open small4fbox flaps,Open up the little folding box's flaps.,natural,,0.7582038214037176,7.026,-2.2963,0.0067,False,64,generated_natural
open small4fbox flaps,open the cardboard box flaps,search,,0.7587699769037864,7.0286,-2.2001,0.0103,False,64,search_boards
open small4fbox flaps,Go ahead and flip open the flaps on the little box.,natural,,0.790905367717125,7.1735,-1.9525,0.0072,False,64,generated_natural
open small4fbox flaps,open the small brown cardboard box flaps,search,,0.7951463910356218,7.1926,-1.9767,0.0046,False,64,search_boards
open small4fbox flaps,open the small cardboard box flaps,search,,0.7958918545827807,7.196,-1.8203,0.0104,False,64,search_boards
open small4fbox flaps,open small brown cardboard box flaps,search,,0.8016483264777905,7.222,-1.9119,0.0045,False,64,search_boards
open small4fbox flaps,open the small card board box flaps,search,,0.8073429584863208,7.2476,-1.7495,0.0086,False,64,search_boards
open small4fbox flaps,pull open the box flaps,search,,0.8173835349039147,7.2929,-1.7574,0.0043,False,64,search_boards
open small4fbox flaps,Open the flaps on the small box.,natural,,0.8231508037677793,7.3189,-1.6832,0.0049,False,64,generated_natural
open small4fbox flaps,Pull open the flaps covering the small box.,natural,,0.8232431085991148,7.3193,-1.682,0.0049,False,64,generated_natural
open small4fbox flaps,Can you get the flaps open on that small box for me?,natural,,0.847627336573193,7.4293,-1.43,0.0051,False,64,generated_natural
open small4fbox flaps,open small box flaps,search,,0.8569191213167293,7.4712,-1.2789,0.0074,False,64,search_boards
open small4fbox flaps,open small4fbox flaps,original,,1.0,8.1165,0.1173,0.0052,False,64,search_boards
open small4fbox flaps,"Should you find the small carton in your vicinity, be so kind as to part the overlapping cardboard segments on its upper face so that it is no longer sealed.",adversarial,,,,,,True,80,generated_adversarial
open the drawer,"Provided that your manipulators are unoccupied, kindly draw forth the horizontal sliding container until it is entirely unclosed.",adversarial,,0.0,5.0717,-3.6107,0.1278,False,64,generated_adversarial
open the drawer,"In the event that you are currently awaiting a task, I would be most grateful if you could locate the sliding wooden receptacle wherein one might stash loose items, and draw it forward until its interior is fully exposed.",adversarial,,0.0061665206331057,5.0904,-3.4443,0.1327,False,64,generated_adversarial
open the drawer,Can you slide the drawer out?,natural,,0.2439008674395483,5.8124,-2.7818,0.0949,False,64,generated_natural
open the drawer,Perform the requisite actuation to displace the sliding storage receptacle outward from its recessed position into a fully accessible state.,adversarial,,0.2635258085804856,5.872,-2.8312,0.0877,False,64,generated_adversarial
open the drawer,"If it isn't too much trouble, transition the pull-out compartment from its current closed orientation into a fully extended configuration.",adversarial,,0.3990033365522389,6.2834,-2.0819,0.0808,False,64,generated_adversarial
open the drawer,open the drawer on the red box,search,,0.7360752767579908,7.307,0.0762,0.0751,False,64,search_boards
open the drawer,I need you to open the sliding compartment.,natural,,0.736287680650196,7.3077,0.019,0.0728,False,64,generated_natural
open the drawer,Just pull the wooden drawer open.,natural,,0.7529207863765379,7.3582,0.1534,0.0736,False,64,generated_natural
open the drawer,Go ahead and pull out the drawer.,natural,,0.7698625076575865,7.4096,0.2342,0.0722,False,64,generated_natural
open the drawer,grab the handle and open the drawer,search,,0.7876508246352989,7.4637,0.4781,0.077,False,64,search_boards
open the drawer,use the handle to pull open the drawer,search,,0.7913827907774552,7.475,0.5093,0.0772,False,64,search_boards
open the drawer,Let's get that drawer open.,natural,,0.8195571132682815,7.5606,0.4922,0.069,False,64,generated_natural
open the drawer,Slide open the drawer for me.,natural,,0.821890517237545,7.5676,0.5945,0.0724,False,64,generated_natural
open the drawer,pull the black handle to open the red drawer,search,,0.8244203601863337,7.5753,0.3424,0.0618,False,64,search_boards
open the drawer,pull open the drawer using the handle,search,,0.8260211142576377,7.5802,0.5347,0.069,False,64,search_boards
open the drawer,pull the drawer handle,search,,0.8988133094657129,7.8012,0.7015,0.056,False,64,search_boards
open the drawer,Please open up that drawer.,natural,,0.9038786372696592,7.8166,0.8375,0.06,False,64,generated_natural
open the drawer,Pull the drawer open.,natural,,0.904453578814547,7.8184,0.8883,0.0618,False,64,generated_natural
open the drawer,open the drawer,original,,1.0,8.1085,0.9897,0.0401,False,64,search_boards
open white1fbox flap,lift up the white box lid,search,,0.0,4.2539,-5.8796,0.1109,False,64,search_boards
open white1fbox flap,"Without displacing the primary structure of the alabaster-hued carton, meticulously unseal it by articulating its uppermost hinged cover into a fully ajar state.",adversarial,,0.2311612116386369,5.1596,-4.4838,0.0857,False,64,generated_adversarial
open white1fbox flap,lift open the white cardboard box lid,search,,0.2358536272545548,5.178,-4.931,0.0665,False,64,search_boards
open white1fbox flap,lift open the white box lid,search,,0.3171897108041567,5.4967,-4.726,0.0464,False,64,search_boards
open white1fbox flap,pull open the white box lid,search,,0.3188127168411225,5.5031,-5.0106,0.0347,False,64,search_boards
open white1fbox flap,pull open the lid of the white box,search,,0.4310315732629641,5.9428,-4.4251,0.0188,False,64,search_boards
open white1fbox flap,"If it is not too much trouble, please proceed to grant access to the interior of the snow-white receptacle by pivoting its topmost foldable tab outward.",adversarial,,0.4460345694936014,6.0016,-4.1542,0.0243,False,64,generated_adversarial
open white1fbox flap,"Regarding the lightest-colored cardboard container in your immediate vicinity, execute the necessary motions to pull back its closing flap.",adversarial,,0.794798938062519,7.3682,-1.4216,0.0109,False,64,generated_adversarial
open white1fbox flap,Direct your manipulators to the pale storage unit and liberate its interior by folding away the overarching paperboard flap.,adversarial,,0.7996199055423534,7.387,-1.3484,0.0121,False,64,generated_adversarial
open white1fbox flap,Open up the white cardboard flap.,natural,,0.8718779923630443,7.6702,-0.6444,0.0147,False,64,generated_natural
open white1fbox flap,Fold back the flap on the white container.,natural,,0.8835527397915443,7.7159,-0.6822,0.0092,False,64,generated_natural
open white1fbox flap,Lift the top flap of the white box.,natural,,0.8938819948985547,7.7564,-0.6211,0.008,False,64,generated_natural
open white1fbox flap,Go ahead and pull back the flap on that white box.,natural,,0.897319572145797,7.7699,-0.5349,0.0102,False,64,generated_natural
open white1fbox flap,Can you open up the flap of that white box?,natural,,0.8990367878208239,7.7766,-0.5094,0.0106,False,64,generated_natural
open white1fbox flap,pull open the flap of the white box,search,,0.9035312385130116,7.7942,-0.6132,0.005,False,64,search_boards
open white1fbox flap,The white box needs its flap opened.,natural,,0.904630867651932,7.7985,-0.5015,0.009,False,64,generated_natural
open white1fbox flap,open the flap of the white box,search,,0.907341287923548,7.8091,-0.5684,0.0054,False,64,search_boards
open white1fbox flap,Open the flap on the white box.,natural,,0.9105265878589784,7.8216,-0.4484,0.009,False,64,generated_natural
open white1fbox flap,Please pull open the white box's flap.,natural,,0.9125200392627866,7.8294,-0.4271,0.0092,False,64,generated_natural
open white1fbox flap,open white1fbox flap,original,,1.0,8.1722,0.2521,0.0056,False,64,search_boards
opened the drawer,slide the red drawer out,search,,0.0,3.8642,-4.8207,0.1869,False,64,search_boards
opened the drawer,"The built-in compartment equipped with a handle, which presently remains flush against the cabinetry, must be mechanically transitioned into an unclosed configuration.",adversarial,,0.2665759367424221,4.9441,-3.6432,0.1378,False,64,generated_adversarial
opened the drawer,Make sure the drawer is in the open position.,natural,,0.2814784366519545,5.0045,-3.4605,0.1396,False,64,generated_natural
opened the drawer,"Should you find yourself positioned before the cabinetry, proceed to impart sufficient outward traction upon the sliding compartment such that its interior becomes entirely exposed to the ambient environment.",adversarial,,0.2846180483837915,5.0172,-3.5034,0.1368,False,64,generated_adversarial
opened the drawer,"Irrespective of its current contents, it is imperative that the sliding enclosure be drawn forward into a fully accessible state.",adversarial,,0.3005686678764749,5.0818,-3.4261,0.1341,False,64,generated_adversarial
opened the drawer,"Assuming the path is entirely unobstructed, I would be most grateful if you could draw the horizontally sliding storage unit outward until its interior is fully exposed.",adversarial,,0.3092575053598292,5.117,-3.2808,0.1367,False,64,generated_adversarial
opened the drawer,slide out the red drawer with the black handle,search,,0.4638581482439701,5.7433,-2.4325,0.1147,False,64,search_boards
opened the drawer,slide the red drawer open,search,,0.4802376565678961,5.8096,-2.789,0.0949,False,64,search_boards
opened the drawer,Could you slide open the wooden compartment?,natural,,0.7173072835761416,6.77,-0.864,0.0856,False,64,generated_natural
opened the drawer,slide open the red drawer,search,,0.77634574327959,7.0092,-0.2167,0.0899,False,64,search_boards
opened the drawer,pull open the red drawer,search,,0.7812176346318705,7.0289,-0.327,0.0838,False,64,search_boards
opened the drawer,pull the handle of the red drawer,search,,0.7816851362211671,7.0308,-0.305,0.0845,False,64,search_boards
opened the drawer,Go ahead and pull out the drawer.,natural,,0.8082497796391935,7.1384,-0.0619,0.0846,False,64,generated_natural
opened the drawer,open the red drawer by pulling its handle,search,,0.8090880041305479,7.1418,-0.0207,0.0859,False,64,search_boards
opened the drawer,Slide the drawer open for me.,natural,,0.8168467070056241,7.1732,-0.0689,0.0812,False,64,generated_natural
opened the drawer,I need you to pull open the storage drawer.,natural,,0.8243326798850115,7.2036,0.09,0.0848,False,64,generated_natural
opened the drawer,Please pull the drawer all the way out.,natural,,0.8314832852518562,7.2325,0.0305,0.0799,False,64,generated_natural
opened the drawer,Open the drawer.,natural,,0.8635960829465751,7.3626,0.0465,0.069,False,64,generated_natural
opened the drawer,The drawer needs to be opened.,natural,,0.8790438439223837,7.4252,0.1319,0.0668,False,64,generated_natural
opened the drawer,opened the drawer,original,,1.0,7.9152,1.0692,0.0603,False,64,search_boards
pick up any cup,Just take any cup off the table.,natural,,0.0,3.8162,-4.5951,0.2,False,64,generated_natural
pick up any cup,"Should you possess the requisite actuator capacity, please select a random specimen from among the beverage containment units and physically separate it from its supporting substrate.",adversarial,,0.0528129565886825,4.0161,-5.7979,0.1351,False,64,generated_adversarial
pick up any cup,"If it is not too much trouble, kindly elevate a single instance of the vessels typically utilized for consuming liquids.",adversarial,,0.2278906271630832,4.6787,-4.9227,0.111,False,64,generated_adversarial
pick up any cup,"Once you have located the objects designed for holding tea or water, take whichever one you prefer into your grasp and remove it from the surface.",adversarial,,0.3312677083183834,5.0699,-4.549,0.0911,False,64,generated_adversarial
pick up any cup,"Regardless of its specific color or exact placement, apply your grippers to a drinking receptacle and hoist it upward from its resting place.",adversarial,,0.6168334416329456,6.1506,-2.6251,0.0712,False,64,generated_adversarial
pick up any cup,Can you lift one of the cups?,natural,,0.6838120395017349,6.4041,-1.9518,0.0752,False,64,generated_natural
pick up any cup,pick up any mug in the rack,search,,0.7522638886789628,6.6631,-1.1701,0.083,False,64,search_boards
pick up any cup,I need you to lift a plastic cup.,natural,,0.7597752589138166,6.6915,-1.4198,0.0707,False,64,generated_natural
pick up any cup,grab any mug,search,,0.7781539571228773,6.7611,-1.0325,0.0798,False,64,search_boards
pick up any cup,Pick up one of those mugs.,natural,,0.7844833007940788,6.785,-1.2943,0.0674,False,64,generated_natural
pick up any cup,Please grasp any of the available coffee cups.,natural,,0.7994271791155568,6.8416,-1.1122,0.0695,False,64,generated_natural
pick up any cup,Get a hold of a cup and raise it up for me.,natural,,0.8425175368328314,7.0047,-0.9948,0.0597,False,64,generated_natural
pick up any cup,grab any cup from the rack,search,,0.8455073461931183,7.016,-0.852,0.0643,False,64,search_boards
pick up any cup,pick up any cup from the rack,search,,0.8806095183676497,7.1488,-0.6035,0.0624,False,64,search_boards
pick up any cup,pick up any cup inside the rack,search,,0.882378288134775,7.1555,-0.5502,0.0639,False,64,search_boards
pick up any cup,pick up one of the cups,search,,0.8938438135442074,7.1989,-0.5057,0.0618,False,64,search_boards
pick up any cup,pick up any cup in the rack,search,,0.8998974114186522,7.2218,-0.5171,0.0593,False,64,search_boards
pick up any cup,Find a cup and pick it up.,natural,,0.9145048201188292,7.2771,-0.3808,0.0598,False,64,generated_natural
pick up any cup,Grab a cup.,natural,,0.9353476627186272,7.356,-0.2979,0.0561,False,64,generated_natural
pick up any cup,pick up any cup,original,,1.0,7.6006,0.3783,0.061,False,64,search_boards
pick up bit holder,"Locate the cylindrical metallic adapter intended to accept hexagonal insert bits, envelop it with your manipulators, and displace it vertically against the force of gravity.",adversarial,,0.0,3.917,-6.4463,0.1184,False,64,generated_adversarial
pick up bit holder,"Provided your manipulators are currently disengaged, establish a firm grasp upon the hex-drive holding apparatus and raise it from its current resting surface.",adversarial,,0.1367453439820658,4.4556,-5.1503,0.1217,False,64,generated_adversarial
pick up bit holder,I need you to grab that small metal bit adapter.,natural,,0.1999325614392889,4.7045,-4.8519,0.1115,False,64,generated_natural
pick up bit holder,"If it is not too much trouble, I would greatly appreciate it if you could elevate the small metallic receptacle designed for securing screwdriver inserts.",adversarial,,0.2998059909777507,5.0979,-4.0072,0.1099,False,64,generated_adversarial
pick up bit holder,"Direct your grasping mechanism to the small cylindrical tool accessory that houses screwdriver inserts, and subsequently hoist it into the air.",adversarial,,0.3135296051107646,5.152,-3.9331,0.108,False,64,generated_adversarial
pick up bit holder,Lift the magnetic bit holder off the bench.,natural,,0.4201740935502927,5.572,-2.7605,0.117,False,64,generated_natural
pick up bit holder,Please pick up the hex bit extension.,natural,,0.4749100571190514,5.7876,-2.7975,0.0965,False,64,generated_natural
pick up bit holder,lift the red plastic screwdriver bit holder,search,,0.6245848891768209,6.3772,-1.4171,0.0986,False,64,search_boards
pick up bit holder,grab the red plastic screwdriver bit holder,search,,0.6590705561121792,6.5131,-1.3128,0.0907,False,64,search_boards
pick up bit holder,pick up the red plastic screwdriver bit holder,search,,0.6888608115535547,6.6304,-1.121,0.0878,False,64,search_boards
pick up bit holder,Get the drill bit holder.,natural,,0.7028480759148278,6.6855,-0.7461,0.0977,False,64,generated_natural
pick up bit holder,grab the red plastic bit holder,search,,0.7200012020771762,6.7531,-0.9336,0.0844,False,64,search_boards
pick up bit holder,pick up red screwdriver bit holder,search,,0.7648855671325477,6.9299,-0.5202,0.085,False,64,search_boards
pick up bit holder,pick up the red screwdriver bit holder,search,,0.770503936038425,6.952,-0.5283,0.0827,False,64,search_boards
pick up bit holder,pick up red plastic bit holder,search,,0.8017850915058072,7.0752,-0.4166,0.0762,False,64,search_boards
pick up bit holder,"The bit holder, just grab it.",natural,,0.8367900059614859,7.2131,0.0576,0.0826,False,64,generated_natural
pick up bit holder,Grab the bit holder for me.,natural,,0.8370825261331933,7.2142,0.0694,0.083,False,64,generated_natural
pick up bit holder,grasp the red bit holder,search,,0.8510223562523981,7.2692,-0.0066,0.0752,False,64,search_boards
pick up bit holder,Can you pick the bit holder up?,natural,,0.8737026579817888,7.3585,0.3341,0.0807,False,64,generated_natural
pick up bit holder,Take hold of the bit holder.,natural,,0.9546764976139946,7.6774,0.7029,0.067,False,64,generated_natural
pick up bit holder,pick up bit holder,original,,1.0,7.856,0.9847,0.0623,False,64,search_boards
pick up bit holder,"Execute a maneuver whereby the tubular retention component, into which one would normally slot a screwdriver tip, is firmly clamped and separated from the surface below.",adversarial,,,,,,True,80,generated_adversarial
pick up blue pen and put into drawer,"The cylindrical, azure-colored tool utilized for writing should forthwith be hoisted and enclosed within the sliding receptacle.",adversarial,,0.0,4.3907,-5.3212,0.1208,False,64,generated_adversarial
pick up blue pen and put into drawer,"Locate the item tinted in the color of the daytime sky that is utilized for drafting documents, lift it from its current position, and insert it into the sliding furniture compartment.",adversarial,,0.0864612237553795,4.7139,-4.8385,0.1112,False,64,generated_adversarial
pick up blue pen and put into drawer,It is imperative that the blue implement meant for dispensing ink be elevated and subsequently sequestered within the bounds of the pull-out storage compartment.,adversarial,,0.146957283867496,4.9401,-3.744,0.1342,False,64,generated_adversarial
pick up blue pen and put into drawer,grab the blue marker and place it in the upper left compartment,search,,0.2509117428624258,5.3288,-2.8289,0.1358,False,64,search_boards
pick up blue pen and put into drawer,put the blue dry erase marker in the upper left compartment,search,,0.2626166362287612,5.3726,-3.2186,0.1166,False,64,search_boards
pick up blue pen and put into drawer,put the blue pen in the upper left organizer,search,,0.4544975977540196,6.09,-2.1394,0.0956,False,64,search_boards
pick up blue pen and put into drawer,grab the blue dry erase marker and place it in the side compartment,search,,0.5184841769613833,6.3293,-1.904,0.0837,False,64,search_boards
pick up blue pen and put into drawer,move the blue pen to the top left plastic drawer,search,,0.5668242911959609,6.51,-1.2442,0.0936,False,64,search_boards
pick up blue pen and put into drawer,pick up the blue dry erase marker and put it in the upper left drawer,search,,0.6757431114534495,6.9173,-0.8097,0.0747,False,64,search_boards
pick up blue pen and put into drawer,Take the blue ink pen and slide it in the drawer.,natural,,0.7447208521090978,7.1752,-0.4589,0.0657,False,64,generated_natural
pick up blue pen and put into drawer,place the blue pen in the top left plastic drawer,search,,0.7739246148244143,7.2844,-0.1906,0.0666,False,64,search_boards
pick up blue pen and put into drawer,Just stick the blue pen in the drawer.,natural,,0.8225038716702482,7.466,-0.0146,0.0575,False,64,generated_natural
pick up blue pen and put into drawer,pick up the blue pen and place it in the upper left drawer,search,,0.8264132269253331,7.4807,0.3102,0.0689,False,64,search_boards
pick up blue pen and put into drawer,"Assuming it poses no insurmountable difficulty, kindly retrieve the blue pen and facilitate its immediate relocation into the confines of the drawer.",adversarial,,0.8281856767965428,7.4873,0.1955,0.0638,False,64,generated_adversarial
pick up blue pen and put into drawer,Move the blue pen over to the drawer.,natural,,0.8391797826486768,7.5284,0.1024,0.0566,False,64,generated_natural
pick up blue pen and put into drawer,The blue pen needs to go into the drawer.,natural,,0.869164131225262,7.6405,0.4339,0.0597,False,64,generated_natural
pick up blue pen and put into drawer,Can you grab the blue pen and put it away in the drawer?,natural,,0.8731109632571807,7.6553,0.5019,0.061,False,64,generated_natural
pick up blue pen and put into drawer,Grab that blue pen for me and drop it in the drawer.,natural,,0.8731365828779825,7.6554,0.3155,0.0537,False,64,generated_natural
pick up blue pen and put into drawer,Place the blue pen inside the drawer.,natural,,0.8831614071804702,7.6928,0.4467,0.0555,False,64,generated_natural
pick up blue pen and put into drawer,Store the blue pen in the drawer.,natural,,0.8873978289513605,7.7087,0.4821,0.0555,False,64,generated_natural
pick up blue pen and put into drawer,pick up blue pen and put into drawer,original,,1.0,8.1297,1.3542,0.0526,False,64,search_boards
pick up bowl and put in small4fbox,"Provided that the small box is entirely unobstructed, the bowl, which you must first securely grasp and lift, should ultimately be relocated directly into it.",adversarial,,0.0,3.6705,-7.1019,0.1145,False,64,generated_adversarial
pick up bowl and put in small4fbox,"That deep, round dish lying there, which one would normally fill with milk or broth, needs to be hoisted by your actuators and ultimately deposited straight into the compact cardboard carton.",adversarial,,0.1280379851017256,4.2293,-6.0379,0.1069,False,64,generated_adversarial
pick up bowl and put in small4fbox,The open-topped hemispherical vessel designed for holding liquids must be hoisted into the air and then deposited squarely into the interior volume of the most diminutive carton available.,adversarial,,0.1415000518313507,4.2881,-5.7459,0.1132,False,64,generated_adversarial
pick up bowl and put in small4fbox,"I would be immensely grateful if you could manage to elevate the curved vessel typically used for eating soup, and subsequently deposit it within the confines of the diminutive box.",adversarial,,0.3115968429537531,5.0305,-4.6972,0.0888,False,64,generated_adversarial
pick up bowl and put in small4fbox,put the blue bowl in the box,search,,0.5970828656984575,6.2764,-1.9336,0.0872,False,64,search_boards
pick up bowl and put in small4fbox,put the blue bowl into the cardboard box,search,,0.6360571686066995,6.4465,-1.6621,0.0828,False,64,search_boards
pick up bowl and put in small4fbox,Drop the bowl into the little box.,natural,,0.644936632403772,6.4853,-1.944,0.0683,False,64,generated_natural
pick up bowl and put in small4fbox,put the light blue bowl in the cardboard box,search,,0.6504333493503689,6.5093,-1.5023,0.0836,False,64,search_boards
pick up bowl and put in small4fbox,move the blue bowl into the cardboard box,search,,0.6629267780608292,6.5638,-1.7899,0.0675,False,64,search_boards
pick up bowl and put in small4fbox,place the light blue bowl in the cardboard box,search,,0.6695491568700913,6.5927,-1.5121,0.0758,False,64,search_boards
pick up bowl and put in small4fbox,Can you put that bowl inside the little cardboard box?,natural,,0.6818268223237306,6.6463,-1.4279,0.0744,False,64,generated_natural
pick up bowl and put in small4fbox,put the light blue bowl in the box,search,,0.6863486384777442,6.666,-1.3401,0.0761,False,64,search_boards
pick up bowl and put in small4fbox,put the light blue bowl inside the box,search,,0.6955314178141111,6.7061,-1.2158,0.0774,False,64,search_boards
pick up bowl and put in small4fbox,"Move the bowl over to the small box, please.",natural,,0.7167475844734124,6.7987,-1.2873,0.0664,False,64,generated_natural
pick up bowl and put in small4fbox,Take the ceramic bowl and set it down in the small box.,natural,,0.7636412802309392,7.0034,-0.9009,0.0635,False,64,generated_natural
pick up bowl and put in small4fbox,Pick up the bowl and stow it inside the little box.,natural,,0.7971149012870403,7.1495,-0.6412,0.0608,False,64,generated_natural
pick up bowl and put in small4fbox,Please transfer the bowl to the small box.,natural,,0.8205546759806484,7.2518,-0.4619,0.0588,False,64,generated_natural
pick up bowl and put in small4fbox,Grab the bowl and place it into the small box.,natural,,0.8325631757535142,7.3042,-0.1658,0.0658,False,64,generated_natural
pick up bowl and put in small4fbox,Just lift the bowl and stick it in the small box.,natural,,0.8381463232058604,7.3285,-0.3312,0.0572,False,64,generated_natural
pick up bowl and put in small4fbox,pick up bowl and put in small4fbox,original,,1.0,8.0349,0.9354,0.0445,False,64,search_boards
pick up box cutter and put into drawer,"The retractable hand tool utilized for slicing cardboard, which is currently resting in front of you, should be elevated and relocated to the interior of the drawer.",adversarial,,0.0,4.572,-5.7759,0.0869,False,64,generated_adversarial
pick up box cutter and put into drawer,"Provided the sliding storage compartment is unobstructed, kindly acquire the utility knife from its current resting surface and transfer it entirely into that designated space.",adversarial,,0.074721011033675,4.834,-4.5516,0.1118,False,64,generated_adversarial
pick up box cutter and put into drawer,"Execute a prehension maneuver on the sharp packaging-opening implement, subsequently conveying it away from the counter and situating it down inside the drawer.",adversarial,,0.1994892017644906,5.2714,-4.1024,0.0908,False,64,generated_adversarial
pick up box cutter and put into drawer,Pick up the blade and drop it in the drawer.,natural,,0.4146149092499977,6.0256,-2.9098,0.071,False,64,generated_natural
pick up box cutter and put into drawer,Toss the utility knife into the drawer for me.,natural,,0.568081038276079,6.5637,-2.0053,0.059,False,64,generated_natural
pick up box cutter and put into drawer,Can you put the utility knife away in the drawer?,natural,,0.5763140652588774,6.5925,-1.6246,0.0714,False,64,generated_natural
pick up box cutter and put into drawer,Take the cardboard cutter and slide it into the drawer.,natural,,0.843012592904059,7.5276,0.0912,0.0562,False,64,generated_natural
pick up box cutter and put into drawer,I would be exceedingly appreciative if you could manage to grasp the box cutter and ensure it is ultimately deposited within the confines of the drawer.,adversarial,,0.885143465249295,7.6753,0.3171,0.052,False,64,generated_adversarial
pick up box cutter and put into drawer,Please move the box cutter over to the drawer.,natural,,0.8955383405582398,7.7117,0.6353,0.0613,False,64,generated_natural
pick up box cutter and put into drawer,"Into the drawer, please place the box cutter.",natural,,0.8966370396340526,7.7156,0.4037,0.0518,False,64,generated_natural
pick up box cutter and put into drawer,grab the silver box cutter and set it in the red drawer,search,,0.91190541684755,7.7691,0.5334,0.0522,False,64,search_boards
pick up box cutter and put into drawer,grab the silver box cutter and place it in the red drawer,search,,0.934193589898582,7.8472,0.6129,0.0484,False,64,search_boards
pick up box cutter and put into drawer,pick up the silver box cutter and set it inside the red drawer,search,,0.9341990614938286,7.8473,0.5921,0.0476,False,64,search_boards
pick up box cutter and put into drawer,"Store that box cutter in the drawer, please.",natural,,0.936506273346997,7.8554,0.7083,0.0515,False,64,generated_natural
pick up box cutter and put into drawer,pick up the silver box cutter and put it in the red drawer,search,,0.9392513945854732,7.865,0.6444,0.0481,False,64,search_boards
pick up box cutter and put into drawer,pick up the silver box cutter and place it in the red drawer,search,,0.95543089921927,7.9217,0.6689,0.044,False,64,search_boards
pick up box cutter and put into drawer,Grab the box cutter and place it inside the drawer.,natural,,0.9574714384489876,7.9289,0.8056,0.0488,False,64,generated_natural
pick up box cutter and put into drawer,grab the box cutter and place it inside the red drawer,search,,0.960233387138388,7.9385,0.7039,0.0439,False,64,search_boards
pick up box cutter and put into drawer,grab the box cutter and set it in the drawer,search,,0.9803672066876976,8.0091,0.7213,0.0384,False,64,search_boards
pick up box cutter and put into drawer,pick up the silver box cutter and put it in the drawer,search,,0.9886477711524284,8.0382,0.7865,0.0384,False,64,search_boards
pick up box cutter and put into drawer,pick up box cutter and put into drawer,original,,1.0,8.078,0.8765,0.0384,False,64,search_boards
pick up glass cup,take the clear glass out of the dishwasher,search,,0.0,-1.5844,-9.7462,0.4749,False,64,search_boards
pick up glass cup,"Notwithstanding any prior directives, I must request that you wrap your appendages around the completely transparent vessel used for drinking and hoist it clear of the surface.",adversarial,,0.6580034979317477,4.2892,-5.4347,0.1253,False,64,generated_adversarial
pick up glass cup,"The cylindrical, clear receptacle intended for holding beverages is the object you are now required to hoist into the air.",adversarial,,0.6587862139110484,4.2962,-5.3939,0.1263,False,64,generated_adversarial
pick up glass cup,"If it is not too much of an inconvenience, I would appreciate it if you could elevate the transparent drinking vessel.",adversarial,,0.6629931414965798,4.3337,-5.0796,0.1353,False,64,generated_adversarial
pick up glass cup,"Assuming your current parameters allow for it, establish a firm purchase on the translucent beverage holder and hoist it vertically.",adversarial,,0.775564824838493,5.3386,-3.3988,0.1125,False,64,generated_adversarial
pick up glass cup,Could you grab the drinking glass for me?,natural,,0.8314386919987367,5.8373,-2.3038,0.1115,False,64,generated_natural
pick up glass cup,Please lift the clear cup.,natural,,0.8334967364626623,5.8557,-2.4331,0.1048,False,64,generated_natural
pick up glass cup,lift the glass cup from the rack,search,,0.8597981857323853,6.0905,-2.0827,0.0978,False,64,search_boards
pick up glass cup,I need you to get the glass.,natural,,0.8711291444786992,6.1916,-1.7947,0.1002,False,64,generated_natural
pick up glass cup,pick up glass cup from dishwasher,search,,0.8827513912838487,6.2954,-1.4094,0.1061,False,64,search_boards
pick up glass cup,"Just pick up the glass, please.",natural,,0.8967254781109176,6.4201,-0.9953,0.1114,False,64,generated_natural
pick up glass cup,pick up the small glass cup,search,,0.9492859812699088,6.8893,-0.2161,0.1005,False,64,search_boards
pick up glass cup,Go ahead and get a hold of the glass cup.,natural,,0.9553629958057864,6.9435,-0.1453,0.0985,False,64,generated_natural
pick up glass cup,Pick the glass cup up.,natural,,0.9588039894556016,6.9742,-0.2585,0.0913,False,64,generated_natural
pick up glass cup,Grab the glass cup.,natural,,0.9686255208539192,7.0619,0.0694,0.0965,False,64,generated_natural
pick up glass cup,pick up glass,search,,0.9711193171936574,7.0842,0.0315,0.093,False,64,search_boards
pick up glass cup,Take hold of the glass cup.,natural,,0.9813189495702056,7.1752,0.2035,0.0917,False,64,generated_natural
pick up glass cup,pick up glass cup,original,,1.0,7.342,0.4805,0.0879,False,64,search_boards
pick up glue and put into drawer,"Provided there are no obstructions, I would be most grateful if you could take hold of the bonding agent used to stick things together and deposit it securely within the sliding storage compartment.",adversarial,,0.0,5.1418,-3.8512,0.1121,False,64,generated_adversarial
pick up glue and put into drawer,move the red glue tube into the top left compartment,search,,0.0744484509072088,5.3286,-3.1193,0.1244,False,64,search_boards
pick up glue and put into drawer,"It is requested that you secure a grip on the substance one relies upon to permanently bind paper, elevating it from its current station before meticulously depositing it into the drawer.",adversarial,,0.137058409323632,5.4856,-3.3371,0.102,False,64,generated_adversarial
pick up glue and put into drawer,The viscous substance utilized for affixing surfaces to one another ought to be elevated and subsequently relocated into the interior confines of the drawer.,adversarial,,0.2259061695586437,5.7084,-2.8619,0.1009,False,64,generated_adversarial
pick up glue and put into drawer,Retrieve the sticky crafting agent from its current position and sequester it out of sight within the drawer.,adversarial,,0.4074797195397682,6.1639,-2.2214,0.0858,False,64,generated_adversarial
pick up glue and put into drawer,put the red tube of glue in the top left organizer,search,,0.4226603170119365,6.2019,-2.1241,0.0863,False,64,search_boards
pick up glue and put into drawer,pick up the red tube of glue and place it in the top left organizer,search,,0.4463612738895983,6.2614,-1.8928,0.0901,False,64,search_boards
pick up glue and put into drawer,put the red glue tube into the left side top drawer,search,,0.4854068070128609,6.3593,-1.9571,0.079,False,64,search_boards
pick up glue and put into drawer,put the red tube of glue in the small open drawer on the left,search,,0.6671422977477336,6.8152,-1.0019,0.0762,False,64,search_boards
pick up glue and put into drawer,Transfer the adhesive to the drawer.,natural,,0.6758663997955524,6.837,-1.189,0.0669,False,64,generated_natural
pick up glue and put into drawer,put the red tube of glue in the upper tray,search,,0.6826746625835628,6.8541,-1.0627,0.0704,False,64,search_boards
pick up glue and put into drawer,Could you grab the bottle of adhesive and drop it in the drawer?,natural,,0.7125446775616958,6.929,-0.9736,0.0672,False,64,generated_natural
pick up glue and put into drawer,pick up the small red glue tube and drop it in the upper tray,search,,0.7205879876802439,6.9492,-0.8031,0.0722,False,64,search_boards
pick up glue and put into drawer,Please take the glue stick and place it inside the pull-out drawer.,natural,,0.8207977926391824,7.2006,-0.2391,0.0721,False,64,generated_natural
pick up glue and put into drawer,Chuck the glue in the drawer.,natural,,0.8615979975382758,7.3029,-0.2657,0.062,False,64,generated_natural
pick up glue and put into drawer,Move the glue over to the drawer for me.,natural,,0.8818121875146723,7.3536,-0.2028,0.06,False,64,generated_natural
pick up glue and put into drawer,I need you to pick the glue up and stash it away in the drawer.,natural,,0.90685008609441,7.4164,0.1044,0.0665,False,64,generated_natural
pick up glue and put into drawer,Tuck the glue away inside the drawer.,natural,,0.9236181374431196,7.4585,-0.0192,0.058,False,64,generated_natural
pick up glue and put into drawer,Put the glue into the drawer.,natural,,0.9376529539009688,7.4937,0.0287,0.0567,False,64,generated_natural
pick up glue and put into drawer,pick up glue and put into drawer,original,,1.0,7.65,0.5475,0.0633,False,64,search_boards
pick up green mug,"Be so kind as to enclose your grippers around the verdant-hued vessel designed for hot beverages, subsequently severing its contact with the surface by hoisting it upward.",adversarial,,0.0,3.7662,-6.4775,0.1305,False,64,generated_adversarial
pick up green mug,"If it is within your capabilities, apply your grippers to the grass-colored drinkware and hoist it upwards.",adversarial,,0.2344181755728413,4.764,-5.1244,0.0955,False,64,generated_adversarial
pick up green mug,"Assuming your manipulators are currently available, I would ask that you grasp and elevate the emerald-hued ceramic vessel meant for drinking.",adversarial,,0.2467298648358289,4.8164,-4.6417,0.1098,False,64,generated_adversarial
pick up green mug,The cylindrical receptacle characterized by its green exterior is the item which you must now take hold of and raise from its resting place.,adversarial,,0.3223901232248464,5.1384,-4.5434,0.0853,False,64,generated_adversarial
pick up green mug,Can you lift the green coffee cup?,natural,,0.6891817873890544,6.6996,-1.8222,0.0542,False,64,generated_natural
pick up green mug,lift the green cup,search,,0.8829936153565652,7.5245,-0.2787,0.0419,False,64,search_boards
pick up green mug,Take hold of the green cup.,natural,,0.8980310557377578,7.5885,-0.0492,0.0453,False,64,generated_natural
pick up green mug,Go ahead and lift the green mug.,natural,,0.9064685269843208,7.6244,0.1238,0.0489,False,64,generated_natural
pick up green mug,pick up the green coffee cup,search,,0.9144083861542764,7.6582,0.0471,0.0429,False,64,search_boards
pick up green mug,pick up green coffee cup,search,,0.9153715198148802,7.6623,-0.0437,0.039,False,64,search_boards
pick up green mug,I need you to grab the mug that is green.,natural,,0.919187721815396,7.6786,0.2677,0.0498,False,64,generated_natural
pick up green mug,Get ahold of the green mug.,natural,,0.9219451494298376,7.6903,0.2956,0.0498,False,64,generated_natural
pick up green mug,grasp the green cup,search,,0.9253347211422096,7.7047,0.1886,0.0444,False,64,search_boards
pick up green mug,pick up the green cup,search,,0.9376472325347016,7.7572,0.3202,0.0449,False,64,search_boards
pick up green mug,Pick up the green-colored mug.,natural,,0.9402484063246171,7.7682,0.4489,0.049,False,64,generated_natural
pick up green mug,Please pick that green mug up.,natural,,0.9417500718204984,7.7746,0.4878,0.0499,False,64,generated_natural
pick up green mug,pick up green cup,search,,0.9498851243372828,7.8092,0.4116,0.0439,False,64,search_boards
pick up green mug,Grab the green mug.,natural,,0.9623477373287734,7.8623,0.6386,0.0481,False,64,generated_natural
pick up green mug,pick up green mug,original,,1.0,8.0225,0.9265,0.0453,False,64,search_boards
pick up green mug,"Directing your end-effector toward the item one would typically utilize to consume a hot beverage, specifically the one exhibiting a mossy pigmentation, elevate said object so it no longer rests upon its supporting surface.",adversarial,,,,,,True,80,generated_adversarial
pick up pan from stove,take the silver pot off the front burner,search,,0.0,-2.8257,-8.3807,0.6382,False,64,search_boards
pick up pan from stove,lift the silver pot off the front left burner,search,,0.2110749511873199,-0.759,-6.4037,0.5332,False,64,search_boards
pick up pan from stove,Lift the metal cookware off the burner.,natural,,0.2712492692948618,-0.1697,-6.3355,0.4838,False,64,generated_natural
pick up pan from stove,grab the small pot from the burner,search,,0.3449030016547758,0.5514,-5.4146,0.4563,False,64,search_boards
pick up pan from stove,"Assuming your manipulators are active, I would be much obliged if you were to elevate the flat-bottomed cooking vessel currently situated atop the primary kitchen heating appliance.",adversarial,,0.3776964824290724,0.8726,-5.0143,0.4436,False,64,generated_adversarial
pick up pan from stove,grab the small silver pot on the left burner,search,,0.3861862939879358,0.9557,-4.9762,0.4378,False,64,search_boards
pick up pan from stove,grab the silver pot on the left burner,search,,0.4335362608809217,1.4193,-4.8515,0.4017,False,64,search_boards
pick up pan from stove,"If it is within your current operational parameters to do so, kindly extract the shallow, handled utensil utilized for frying from its present location atop the culinary heating unit.",adversarial,,0.4380561807721826,1.4636,-5.3802,0.3771,False,64,generated_adversarial
pick up pan from stove,"With regard to the appliance traditionally used for boiling and simmering, please execute a grasping maneuver to physically separate the metallic food preparation receptacle from its resting place upon it.",adversarial,,0.4722288944433643,1.7982,-4.9749,0.3634,False,64,generated_adversarial
pick up pan from stove,Take the skillet away from the cooking range.,natural,,0.4849001528691833,1.9223,-4.7413,0.3616,False,64,generated_natural
pick up pan from stove,"Should your current operational state permit the engagement of your manipulators, please initiate a prehensile acquisition and vertical displacement of the broad, handled vessel typically utilized for sautéing from its present coordinates atop the primary thermal preparation surface.",adversarial,,0.5012228222987964,2.0821,-4.8816,0.342,False,64,generated_adversarial
pick up pan from stove,lift the silver pot that is on the left burner,search,,0.529545604664732,2.3594,-4.4301,0.3352,False,64,search_boards
pick up pan from stove,pick up the silver pot on the left burner,search,,0.6880298320206303,3.9112,-3.4387,0.2371,False,64,search_boards
pick up pan from stove,Retrieve the pan from the cooker.,natural,,0.7376832373907353,4.3974,-1.7724,0.2595,False,64,generated_natural
pick up pan from stove,lift the silver pot on the left burner,search,,0.7453504178260243,4.4725,-3.0505,0.2027,False,64,search_boards
pick up pan from stove,pick up the small silver pot from the stove,search,,0.7858756995341466,4.8693,-2.0969,0.2051,False,64,search_boards
pick up pan from stove,Grab the pan off the stove.,natural,,0.8623574911517788,5.6182,-1.4673,0.1637,False,64,generated_natural
pick up pan from stove,"There is a pan on the stove, please remove it.",natural,,0.875787855738411,5.7497,-0.7956,0.1784,False,64,generated_natural
pick up pan from stove,"From the stove, pick up the skillet.",natural,,0.8826051003449104,5.8164,-1.2544,0.1545,False,64,generated_natural
pick up pan from stove,Could you get the frying pan from the stovetop?,natural,,0.9003348609421951,5.9901,-0.9396,0.1515,False,64,generated_natural
pick up pan from stove,Fetch the pan that's sitting on the stove.,natural,,0.9240561296234164,6.2223,-0.367,0.1535,False,64,generated_natural
pick up pan from stove,pick up pan from stove,original,,1.0,6.9659,0.585,0.1252,False,64,search_boards
pick up pan from stove,"Disregarding all other kitchenware for the moment, direct your end-effectors to the surface of the cooking range in order to clasp and subsequently hoist the metallic vessel specifically intended for searing.",adversarial,,,,,,True,80,generated_adversarial
pick up pot,grab the small metal pot from the burner,search,,0.0,-4.3356,-11.1075,0.6645,False,64,search_boards
pick up pot,grab the small metal pot from the stove,search,,0.0249169532154975,-4.0955,-10.9998,0.6475,False,64,search_boards
pick up pot,grab the small silver pot from the burner,search,,0.0377817719186009,-3.9715,-10.6672,0.6496,False,64,search_boards
pick up pot,"Assuming your manipulators are currently available, please elevate the metallic vessel typically utilized for boiling liquids.",adversarial,,0.0504421393953068,-3.8494,-10.8884,0.6301,False,64,generated_adversarial
pick up pot,grab the metal pot from the burner,search,,0.1697866790558745,-2.6991,-9.7753,0.5722,False,64,search_boards
pick up pot,It is of immediate importance that you direct your grasping mechanism to enclose the deep cylindrical cookware and execute a vertical translation to hoist it.,adversarial,,0.4059421353212387,-0.4229,-7.8675,0.446,False,64,generated_adversarial
pick up pot,Could you lift the pot for me?,natural,,0.4184920181665722,-0.3019,-8.0931,0.4265,False,64,generated_natural
pick up pot,pick up the silver pot with handles,search,,0.4689561103318554,0.1845,-7.2547,0.4164,False,64,search_boards
pick up pot,grab the metal pot from the stove,search,,0.5016574937320325,0.4997,-7.177,0.3916,False,64,search_boards
pick up pot,grab the silver cooking pot,search,,0.5161525957423031,0.6394,-7.6688,0.36,False,64,search_boards
pick up pot,I require you to physically apprehend the deep culinary receptacle and suspend it above the workspace.,adversarial,,0.5414301051441981,0.8831,-8.3677,0.311,False,64,generated_adversarial
pick up pot,Please lift the cooking pot.,natural,,0.57567903062097,1.2132,-7.2651,0.3251,False,64,generated_natural
pick up pot,I need you to take hold of that pot.,natural,,0.6570793008793852,1.9978,-5.9069,0.3092,False,64,generated_natural
pick up pot,Grab hold of the cooking pot.,natural,,0.6571249490989997,1.9982,-6.4519,0.2877,False,64,generated_natural
pick up pot,grab the silver cooking pot from the stove,search,,0.6654292680954769,2.0783,-7.0698,0.2564,False,64,search_boards
pick up pot,Pick the metal pot up.,natural,,0.7241374592881745,2.6441,-5.3257,0.2749,False,64,generated_natural
pick up pot,Grasp the pot and lift it.,natural,,0.736052509629246,2.759,-4.8729,0.2825,False,64,generated_natural
pick up pot,Grab the pot.,natural,,0.7429945033819702,2.8259,-4.6322,0.2861,False,64,generated_natural
pick up pot,Can you just lift the pot up?,natural,,0.7581739381349655,2.9722,-5.6217,0.2343,False,64,generated_natural
pick up pot,lift the cooking pot,search,,0.7643426005516809,3.0317,-5.1265,0.2485,False,64,search_boards
pick up pot,Be so kind as to establish a firm grasp on the primary cooking receptacle and subsequently hoist it into the air.,adversarial,,0.7813769367262957,3.1959,-6.3992,0.184,False,64,generated_adversarial
pick up pot,pick up pot,original,,1.0,5.3031,-1.7101,0.182,False,64,search_boards
pick up pot from sink,"Located within the confines of the sink is a pot, which I require you to elevate from its current resting place.",adversarial,,0.0,-0.3638,-6.0706,0.5114,False,64,generated_adversarial
pick up pot from sink,"Directing your attention to the sink, take hold of the pot situated therein and lift it up.",adversarial,,0.3246775963408311,1.9701,-4.1003,0.3826,False,64,generated_adversarial
pick up pot from sink,Lift the pot up out of the washbasin.,natural,,0.3289935285118642,2.0011,-5.6903,0.3174,False,64,generated_natural
pick up pot from sink,Go ahead and remove the pot from the kitchen sink.,natural,,0.3572196179756028,2.2041,-5.1527,0.3206,False,64,generated_natural
pick up pot from sink,Would you be so kind as to extract the metallic cooking vessel from the washing basin?,adversarial,,0.369726146771092,2.294,-5.4231,0.302,False,64,generated_adversarial
pick up pot from sink,remove the silver pot from the sink,search,,0.3821421744241047,2.3832,-4.7116,0.3221,False,64,search_boards
pick up pot from sink,Retrieve the metal pot that is currently sitting in the sink.,natural,,0.4072208061901285,2.5635,-4.2946,0.3225,False,64,generated_natural
pick up pot from sink,The deep metal container typically used for boiling stew needs to be grasped and lifted out of the sink.,adversarial,,0.5107879173273143,3.308,-5.6367,0.204,False,64,generated_adversarial
pick up pot from sink,Please get the cooking pot from the kitchen sink.,natural,,0.5409588752545781,3.5248,-4.3388,0.2358,False,64,generated_natural
pick up pot from sink,remove the pot from the sink,search,,0.6237133130492881,4.1197,-2.7853,0.2443,False,64,search_boards
pick up pot from sink,Fetch the heavy cooking pot out of the sink.,natural,,0.7428009739552591,4.9758,-3.3533,0.1464,False,64,generated_natural
pick up pot from sink,Grab the pot out of the sink.,natural,,0.8285259047186313,5.592,-2.2804,0.134,False,64,generated_natural
pick up pot from sink,lift the silver cup out of the sink,search,,0.8377549613775256,5.6583,-2.2545,0.1292,False,64,search_boards
pick up pot from sink,lift the metal pot out of the sink,search,,0.8426466480630492,5.6935,-2.1317,0.1309,False,64,search_boards
pick up pot from sink,grab the silver cup from the sink,search,,0.8517641705410852,5.759,-1.9767,0.1312,False,64,search_boards
pick up pot from sink,grab the metal pot out of the sink,search,,0.85733241087723,5.7991,-1.8977,0.1308,False,64,search_boards
pick up pot from sink,grab the silver cup out of the sink,search,,0.8671262327941491,5.8695,-1.9812,0.1213,False,64,search_boards
pick up pot from sink,Can you pick the pot up from the sink?,natural,,0.9142272379901244,6.2081,-0.4503,0.1515,False,64,generated_natural
pick up pot from sink,Take the pot from the sink for me.,natural,,0.9243052951693922,6.2805,-0.9927,0.1238,False,64,generated_natural
pick up pot from sink,grab the metal pot from the sink,search,,0.943038451081608,6.4152,-0.7033,0.1233,False,64,search_boards
pick up pot from sink,pick up pot from sink,original,,1.0,6.8246,0.7333,0.1435,False,64,search_boards
pick up red srewdriver,"The manual implement possessing a scarlet hue, which an operator would instinctively reach for when tasked with tightening a loose screw, must forthwith be hoisted from its resting place.",adversarial,,0.0,6.0834,-2.7681,0.0715,False,64,generated_adversarial
pick up red srewdriver,Direct your manipulators to acquire and vertically displace the vermilion-hued apparatus traditionally utilized for driving threaded metal pins.,adversarial,,0.0906164311741032,6.2372,-2.2764,0.0772,False,64,generated_adversarial
pick up red srewdriver,Execute a vertical extraction maneuver upon the ruby-tinted hand implement that an artisan would conventionally select to impart rotational force onto a slotted fastener head.,adversarial,,0.1717085653687061,6.3748,-2.0759,0.0729,False,64,generated_adversarial
pick up red srewdriver,"Should your current operating parameters permit, be so kind as to firmly grasp and elevate the crimson-colored hand tool typically utilized for driving threaded fasteners.",adversarial,,0.1973285803515963,6.4183,-1.9729,0.0731,False,64,generated_adversarial
pick up red srewdriver,Grasp the red tool used for turning screws.,natural,,0.2118295295708171,6.4429,-1.9543,0.0717,False,64,generated_natural
pick up red srewdriver,Take hold of the screwdriver with the red handle.,natural,,0.2863523202306484,6.5694,-1.6089,0.0741,False,64,generated_natural
pick up red srewdriver,take red screwdriver with yellow handle,search,,0.3851093187251789,6.7369,-1.1915,0.0757,False,64,search_boards
pick up red srewdriver,Please lift the screwdriver that is red.,natural,,0.4395313761667854,6.8293,-1.0415,0.0734,False,64,generated_natural
pick up red srewdriver,Retrieve the red-handled screwdriver.,natural,,0.4766484830564242,6.8923,-0.9706,0.0706,False,64,generated_natural
pick up red srewdriver,grasp red handle screwdriver,search,,0.6302001893282926,7.1529,-0.3939,0.0702,False,64,search_boards
pick up red srewdriver,grasp the yellow and red screwdriver,search,,0.7145759732969829,7.296,-0.1528,0.0671,False,64,search_boards
pick up red srewdriver,Can you pick the red screwdriver up?,natural,,0.7355053796120355,7.3316,0.0142,0.0705,False,64,generated_natural
pick up red srewdriver,Go ahead and pick up that red screwdriver.,natural,,0.7490973716119399,7.3546,0.0543,0.07,False,64,generated_natural
pick up red srewdriver,I need you to pick up the red screwdriver.,natural,,0.7731034662476666,7.3954,0.0634,0.0668,False,64,generated_natural
pick up red srewdriver,Grab the red screwdriver.,natural,,0.8181718065388293,7.4718,0.1543,0.0636,False,64,generated_natural
pick up red srewdriver,grasp red screwdriver,search,,0.8264333112454731,7.4859,0.1792,0.0633,False,64,search_boards
pick up red srewdriver,pick up red screwdriver,search,,0.849911971811211,7.5257,0.2776,0.0637,False,64,search_boards
pick up red srewdriver,grasp the red screwdriver,search,,0.8527828384040014,7.5306,0.2604,0.0626,False,64,search_boards
pick up red srewdriver,pick up red srewdriver,original,,1.0,7.7804,0.6282,0.0549,False,64,search_boards
pick up scissors and put into drawer,"Provided that the space is accessible, elevate the hinged implement typically utilized for severing paper and subsequently conceal it within the confines of the sliding storage compartment",adversarial,,0.0,4.3006,-5.2681,0.1308,False,64,generated_adversarial
pick up scissors and put into drawer,"Upon processing this directive, engage your end-effector to acquire the hinged tool designed for snipping, subsequently consigning it to the interior of the drawer.",adversarial,,0.3649234529412446,5.576,-3.4044,0.0913,False,64,generated_adversarial
pick up scissors and put into drawer,Firmly grasp the twin-bladed shearing instrument and relocate it into the interior of the sliding receptacle.,adversarial,,0.4324403122473272,5.812,-2.7411,0.0965,False,64,generated_adversarial
pick up scissors and put into drawer,I would be exceptionally grateful if you could see to it that the scissors are apprehended from their current resting place and deposited securely into the drawer,adversarial,,0.9174231808970358,7.507,0.3522,0.0683,False,64,generated_adversarial
pick up scissors and put into drawer,Could you stow those metal scissors away in the drawer for me,natural,,0.9315425162287988,7.5564,0.1249,0.055,False,64,generated_natural
pick up scissors and put into drawer,Put the scissors in the drawer,natural,,0.93979040784825,7.5852,0.5084,0.0675,False,64,generated_natural
pick up scissors and put into drawer,place the scissors into the top red drawer,search,,0.9431762345685264,7.597,0.2705,0.0571,False,64,search_boards
pick up scissors and put into drawer,Please deposit the scissors inside the pull-out drawer,natural,,0.9453555391613848,7.6046,0.4519,0.0635,False,64,generated_natural
pick up scissors and put into drawer,place the scissors in the top red drawer,search,,0.951873202996431,7.6274,0.3203,0.0564,False,64,search_boards
pick up scissors and put into drawer,place the scissors in the top drawer,search,,0.9527211030053692,7.6304,0.3424,0.057,False,64,search_boards
pick up scissors and put into drawer,Move the scissors over into the drawer,natural,,0.9547926500429024,7.6376,0.6265,0.0675,False,64,generated_natural
pick up scissors and put into drawer,Can you tuck the scissors away in the drawer?,natural,,0.9584454575005203,7.6504,0.5688,0.0641,False,64,generated_natural
pick up scissors and put into drawer,Grab the pair of scissors and place them inside the drawer,natural,,0.979051267575792,7.7224,0.7633,0.0654,False,64,generated_natural
pick up scissors and put into drawer,pick up scissors and place in drawer,search,,0.988172951957098,7.7543,0.7629,0.0625,False,64,search_boards
pick up scissors and put into drawer,pick up the scissors and place them in the drawer,search,,0.9900299664814556,7.7608,0.7176,0.0602,False,64,search_boards
pick up scissors and put into drawer,Pick the scissors up and set them in the drawer,natural,,0.9907918548157412,7.7634,0.8574,0.0654,False,64,generated_natural
pick up scissors and put into drawer,pick up scissors and put into drawer,original,,0.993704136311682,7.7736,0.8416,0.0639,False,64,search_boards
pick up scissors and put into drawer,Take the scissors and drop them in the drawer,natural,,1.0,7.7956,0.7733,0.0593,False,64,generated_natural
pick up sponge and wipe plate,"Take custody of the pliable, moisture-absorbing block and proceed to execute a continuous friction-based sweeping maneuver over the glazed, circular food-serving disk.",adversarial,,0.0,4.0804,-5.3517,0.147,False,64,generated_adversarial
pick up sponge and wipe plate,"Before any further culinary preparations can commence, the circular object we eat off of requires your attention; therefore, you must lift the soft absorbent block and drag it across that surface in a wiping motion.",adversarial,,0.1855244277196942,4.8641,-4.3929,0.1154,False,64,generated_adversarial
pick up sponge and wipe plate,"If it is not too much of an imposition, I would appreciate it if you could take hold of the porous item used for soaking up spills and utilize it to wipe the flat ceramic vessel upon which food is typically served.",adversarial,,0.3079595256586667,5.3813,-3.599,0.1009,False,64,generated_adversarial
pick up sponge and wipe plate,"Ascertain the location of the porous cleaning pad, elevate it from its resting place, and systematically perform a wiping motion across the flat ceramic dining vessel.",adversarial,,0.3272269959930945,5.4626,-4.0249,0.077,False,64,generated_adversarial
pick up sponge and wipe plate,Use the sponge to clean off the plate.,natural,,0.8595407594554616,7.7111,-0.0367,0.0349,False,64,generated_natural
pick up sponge and wipe plate,Pick up the cleaning sponge and wipe the surface of the dish.,natural,,0.8806583740129499,7.8003,0.1327,0.0337,False,64,generated_natural
pick up sponge and wipe plate,Give the plate a quick wipe with the sponge.,natural,,0.916999140609982,7.9538,0.4624,0.0331,False,64,generated_natural
pick up sponge and wipe plate,Please wipe the dinner plate using the sponge.,natural,,0.9301985323670892,8.0096,0.5341,0.031,False,64,generated_natural
pick up sponge and wipe plate,use the sponge to clean the grey plate,search,,0.9422905819018588,8.0607,0.8328,0.0382,False,64,search_boards
pick up sponge and wipe plate,use the yellow sponge to clean the grey plate,search,,0.9596678610833012,8.1341,0.7929,0.0302,False,64,search_boards
pick up sponge and wipe plate,Get the sponge and wipe the plate for me.,natural,,0.9625549331825924,8.1463,0.8616,0.0318,False,64,generated_natural
pick up sponge and wipe plate,use the sponge to wipe the grey plate,search,,0.9634207555961471,8.1499,0.9545,0.0351,False,64,search_boards
pick up sponge and wipe plate,use the yellow sponge to clean the plate,search,,0.966978474939245,8.1649,0.9239,0.0326,False,64,search_boards
pick up sponge and wipe plate,Could you grab the sponge and wipe the plate clean?,natural,,0.971593920703845,8.1844,0.9946,0.0336,False,64,generated_natural
pick up sponge and wipe plate,Take the yellow sponge and wipe down the plate.,natural,,0.9732126058519808,8.1913,1.0153,0.0338,False,64,generated_natural
pick up sponge and wipe plate,Grab the sponge and wipe the plate.,natural,,0.976783648376162,8.2064,1.0581,0.0342,False,64,generated_natural
pick up sponge and wipe plate,grab the sponge and wipe the grey plate,search,,0.9774894573395811,8.2093,0.9886,0.0312,False,64,search_boards
pick up sponge and wipe plate,grab the yellow sponge and wipe the grey plate,search,,0.9781410949080542,8.2121,0.9673,0.0301,False,64,search_boards
pick up sponge and wipe plate,pick up the yellow sponge and wipe the grey plate,search,,0.9877914885805577,8.2529,1.0681,0.0305,False,64,search_boards
pick up sponge and wipe plate,pick up sponge and wipe plate,original,,1.0,8.3044,1.2033,0.0312,False,64,search_boards
pick up violet Allen key,"Initiate an upward translation of the violet-colored, right-angled lever that is primarily purposed for tightening hex-head screws.",adversarial,,0.0,3.2079,-5.8794,0.2033,False,64,generated_adversarial
pick up violet Allen key,"Should the opportunity arise, kindly apply a firm prehensile grip to the violet implement whose sole purpose is interfacing with hexagonal recesses.",adversarial,,0.2129438743329844,4.1945,-5.2161,0.1422,False,64,generated_adversarial
pick up violet Allen key,"I would be most grateful if you could elevate the small, violet-hued hexagonal fastening tool from its current resting place.",adversarial,,0.3361313875474503,4.7652,-4.1631,0.1332,False,64,generated_adversarial
pick up violet Allen key,"Assuming your grippers are currently unoccupied, proceed to take hold of the violet implement utilized for driving bolts with internal hexagonal sockets.",adversarial,,0.3588576904947081,4.8705,-4.1311,0.1251,False,64,generated_adversarial
pick up violet Allen key,Take the violet L-shaped tool.,natural,,0.4948051108924253,5.5004,-3.1195,0.1092,False,64,generated_natural
pick up violet Allen key,"That violet hex wrench, go ahead and pick it up.",natural,,0.5192190456617382,5.6135,-2.5422,0.1219,False,64,generated_natural
pick up violet Allen key,pick up the purple l-key,search,,0.6132978494319652,6.0494,-2.0317,0.1034,False,64,search_boards
pick up violet Allen key,Please lift the violet Allen wrench.,natural,,0.7109415100973938,6.5017,-1.2858,0.0927,False,64,generated_natural
pick up violet Allen key,Just scoop up that violet hex wrench.,natural,,0.7482194077000074,6.6744,-0.9511,0.0906,False,64,generated_natural
pick up violet Allen key,grasp the purple hex key,search,,0.7614062839040642,6.7355,-0.222,0.1139,False,64,search_boards
pick up violet Allen key,pick up the purple hex key,search,,0.7683606207942599,6.7678,-0.2734,0.109,False,64,search_boards
pick up violet Allen key,grab the violet hex key,search,,0.805064526553549,6.9378,0.1183,0.1094,False,64,search_boards
pick up violet Allen key,grasp the violet hex key,search,,0.8333905806908245,7.0691,0.3165,0.1055,False,64,search_boards
pick up violet Allen key,Grab the violet hex key.,natural,,0.8393343403765623,7.0966,0.1724,0.0974,False,64,generated_natural
pick up violet Allen key,pick up the violet hex key,search,,0.8781341979194028,7.2763,0.4857,0.0939,False,64,search_boards
pick up violet Allen key,Get hold of the violet Allen key.,natural,,0.9820675443454996,7.7579,0.9405,0.0692,False,64,generated_natural
pick up violet Allen key,Pick up the violet-colored Allen key.,natural,,0.9894245397524714,7.792,0.9355,0.066,False,64,generated_natural
pick up violet Allen key,grab the violet allen key,search,,0.9899805435127758,7.7945,0.9708,0.0671,False,64,search_boards
pick up violet Allen key,Grasp the violet Allen key.,natural,,0.9982803623115312,7.833,0.9795,0.0641,False,64,generated_natural
pick up violet Allen key,pick up violet Allen key,original,,1.0,7.841,1.0725,0.067,False,64,search_boards
pour almonds in pot,I would be most grateful if you could cascade the edible brown seeds down into the deep cookware,adversarial,,0.0,3.6269,-7.0989,0.1184,False,64,generated_adversarial
pour almonds in pot,"Assuming readiness, proceed to tip the entirety of the oval tree nuts into the metallic cooking vessel",adversarial,,0.010478072648198,3.6746,-6.2426,0.1479,False,64,generated_adversarial
pour almonds in pot,Dump the nuts into the cooking pot,natural,,0.2328301025667486,4.6863,-4.8863,0.1117,False,64,generated_natural
pour almonds in pot,Please tip those brown nuts inside the metal pot,natural,,0.2554710942430864,4.7893,-4.8977,0.1022,False,64,generated_natural
pour almonds in pot,Execute a pouring motion such that the aforementioned almonds find their ultimate resting place within the confines of the stockpot,adversarial,,0.850786873979569,7.4979,-0.2013,0.0473,False,64,generated_adversarial
pour almonds in pot,transfer almonds from container to pot,search,,0.9161511953671844,7.7953,0.3709,0.0435,False,64,search_boards
pour almonds in pot,"The almonds, which are currently awaiting use, should be emptied completely into the pot that is positioned there",adversarial,,0.944216207320685,7.923,0.4861,0.0368,False,64,generated_adversarial
pour almonds in pot,pour almonds from container into pot,search,,0.9473336488424215,7.9371,0.6661,0.0426,False,64,search_boards
pour almonds in pot,Transfer the almonds to the pot by pouring them out,natural,,0.954737223429594,7.9708,0.6217,0.0379,False,64,generated_natural
pour almonds in pot,Go ahead and pour all the almonds in the pot for me,natural,,0.9551845855331628,7.9729,0.5555,0.0351,False,64,generated_natural
pour almonds in pot,dump the almonds into the pot bowl,search,,0.9654812411676338,8.0197,0.4942,0.0285,False,64,search_boards
pour almonds in pot,dump the almonds from the container into the pot,search,,0.9728400268741282,8.0532,0.5846,0.0291,False,64,search_boards
pour almonds in pot,Empty the almonds into the deep pot,natural,,0.9768252346515092,8.0713,0.7596,0.0344,False,64,generated_natural
pour almonds in pot,"Into the cooking pot, pour the almonds",natural,,0.979611867848307,8.084,0.611,0.0274,False,64,generated_natural
pour almonds in pot,Pour the whole batch of almonds inside the pot,natural,,0.9859500251144492,8.1128,0.6705,0.0272,False,64,generated_natural
pour almonds in pot,dump the almonds into the pot,search,,0.9887810464165144,8.1257,0.6949,0.027,False,64,search_boards
pour almonds in pot,dump the almonds in the pot,search,,0.9915156227043478,8.1382,0.7081,0.0265,False,64,search_boards
pour almonds in pot,pour almonds in pot,original,,0.9939545980440828,8.1493,0.8326,0.0304,False,64,search_boards
pour almonds in pot,pour the almonds into the pot,search,,0.9985688325707596,8.1702,0.8423,0.0289,False,64,search_boards
pour almonds in pot,Can you pour the almonds into the pot,natural,,1.0,8.1768,0.8119,0.0271,False,64,generated_natural
put banana in colander,"In the event that your manipulators are presently unencumbered, proceed to acquire the elongated, potassium-rich yellow fruit and carefully transfer it into the concave, perforated bowl utilized for draining liquids.",adversarial,,0.0,4.7796,-4.3908,0.1229,False,64,generated_adversarial
put banana in colander,"It is required that the curved, peelable fruit be immediately hoisted from its current location and introduced into the concave void of the colander.",adversarial,,0.1729975476043943,5.4219,-3.2892,0.1095,False,64,generated_adversarial
put banana in colander,put the yellow banana into the silver bowl,search,,0.3655252732628765,6.1367,-1.4012,0.1205,False,64,search_boards
put banana in colander,put the yellow banana in the silver bowl,search,,0.3779287638119862,6.1827,-1.5788,0.1094,False,64,search_boards
put banana in colander,place the yellow banana in the silver bowl,search,,0.4411765948942269,6.4175,-1.3522,0.0976,False,64,search_boards
put banana in colander,"Provided that the workspace is presently clear for manipulation, the banana must immediately be conveyed to, and subsequently deposited within, the perforated washing receptacle known as the colander.",adversarial,,0.4545522443355952,6.4672,-1.3243,0.0943,False,64,generated_adversarial
put banana in colander,"Should it not be too much trouble, I would greatly appreciate it if you could secure the elongated yellow fruit that requires peeling and gently deposit it within the confines of the colander.",adversarial,,0.4642893175224674,6.5033,-1.7833,0.0731,False,64,generated_adversarial
put banana in colander,drop the yellow banana in the silver bowl,search,,0.4984851481761255,6.6303,-0.8376,0.099,False,64,search_boards
put banana in colander,put the banana inside the silver bowl,search,,0.5156440983974927,6.694,-1.4074,0.071,False,64,search_boards
put banana in colander,Toss that yellow fruit into the colander.,natural,,0.6427805677147582,7.166,-0.2696,0.074,False,64,generated_natural
put banana in colander,Move that banana over to the colander.,natural,,0.7964842912379368,7.7367,0.8499,0.0675,False,64,generated_natural
put banana in colander,Pick up the banana and leave it resting in the colander.,natural,,0.8580223710161162,7.9651,1.1579,0.0594,False,64,generated_natural
put banana in colander,"Into the colander, please put the banana.",natural,,0.8624677836232755,7.9816,1.1081,0.056,False,64,generated_natural
put banana in colander,Grab the banana and set it down in the colander.,natural,,0.8999259845428208,8.1207,1.2132,0.0478,False,64,generated_natural
put banana in colander,Could you drop the banana into the colander for me?,natural,,0.9044744557989268,8.1376,1.3636,0.0523,False,64,generated_natural
put banana in colander,put the banana in the colander bowl,search,,0.9372179494427468,8.2592,1.5078,0.0472,False,64,search_boards
put banana in colander,place the banana in the colander,search,,0.9383555857927776,8.2634,1.6187,0.0512,False,64,search_boards
put banana in colander,drop the banana into the colander,search,,0.9441139927220475,8.2848,1.5424,0.0463,False,64,search_boards
put banana in colander,Pop the banana into the colander.,natural,,0.9525565897546484,8.3161,1.6007,0.0458,False,64,generated_natural
put banana in colander,Place the banana inside the colander.,natural,,0.95607967226208,8.3292,1.6636,0.0471,False,64,generated_natural
put banana in colander,put banana in colander,original,,1.0,8.4922,1.9236,0.0429,False,64,search_boards
put banana in pot cardboard fence,"Without disturbing the surrounding items, initiate the relocation of the curved botanical berry such that it comes to rest completely inside the planter guarded by the corrugated paper perimeter.",adversarial,,0.0,3.9462,-5.6462,0.1473,False,64,generated_adversarial
put banana in pot cardboard fence,It is requested that the crescent-shaped yellow fruit be grasped and conveyed into the enclosure formed by the paperboard barrier surrounding the planting vessel.,adversarial,,0.2047563007545599,4.8561,-4.2599,0.1213,False,64,generated_adversarial
put banana in pot cardboard fence,The potassium-rich item currently present must be relocated such that it rests entirely inside the structure functioning as the pot cardboard fence.,adversarial,,0.4796712424421022,6.0778,-2.6905,0.075,False,64,generated_adversarial
put banana in pot cardboard fence,"Assuming it is not too much trouble, kindly acquire the elongated yellow fruit and deposit it within the confines of the pot cardboard fence.",adversarial,,0.537633767554162,6.3354,-2.2928,0.0679,False,64,generated_adversarial
put banana in pot cardboard fence,Move the yellow fruit over to the pot enclosed by the cardboard fence.,natural,,0.5915758490308889,6.5751,-1.6548,0.0718,False,64,generated_natural
put banana in pot cardboard fence,Transfer the piece of yellow fruit to the pot with the cardboard fence.,natural,,0.6209542090537447,6.7057,-1.4446,0.0685,False,64,generated_natural
put banana in pot cardboard fence,move the banana inside the orange bowl,search,,0.628306842265184,6.7383,-1.413,0.0668,False,64,search_boards
put banana in pot cardboard fence,pick up the banana and drop it in the pot,search,,0.6431968562666701,6.8045,-1.1906,0.0697,False,64,search_boards
put banana in pot cardboard fence,pick up the banana and put it in the pot,search,,0.6707140015098686,6.9268,-0.8374,0.0728,False,64,search_boards
put banana in pot cardboard fence,move the banana in the pot,search,,0.7225802655174867,7.1573,-0.7394,0.0563,False,64,search_boards
put banana in pot cardboard fence,put the banana inside the orange bowl,search,,0.7328326289341498,7.2028,-0.5373,0.0602,False,64,search_boards
put banana in pot cardboard fence,move the banana into the pot,search,,0.7624462774764384,7.3344,-0.3633,0.0554,False,64,search_boards
put banana in pot cardboard fence,move banana to pot,search,,0.7662535490460767,7.3514,-0.3097,0.056,False,64,search_boards
put banana in pot cardboard fence,Can you drop the banana into the cardboard fence pot?,natural,,0.9324831667301646,8.0901,1.3479,0.0558,False,64,generated_natural
put banana in pot cardboard fence,Take the banana and set it down in the pot cardboard fence.,natural,,0.9385361701219466,8.117,1.3198,0.0524,False,64,generated_natural
put banana in pot cardboard fence,Put the banana inside the cardboard fenced pot.,natural,,0.9395362214044995,8.1214,1.3733,0.0541,False,64,generated_natural
put banana in pot cardboard fence,Just set the banana inside the pot surrounded by the cardboard fence.,natural,,0.949522065564371,8.1658,1.3979,0.0511,False,64,generated_natural
put banana in pot cardboard fence,Please place that banana in the pot cardboard fence.,natural,,0.9689346795355112,8.252,1.5206,0.0483,False,64,generated_natural
put banana in pot cardboard fence,Place the banana inside the pot cardboard fence.,natural,,0.9719132603008754,8.2653,1.5861,0.0497,False,64,generated_natural
put banana in pot cardboard fence,put banana in pot cardboard fence,original,,1.0,8.3901,1.7196,0.0439,False,64,search_boards
put banana in pot or pan,place the yellow banana in the silver pot,search,,0.0,5.5849,-3.8377,0.0735,False,64,search_boards
put banana in pot or pan,put the yellow banana in the silver pot,search,,0.0088852037479013,5.6109,-3.717,0.076,False,64,search_boards
put banana in pot or pan,place yellow banana in the silver pot,search,,0.009983268934621,5.6141,-3.8307,0.0712,False,64,search_boards
put banana in pot or pan,Drop the yellow fruit into either the pan or the pot.,natural,,0.0353180253925628,5.6881,-3.3896,0.082,False,64,generated_natural
put banana in pot or pan,"In the event that your actuators are prepared for motion, I require you to secure the elongated yellow fruit and subsequently deposit it within the interior confines of either the deep boiling pot or the shallower frying pan.",adversarial,,0.0640527463483194,5.7721,-3.3743,0.0752,False,64,generated_adversarial
put banana in pot or pan,place the banana in the silver pot,search,,0.1233092054556629,5.9452,-3.0058,0.0744,False,64,search_boards
put banana in pot or pan,"With the ultimate objective being the containment of the curved yellow fruit, execute the necessary motions to deposit said item into whichever metallic cooking vessel—be it the deep pot or the shallow pan—happens to be most expedient.",adversarial,,0.129570507918562,5.9635,-3.1746,0.0661,False,64,generated_adversarial
put banana in pot or pan,"Irrespective of whether you select the deep boiling pot or the shallow skillet as your target, it is absolutely imperative that the banana be transferred inside one of them.",adversarial,,0.1796431793855741,6.1098,-2.5075,0.0794,False,64,generated_adversarial
put banana in pot or pan,place banana in the silver pot,search,,0.1834296919137824,6.1209,-2.716,0.0702,False,64,search_boards
put banana in pot or pan,"Provided you are able to safely grasp the elongated yellow fruit, I would be most grateful if you could deposit it within the confines of either a saucepan or a frying pan.",adversarial,,0.1851561147826856,6.1259,-2.8239,0.0655,False,64,generated_adversarial
put banana in pot or pan,put the yellow banana into the silver pot,search,,0.2021071652740859,6.1755,-2.4738,0.0749,False,64,search_boards
put banana in pot or pan,put the banana in the silver pot,search,,0.2420045223259202,6.292,-2.4178,0.0668,False,64,search_boards
put banana in pot or pan,Grab the banana and leave it in one of the pans or pots.,natural,,0.5284760404523248,7.129,-0.3157,0.0754,False,64,generated_natural
put banana in pot or pan,place banana into the pot,search,,0.7616124871728022,7.8102,0.462,0.0458,False,64,search_boards
put banana in pot or pan,"Move the banana so it is resting in the pot, or use the pan instead.",natural,,0.7740638974081924,7.8466,0.6295,0.0491,False,64,generated_natural
put banana in pot or pan,Could you put the banana inside a cooking pot or a frying pan?,natural,,0.7783626160482824,7.8592,0.6783,0.0499,False,64,generated_natural
put banana in pot or pan,The banana needs to go in a pot or a pan.,natural,,0.8532201736970347,8.0779,0.9788,0.0424,False,64,generated_natural
put banana in pot or pan,"Store the banana in the pot or the pan, whichever is easier.",natural,,0.8551964752676366,8.0837,1.0234,0.0437,False,64,generated_natural
put banana in pot or pan,Take that banana and set it in a pot or pan.,natural,,0.8679650277071912,8.121,1.0133,0.04,False,64,generated_natural
put banana in pot or pan,Place the banana into the pot or the pan.,natural,,0.9095012462857468,8.2423,1.1815,0.0359,False,64,generated_natural
put banana in pot or pan,put banana in pot or pan,original,,1.0,8.5068,1.6142,0.0295,False,64,search_boards
put banana on plate,"Assuming there are no obstacles in your path, proceed to take custody of the peelable yellow consumable and relinquish it entirely within the bounds of the shallow serving dish.",adversarial,,0.0,3.76,-5.8966,0.1539,False,64,generated_adversarial
put banana on plate,"Relocate the crescent-shaped, potassium-rich fruit from its current position so that it comes to rest squarely atop the flat surface of the plate.",adversarial,,0.512564500055787,6.0674,-1.9163,0.1064,False,64,generated_adversarial
put banana on plate,"If it would not be an imposition, kindly acquire the elongated yellow fruit and ensure its subsequent deposition upon the surface of the plate.",adversarial,,0.5897932487202108,6.415,-1.6608,0.0857,False,64,generated_adversarial
put banana on plate,Could you move the yellow fruit over to the plate?,natural,,0.6352484701409512,6.6196,-1.1614,0.0872,False,64,generated_natural
put banana on plate,"The plate, provided it is currently accessible, is where you must immediately transfer the banana once you have established a secure grip on it.",adversarial,,0.8034306467526624,7.3767,-0.0107,0.0655,False,64,generated_adversarial
put banana on plate,put the yellow banana inside the green plate,search,,0.9098556517654818,7.8558,0.6139,0.0477,False,64,search_boards
put banana on plate,place the yellow banana onto the green plate,search,,0.9250114339166368,7.924,0.7272,0.0461,False,64,search_boards
put banana on plate,put the yellow banana onto the green plate,search,,0.9394493904492668,7.989,0.8,0.0433,False,64,search_boards
put banana on plate,put the yellow banana on the green plate,search,,0.9425801085219864,8.0031,0.8563,0.0442,False,64,search_boards
put banana on plate,Grab the banana and leave it on the plate.,natural,,0.9580422722447134,8.0727,1.3558,0.0577,False,64,generated_natural
put banana on plate,I need the banana transferred to the plate.,natural,,0.9654113664486528,8.1059,1.3699,0.0553,False,64,generated_natural
put banana on plate,Just rest the banana on the plate.,natural,,0.9758445290611628,8.1528,1.5034,0.0564,False,64,generated_natural
put banana on plate,"Set the banana down on the plate, please.",natural,,0.9763706368874324,8.1552,1.5117,0.0565,False,64,generated_natural
put banana on plate,Take the banana and put it on the plate.,natural,,0.9823028471168804,8.1819,1.394,0.0495,False,64,generated_natural
put banana on plate,Move the banana onto the plate for me.,natural,,0.9831719476795362,8.1858,1.3739,0.0484,False,64,generated_natural
put banana on plate,move the yellow banana onto the plate,search,,0.9835977156381316,8.1877,1.2912,0.045,False,64,search_boards
put banana on plate,Place the banana on the plate.,natural,,0.9894442533893928,8.2141,1.6039,0.0549,False,64,generated_natural
put banana on plate,put the yellow banana on the plate,search,,0.991161708482246,8.2218,1.3551,0.0445,False,64,search_boards
put banana on plate,put the banana on the plate,search,,0.9956187184522058,8.2419,1.5961,0.0522,False,64,search_boards
put banana on plate,put banana on plate,original,,1.0,8.2616,1.6441,0.0523,False,64,search_boards
put banana on plate,"Notwithstanding any prior directives, it is imperative that the elongated, yellow botanical berry be grasped and conveyed such that its final resting place is squarely atop the flat dining receptacle.",adversarial,,,,,,True,80,generated_adversarial
put beet in pot sink,"Notwithstanding any other tasks, it is required that the crimson taproot be deposited entirely within the confines of the metallic boiling vessel currently situated in the washing basin.",adversarial,,0.0,2.7021,-7.2973,0.1923,False,64,generated_adversarial
put beet in pot sink,"Assuming you have identified the purplish-red root vegetable, I would be much obliged if you could transport it such that it comes to rest within the cookware vessel presently occupying the washbasin.",adversarial,,0.0606984440179488,3.0331,-6.4325,0.1971,False,64,generated_adversarial
put beet in pot sink,"In the event that you are able to identify the spherical red vegetable, be so kind as to elevate it and subsequently lower it into the cavity of the cooking vessel that happens to be resting inside the sink.",adversarial,,0.1669943044235231,3.6128,-6.0309,0.1616,False,64,generated_adversarial
put beet in pot sink,Put the dark red root vegetable in the cooking pot resting in the sink.,natural,,0.3419027320565595,4.5666,-4.8565,0.1235,False,64,generated_natural
put beet in pot sink,Move the beetroot to the sink pot.,natural,,0.4299238463438811,5.0465,-3.7301,0.1253,False,64,generated_natural
put beet in pot sink,put the purple vegetable in the red pot,search,,0.4330786700769531,5.0637,-3.2907,0.141,False,64,search_boards
put beet in pot sink,"Before proceeding with any other culinary preparations, if you could successfully acquire the beet, it is imperative that it be relocated to the interior of the cooking pot currently stationed within the sink.",adversarial,,0.5947790057108681,5.9455,-2.6668,0.0876,False,64,generated_adversarial
put beet in pot sink,Place the beetroot into the pot that is in the sink.,natural,,0.6255600903105929,6.1134,-2.1668,0.0925,False,64,generated_natural
put beet in pot sink,place the purple beet inside the red pot,search,,0.7343692018778927,6.7067,-1.148,0.08,False,64,search_boards
put beet in pot sink,"Into the pot in the sink, please place the beet.",natural,,0.751705222608022,6.8013,-0.7776,0.0862,False,64,generated_natural
put beet in pot sink,drop the purple beet in the red pot,search,,0.7529047006324144,6.8078,-0.9714,0.078,False,64,search_boards
put beet in pot sink,put the purple beet in the red pot,search,,0.7588079568589143,6.84,-0.8914,0.0783,False,64,search_boards
put beet in pot sink,drop the purple beet into the red pot,search,,0.7623313211216618,6.8592,-0.9042,0.0761,False,64,search_boards
put beet in pot sink,Grab the beet and transfer it to the pot currently located in the sink.,natural,,0.8513988731089872,7.3449,-0.1868,0.0614,False,64,generated_natural
put beet in pot sink,put the beet inside the pot,search,,0.8837402749188262,7.5213,0.0847,0.0565,False,64,search_boards
put beet in pot sink,Just leave the beet in the pot inside the sink.,natural,,0.8932856454122977,7.5733,0.1975,0.0563,False,64,generated_natural
put beet in pot sink,Toss the beet into the pot sitting in the sink basin.,natural,,0.9066360679330638,7.6461,0.3941,0.0576,False,64,generated_natural
put beet in pot sink,Drop the beet inside the sink's pot.,natural,,0.9073632690380656,7.6501,0.4626,0.0599,False,64,generated_natural
put beet in pot sink,put beet in pot sink,original,,1.0,8.1552,1.1692,0.0431,False,64,search_boards
put big spoon from basket to tray,"Given the woven receptacle currently holding the oversized eating utensil, I require you to extract said implement and deposit it gently upon the flat serving platter.",adversarial,,0.0,4.7171,-3.7415,0.154,False,64,generated_adversarial
put big spoon from basket to tray,"Assuming you have correctly identified the basket and its contents, it is strictly required that you single out the oversized, bowl-ended stirring utensil within it and effectuate its immediate transfer to the surface of the tray.",adversarial,,0.4861026060504687,5.9812,-1.4353,0.1329,False,64,generated_adversarial
put big spoon from basket to tray,"If it would not be too much trouble to attend to the contents of the basket, please relocate the largest of the scooping tools to its new position resting upon the tray.",adversarial,,0.5883207007386093,6.247,-1.5934,0.1032,False,64,generated_adversarial
put big spoon from basket to tray,"You are to extract the most substantial scooping utensil currently housed within the basket, ensuring it is subsequently conveyed to, and abandoned upon, the tray.",adversarial,,0.6260711848590123,6.3452,-1.2798,0.1068,False,64,generated_adversarial
put big spoon from basket to tray,Take the biggest spoon out of the basket and put it on the tray.,natural,,0.9133796389633294,7.0923,-0.2168,0.0825,False,64,generated_natural
put big spoon from basket to tray,place the big silver spoon from the basket into the tray slot,search,,0.9306835410115706,7.1373,-0.1574,0.0809,False,64,search_boards
put big spoon from basket to tray,grab the large spoon from the basket and put it in the tray,search,,0.9375842444255827,7.1553,-0.0938,0.0818,False,64,search_boards
put big spoon from basket to tray,Transfer that large spoon in the basket over to the tray.,natural,,0.9414763267368732,7.1654,-0.183,0.0774,False,64,generated_natural
put big spoon from basket to tray,Pick up the big spoon inside the basket and drop it on the tray.,natural,,0.9517470095645808,7.1921,-0.0983,0.0784,False,64,generated_natural
put big spoon from basket to tray,Just grab the big spoon that's sitting in the basket and slide it onto the tray.,natural,,0.9544599246201028,7.1991,-0.0347,0.0803,False,64,generated_natural
put big spoon from basket to tray,Get the large spoon out of the basket for me and lay it on the tray.,natural,,0.9550202860118824,7.2006,-0.0299,0.0803,False,64,generated_natural
put big spoon from basket to tray,move big spoon from basket to tray,search,,0.9773915069875244,7.2588,0.1377,0.0818,False,64,search_boards
put big spoon from basket to tray,transfer the big spoon from basket to tray,search,,0.9790077164888088,7.263,0.1089,0.0803,False,64,search_boards
put big spoon from basket to tray,take the big spoon out of the basket and place it in the tray,search,,0.979203226099041,7.2635,0.0992,0.0798,False,64,search_boards
put big spoon from basket to tray,put the big spoon from basket to tray,search,,0.981814380518744,7.2703,0.1354,0.0807,False,64,search_boards
put big spoon from basket to tray,put big spoon from basket to tray,original,,0.9914013480498566,7.2952,0.1869,0.0805,False,64,search_boards
put big spoon from basket to tray,Can you grab the big spoon from the basket and place it on the tray?,natural,,0.9917632497717692,7.2961,0.084,0.0763,False,64,generated_natural
put big spoon from basket to tray,place the big spoon from basket to tray,search,,0.9946206407645564,7.3036,0.1321,0.0776,False,64,search_boards
put big spoon from basket to tray,Please set the big spoon from the basket onto the tray.,natural,,0.9947192441630318,7.3038,0.0501,0.0743,False,64,generated_natural
put big spoon from basket to tray,Move the large spoon out of the basket and onto the tray.,natural,,0.9973195997743336,7.3106,0.0923,0.0754,False,64,generated_natural
put big spoon from basket to tray,transfer big spoon from basket to tray,search,,0.9998899826518964,7.3173,0.1487,0.077,False,64,search_boards
put big spoon from basket to tray,place big spoon from basket to tray,search,,1.0,7.3176,0.161,0.0775,False,64,search_boards
put blueberries on plate sink,"It is required that the tiny, indigo fruits be conveyed to, and subsequently released upon, the circular dining ware that happens to be occupying the washbasin.",adversarial,,0.0,1.6758,-7.6191,0.2704,False,64,generated_adversarial
put blueberries on plate sink,"Regarding the dishware currently stationed within the washbasin, it is imperative that the small, round, blue produce be deposited directly upon its surface.",adversarial,,0.1645832235223862,2.7426,-6.2579,0.2296,False,64,generated_adversarial
put blueberries on plate sink,"If it is not too much trouble, kindly collect the small spherical blue fruits and ensure they come to rest upon the flat ceramic dish currently occupying the sink.",adversarial,,0.5451914553581888,5.2096,-3.2494,0.1298,False,64,generated_adversarial
put blueberries on plate sink,Place those little blue fruits onto the sink plate.,natural,,0.8011057944413732,6.8684,-1.2299,0.0625,False,64,generated_natural
put blueberries on plate sink,Move the berries to the plate by the sink.,natural,,0.8099581657725012,6.9257,-0.768,0.0756,False,64,generated_natural
put blueberries on plate sink,The plate which is situated at the sink is the designated receptacle into which you must presently deposit the blueberries.,adversarial,,0.8113753882176883,6.9349,-0.812,0.0731,False,64,generated_adversarial
put blueberries on plate sink,place blue grapes on the yellow plate in the sink,search,,0.8447885077667978,7.1515,-0.3925,0.0704,False,64,search_boards
put blueberries on plate sink,place blue grapes on the plate in the sink,search,,0.849182166320355,7.18,-0.3002,0.0715,False,64,search_boards
put blueberries on plate sink,put blue grapes on the yellow plate in the sink,search,,0.8543965036447875,7.2138,-0.3064,0.0683,False,64,search_boards
put blueberries on plate sink,place blue grapes on yellow plate sink,search,,0.8897491800797631,7.4429,-0.1297,0.055,False,64,search_boards
put blueberries on plate sink,"On the plate inside the sink, please set the blueberries.",natural,,0.9027906172064356,7.5275,0.2995,0.0644,False,64,generated_natural
put blueberries on plate sink,Could you stick the blueberries on the plate in the sink for me?,natural,,0.9030596224129828,7.5292,0.4497,0.0701,False,64,generated_natural
put blueberries on plate sink,I need the blueberries transferred to the plate over at the sink.,natural,,0.9037085349456346,7.5334,0.5346,0.0731,False,64,generated_natural
put blueberries on plate sink,put blue grapes on plate sink,search,,0.9067274596828626,7.553,0.0834,0.0536,False,64,search_boards
put blueberries on plate sink,Grab the blueberries and drop them on the plate that is sitting in the sink.,natural,,0.9124464174389226,7.5901,0.6273,0.0717,False,64,generated_natural
put blueberries on plate sink,Can you put the blueberries on the plate in the sink?,natural,,0.9392925798156192,7.7641,0.904,0.0672,False,64,generated_natural
put blueberries on plate sink,place blueberries on the plate in the sink,search,,0.9553009020420252,7.8678,0.8388,0.0555,False,64,search_boards
put blueberries on plate sink,Set the blueberries down on the plate located at the sink.,natural,,0.9609451596343352,7.9044,0.9323,0.0559,False,64,generated_natural
put blueberries on plate sink,put the blueberries on the plate in the sink,search,,0.9652999605598634,7.9326,0.9894,0.0557,False,64,search_boards
put blueberries on plate sink,put blueberries on plate sink,original,,1.0,8.1576,1.251,0.0461,False,64,search_boards
put bowl on plate,"If it is within your operational parameters, please elevate the deep vessel typically used for soup and carefully deposit it so that its base rests upon the flat, circular dining dish.",adversarial,,0.0,2.752,-6.6647,0.2128,False,64,generated_adversarial
put bowl on plate,"Without upsetting its orientation, convey the concave dining receptacle across the workspace and lower it onto the flat serving dish.",adversarial,,0.2070560741711628,3.9751,-4.8793,0.1748,False,64,generated_adversarial
put bowl on plate,Please rest the soup bowl on the dinner plate.,natural,,0.6769036348730442,6.7504,-1.0184,0.0813,False,64,generated_natural
put bowl on plate,"Should it not pose an undue burden on your current processing queue, I request that you secure the bowl and physically translate it to a final resting position directly atop the plate.",adversarial,,0.7425390365675845,7.1381,-0.4827,0.0681,False,64,generated_adversarial
put bowl on plate,The plate needs to have the bowl set on top of it.,natural,,0.7429547583439788,7.1405,-0.6639,0.0607,False,64,generated_natural
put bowl on plate,"Prior to undertaking any other tasks, ensure that the bowl has been successfully relocated to sit directly atop the surface of the plate.",adversarial,,0.8814759233016355,7.9588,0.6845,0.0414,False,64,generated_adversarial
put bowl on plate,place bowl onto blue plate,search,,0.9118658179668928,8.1383,1.214,0.0463,False,64,search_boards
put bowl on plate,Take the bowl and put it right on the plate.,natural,,0.9231717533734431,8.205,1.3821,0.047,False,64,generated_natural
put bowl on plate,place bowl on blue plate,search,,0.9269640293851312,8.2274,1.3533,0.0439,False,64,search_boards
put bowl on plate,place the bowl on the blue plate,search,,0.9270370589240255,8.2279,1.3745,0.0447,False,64,search_boards
put bowl on plate,Pop the bowl on the plate for me.,natural,,0.956327945569358,8.4009,1.7316,0.0434,False,64,generated_natural
put bowl on plate,Move that bowl over to the plate.,natural,,0.963287669852793,8.442,1.6458,0.0364,False,64,generated_natural
put bowl on plate,Grab the bowl and set it down on the plate.,natural,,0.9675434554980754,8.4671,1.72,0.0371,False,64,generated_natural
put bowl on plate,place bowl on plate,search,,0.9685937185573384,8.4733,1.7114,0.0363,False,64,search_boards
put bowl on plate,place bowl onto the plate,search,,0.9721209260311112,8.4942,1.7466,0.0358,False,64,search_boards
put bowl on plate,place bowl on the plate,search,,0.9773928382339546,8.5253,1.7673,0.0339,False,64,search_boards
put bowl on plate,Can you place the bowl onto the plate?,natural,,0.981014554060846,8.5467,1.8748,0.0362,False,64,generated_natural
put bowl on plate,Could you transfer the bowl onto the plate?,natural,,0.9822699567609292,8.5541,1.8911,0.0362,False,64,generated_natural
put bowl on plate,place the bowl onto the plate,search,,0.9891631837407496,8.5948,1.9342,0.0343,False,64,search_boards
put bowl on plate,put the bowl on the plate,search,,0.9975846951353003,8.6446,2.0044,0.0326,False,64,search_boards
put bowl on plate,put bowl on plate,original,,1.0,8.6589,2.0866,0.0346,False,64,search_boards
put bowl on plate cardboard fence,"Without delay, secure the open-topped hemispherical food receptacle and orchestrate its relocation to the flat serving dish that is currently fortified by a makeshift paperboard palisade.",adversarial,,0.0,1.5311,-7.1844,0.3002,False,64,generated_adversarial
put bowl on plate cardboard fence,"Assuming the circular dining surface adorned with a makeshift corrugated perimeter has been identified, proceed to deposit the hemispherical soup vessel directly onto it.",adversarial,,0.1386554368259968,2.5033,-5.7389,0.2711,False,64,generated_adversarial
put bowl on plate cardboard fence,"Should it please you to do so, kindly secure the concave eating vessel and ensure its immediate transfer to the paperboard perimeter located upon the flat serving dish.",adversarial,,0.2680236595839564,3.4105,-5.0914,0.2164,False,64,generated_adversarial
put bowl on plate cardboard fence,The deep receptacle intended for soup is to be lifted and subsequently deposited squarely upon the flat plate that is currently augmented with a corrugated paper barricade.,adversarial,,0.4232542117051571,4.499,-5.0973,0.12,False,64,generated_adversarial
put bowl on plate cardboard fence,put blue bowl in green plate,search,,0.7708183748045179,6.9361,-0.2809,0.0938,False,64,search_boards
put bowl on plate cardboard fence,move blue bowl to green plate,search,,0.7871573707538472,7.0507,-0.1279,0.0897,False,64,search_boards
put bowl on plate cardboard fence,put blue bowl onto green plate,search,,0.800731961449436,7.1459,0.0718,0.0891,False,64,search_boards
put bowl on plate cardboard fence,Grab the bowl and put it on the plate that has the cardboard fence.,natural,,0.9194366776525316,7.9783,1.1855,0.0593,False,64,generated_natural
put bowl on plate cardboard fence,Pick up the bowl and leave it on the plate bordered by the cardboard fence.,natural,,0.938649671118564,8.113,1.2979,0.0519,False,64,generated_natural
put bowl on plate cardboard fence,put bowl onto green plate cardboard fence,search,,0.939034783107608,8.1157,1.2378,0.0493,False,64,search_boards
put bowl on plate cardboard fence,put bowl on the green plate cardboard fence,search,,0.9394034314655306,8.1183,1.1853,0.047,False,64,search_boards
put bowl on plate cardboard fence,put bowl on green plate cardboard,search,,0.9410566416897814,8.1299,1.276,0.0495,False,64,search_boards
put bowl on plate cardboard fence,put bowl on green plate cardboard fence,search,,0.945170975503039,8.1587,1.2852,0.0473,False,64,search_boards
put bowl on plate cardboard fence,Can you move the bowl over to the cardboard fence on the plate?,natural,,0.9455798735921834,8.1616,1.3276,0.0487,False,64,generated_natural
put bowl on plate cardboard fence,Take that bowl and rest it on the cardboard fence on the plate.,natural,,0.9515728535734932,8.2036,1.3241,0.0449,False,64,generated_natural
put bowl on plate cardboard fence,Please set the bowl down on the cardboard fence plate.,natural,,0.9545998734594888,8.2248,1.508,0.0502,False,64,generated_natural
put bowl on plate cardboard fence,I need the bowl placed on top of the plate's cardboard fence.,natural,,0.9630547208963428,8.2841,1.4617,0.0432,False,64,generated_natural
put bowl on plate cardboard fence,Place the bowl onto the plate with the cardboard fence.,natural,,0.9736291592061808,8.3583,1.6996,0.046,False,64,generated_natural
put bowl on plate cardboard fence,Transfer the bowl to the cardboard fence located on the plate.,natural,,0.9783109109899366,8.3911,1.6375,0.0406,False,64,generated_natural
put bowl on plate cardboard fence,put the bowl on plate cardboard fence,search,,0.993006711564486,8.4941,1.8097,0.0383,False,64,search_boards
put bowl on plate cardboard fence,put bowl on plate cardboard fence,original,,1.0,8.5432,1.9277,0.0386,False,64,search_boards
put broccoli in bowl,"Assuming the workspace is clear, I would appreciate it if you could elevate the green cruciferous vegetable and orchestrate its descent into the concave receptacle.",adversarial,,0.0,4.4578,-5.0176,0.1268,False,64,generated_adversarial
put broccoli in bowl,It is of paramount importance that the miniature green tree-like vegetable be extracted from its current position and deposited within the concave dining vessel.,adversarial,,0.1866165447110641,5.086,-3.3641,0.1362,False,64,generated_adversarial
put broccoli in bowl,"Provided the workspace is unobstructed, I request that you secure the green floret-topped vegetable and facilitate its immediate relocation into the interior of the bowl.",adversarial,,0.2208979929861338,5.2015,-3.2946,0.1287,False,64,generated_adversarial
put broccoli in bowl,"The bowl being your ultimate target, I require you to grasp the broccoli and ensure it comes to rest securely within its confines.",adversarial,,0.4883923563299648,6.102,-1.3523,0.1254,False,64,generated_adversarial
put broccoli in bowl,Move that green vegetable into the bowl.,natural,,0.537447056884652,6.2671,-1.1847,0.1174,False,64,generated_natural
put broccoli in bowl,Please drop the broccoli into the dish.,natural,,0.6144105948662473,6.5262,-1.0413,0.1002,False,64,generated_natural
put broccoli in bowl,place the green broccoli in the blue bowl,search,,0.7102625635191826,6.8489,-0.1347,0.1073,False,64,search_boards
put broccoli in bowl,place the green broccoli into the blue bowl,search,,0.714698458338919,6.8638,-0.1425,0.1056,False,64,search_boards
put broccoli in bowl,put the green broccoli inside the blue bowl,search,,0.758745248183645,7.0121,-0.1036,0.0941,False,64,search_boards
put broccoli in bowl,drop the green broccoli in the blue bowl,search,,0.7662372615062685,7.0373,-0.0047,0.0957,False,64,search_boards
put broccoli in bowl,put green broccoli in blue bowl,search,,0.8030245907684951,7.1611,0.1973,0.0927,False,64,search_boards
put broccoli in bowl,Take the broccoli and set it down inside the bowl.,natural,,0.838509564665054,7.2806,0.5176,0.0947,False,64,generated_natural
put broccoli in bowl,Grab the broccoli and pop it into the bowl.,natural,,0.8434382874745397,7.2972,0.5983,0.0965,False,64,generated_natural
put broccoli in bowl,Transfer the broccoli over to the bowl.,natural,,0.8858147549401895,7.4398,0.8695,0.0945,False,64,generated_natural
put broccoli in bowl,pick up broccoli and put it in bowl,search,,0.9028901515921788,7.4973,0.6956,0.0826,False,64,search_boards
put broccoli in bowl,Can you toss the broccoli into the bowl for me?,natural,,0.9319422657036264,7.5951,0.8857,0.0814,False,64,generated_natural
put broccoli in bowl,Place the broccoli into the bowl.,natural,,0.949062210807564,7.6528,1.1528,0.0868,False,64,generated_natural
put broccoli in bowl,place the broccoli in the bowl,search,,0.9540751837719308,7.6696,1.2365,0.0886,False,64,search_boards
put broccoli in bowl,Just put the broccoli in the bowl.,natural,,0.9651358898661454,7.7069,1.1345,0.0813,False,64,generated_natural
put broccoli in bowl,put broccoli in bowl,original,,1.0,7.8242,1.3527,0.0795,False,64,search_boards
put broccoli in pot,"Provided that your manipulators are currently free, locate the dark green cruciferous vegetable and ensure it is carefully lowered until it is fully contained within the stovetop cooking pot.",adversarial,,0.0,3.5934,-5.0257,0.2028,False,64,generated_adversarial
put broccoli in pot,"Notwithstanding any alternative priorities, I require that the cluster of edible green florets be entirely transferred into the main hollow cavity of the stovetop simmering basin.",adversarial,,0.0279952235193445,3.7176,-5.4517,0.1751,False,64,generated_adversarial
put broccoli in pot,"If you would be so exceedingly kind, please take the vegetable that resembles a miniature green tree and deposit it within the cylindrical metallic cooking vessel.",adversarial,,0.1764177399934839,4.376,-4.5659,0.1517,False,64,generated_adversarial
put broccoli in pot,"Assuming the receptacle utilized for boiling liquids is within your reach, proceed to ensure the physical transfer of the broccoli to its interior is completed forthwith.",adversarial,,0.194412275522467,4.4558,-4.6332,0.142,False,64,generated_adversarial
put broccoli in pot,Grab the green vegetable and drop it in the pot.,natural,,0.3324482026770582,5.0681,-2.9335,0.1547,False,64,generated_natural
put broccoli in pot,put the green broccoli piece inside the silver pot,search,,0.5368002945469779,5.9746,-2.1441,0.1056,False,64,search_boards
put broccoli in pot,put the green broccoli piece inside the metal pot,search,,0.5999817619541176,6.2549,-2.0088,0.0862,False,64,search_boards
put broccoli in pot,put the broccoli piece into the metal pot,search,,0.6294451270558826,6.3856,-1.7281,0.0856,False,64,search_boards
put broccoli in pot,Move that piece of broccoli over to the pot.,natural,,0.6330360851806189,6.4015,-1.6142,0.0887,False,64,generated_natural
put broccoli in pot,put the green broccoli inside the silver pot,search,,0.6374693931747845,6.4212,-1.6792,0.0844,False,64,search_boards
put broccoli in pot,Take the broccoli and leave it inside the pot.,natural,,0.650110264774794,6.4773,-1.3078,0.094,False,64,generated_natural
put broccoli in pot,drop the green broccoli piece into the metal pot,search,,0.6851548653460674,6.6327,-1.6219,0.068,False,64,search_boards
put broccoli in pot,drop the green broccoli into the metal pot,search,,0.7250538262046791,6.8097,-1.3169,0.0643,False,64,search_boards
put broccoli in pot,Can you just pop the broccoli into the pot?,natural,,0.778700234688164,7.0477,-0.6053,0.0712,False,64,generated_natural
put broccoli in pot,Could you toss the broccoli in the pot for me?,natural,,0.7948805608676468,7.1194,-0.6937,0.0614,False,64,generated_natural
put broccoli in pot,"Into the pot with the broccoli, please.",natural,,0.7962716607423873,7.1256,-0.6562,0.0623,False,64,generated_natural
put broccoli in pot,put the green broccoli in the pot,search,,0.809355233165762,7.1837,-0.6962,0.0556,False,64,search_boards
put broccoli in pot,I need the broccoli placed in the pot.,natural,,0.813725243220162,7.203,-0.4204,0.0648,False,64,generated_natural
put broccoli in pot,Place the broccoli into the cooking pot.,natural,,0.8787719360311769,7.4916,-0.0087,0.0554,False,64,generated_natural
put broccoli in pot,put broccoli in pot,original,,1.0,8.0293,1.0707,0.0503,False,64,search_boards
put broccoli in pot or pan,It is requested that the cruciferous vegetable be relocated from its current resting place and deposited into the hollow interior of either a pot or a pan.,adversarial,,0.0,5.9087,-2.5609,0.0951,False,64,generated_adversarial
put broccoli in pot or pan,"Notwithstanding any other ongoing tasks, please isolate the miniature green tree-shaped produce and arrange for its immediate transference into either of the two metallic cooking vessels, be it the pot or the pan.",adversarial,,0.236373645113205,6.3588,-1.26,0.1064,False,64,generated_adversarial
put broccoli in pot or pan,"Should you find yourself possessing the requisite mechanical dexterity, be so good as to convey the small green tree-like florets into the confines of a pot or pan.",adversarial,,0.3115344943907227,6.5019,-0.9705,0.1051,False,64,generated_adversarial
put broccoli in pot or pan,Drop the green vegetable into either the pot or the pan.,natural,,0.6678821021513583,7.1804,-0.0344,0.0819,False,64,generated_natural
put broccoli in pot or pan,"Regarding the broccoli, it is imperative that you establish a firm prehension upon it and subsequently relinquish it into the interior of a pot or, alternatively, a pan.",adversarial,,0.6931960819722377,7.2286,0.1546,0.0851,False,64,generated_adversarial
put broccoli in pot or pan,put the broccoli in the pot,search,,0.7225743634577545,7.2846,0.0138,0.0746,False,64,search_boards
put broccoli in pot or pan,place broccoli in pot,search,,0.7344752744419337,7.3072,0.1923,0.0796,False,64,search_boards
put broccoli in pot or pan,drop broccoli in pot,search,,0.7375432760275423,7.3131,0.0614,0.074,False,64,search_boards
put broccoli in pot or pan,put the broccoli inside the pot,search,,0.7654984993819024,7.3663,0.0662,0.0695,False,64,search_boards
put broccoli in pot or pan,put the broccoli into the pot,search,,0.766440783455096,7.3681,0.1745,0.0735,False,64,search_boards
put broccoli in pot or pan,put broccoli in the pot,search,,0.7686739567882115,7.3723,0.1709,0.073,False,64,search_boards
put broccoli in pot or pan,drop broccoli in the pot,search,,0.7723557840478082,7.3794,0.1325,0.0709,False,64,search_boards
put broccoli in pot or pan,drop the broccoli inside the pot,search,,0.7781436263630376,7.3904,0.1718,0.0715,False,64,search_boards
put broccoli in pot or pan,Take the piece of broccoli and set it inside the pot or pan.,natural,,0.8833249306297299,7.5906,0.6876,0.074,False,64,generated_natural
put broccoli in pot or pan,Toss that broccoli in a pan or a pot.,natural,,0.8971301070947338,7.6169,0.7184,0.0729,False,64,generated_natural
put broccoli in pot or pan,"In the pot or pan, please put the broccoli.",natural,,0.9428924319027144,7.7041,0.8071,0.0687,False,64,generated_natural
put broccoli in pot or pan,I need you to transfer the broccoli into one of the pots or pans.,natural,,0.9469208193572366,7.7117,0.8012,0.0678,False,64,generated_natural
put broccoli in pot or pan,Move the broccoli over to a cooking pot or pan.,natural,,0.951895057400629,7.7212,0.9093,0.0712,False,64,generated_natural
put broccoli in pot or pan,Place the broccoli into the pot or the pan.,natural,,0.9600883837819127,7.7368,0.8912,0.0691,False,64,generated_natural
put broccoli in pot or pan,Pop the broccoli into a pot or pan.,natural,,0.9745583330701316,7.7644,0.9634,0.0695,False,64,generated_natural
put broccoli in pot or pan,put broccoli in pot or pan,original,,1.0,7.8128,1.1208,0.0714,False,64,search_boards
put brush into pot or pan,"If it is not too much trouble, the tool one utilizes to scrub away dried food ought to be relocated such that it rests entirely inside either the deeper boiling vessel or its shallower counterpart, the pan.",adversarial,,0.0,3.2986,-4.5594,0.2472,False,64,generated_adversarial
put brush into pot or pan,"Being mindful of the available cookware, kindly secure the handled, bristled implement within the confines of whichever of the metal cooking basins, be it the pot or the skillet, is most convenient.",adversarial,,0.2304647972095621,4.1835,-4.8604,0.1572,False,64,generated_adversarial
put brush into pot or pan,put the brush in the silver pot,search,,0.50100249706023,5.2222,-3.9039,0.103,False,64,search_boards
put brush into pot or pan,"Assuming you have correctly identified the handled scrubbing tool, your primary objective is to transport said implement such that it comes to rest within the concave interior of either the boiling pot or the flat-bottomed pan.",adversarial,,0.5342464228845849,5.3499,-2.5976,0.143,False,64,generated_adversarial
put brush into pot or pan,put the scrub brush in the pot,search,,0.5497733782178896,5.4095,-3.2627,0.1116,False,64,search_boards
put brush into pot or pan,drop the brush in the pot,search,,0.5738438482197014,5.5019,-3.1337,0.1085,False,64,search_boards
put brush into pot or pan,drop the brush inside the silver pot,search,,0.5755485424082784,5.5084,-3.3343,0.1,False,64,search_boards
put brush into pot or pan,drop the brush into the silver pot,search,,0.5759753506670371,5.5101,-3.3028,0.1011,False,64,search_boards
put brush into pot or pan,place the brush inside the pot,search,,0.5815772836183704,5.5316,-3.0923,0.1075,False,64,search_boards
put brush into pot or pan,Put the bristled cleaning tool into the skillet or the saucepan.,natural,,0.7326775968599158,6.1118,-1.6258,0.1138,False,64,generated_natural
put brush into pot or pan,"Provided you have secured a firm grasp on the bristled sweeping tool, proceed to deposit it directly into the hollow interior of either the pot or the pan.",adversarial,,0.7632864881294465,6.2293,-1.3772,0.1132,False,64,generated_adversarial
put brush into pot or pan,"Move the brush over to the cookware, specifically inside a pan or a pot.",natural,,0.7765354962222003,6.2801,-1.3894,0.1082,False,64,generated_natural
put brush into pot or pan,Place the scrubbing brush inside either of the cooking vessels.,natural,,0.8110127138334647,6.4125,-1.2554,0.1018,False,64,generated_natural
put brush into pot or pan,Can you toss the dish brush into the pan or the pot?,natural,,0.8451775527706663,6.5437,-0.608,0.1156,False,64,generated_natural
put brush into pot or pan,"Stick the brush in the pot, or the pan is fine too.",natural,,0.9621726947688604,6.9929,-0.6038,0.0761,False,64,generated_natural
put brush into pot or pan,Slide the brush into the pot or the pan for me.,natural,,0.9820440112701596,7.0692,0.0554,0.0953,False,64,generated_natural
put brush into pot or pan,Grab that brush and drop it in the pot or the pan.,natural,,0.9861264805971174,7.0849,-0.2853,0.0805,False,64,generated_natural
put brush into pot or pan,I need you to leave the brush in a pot or a pan.,natural,,0.9868433448170806,7.0876,-0.0683,0.0888,False,64,generated_natural
put brush into pot or pan,put brush into pot or pan,original,,1.0,7.1382,0.6679,0.1132,False,64,search_boards
put can in pot,place the red jar in the metal pot,search,,0.0,4.0618,-4.7433,0.1725,False,64,search_boards
put can in pot,move the jar into the metal pot,search,,0.1286582395032773,4.5195,-3.9709,0.1624,False,64,search_boards
put can in pot,"Assuming there are no obstacles in your workspace, manipulate the metallic drinking vessel so that it comes to rest within the concave interior of the stewing pan.",adversarial,,0.1659966784717635,4.6523,-4.1942,0.1419,False,64,generated_adversarial
put can in pot,"With the utmost care, please take hold of the cylindrical beverage receptacle and transport it through the air, ultimately relinquishing your grasp only when it is safely housed inside the deep metal cooking pot.",adversarial,,0.1876163741103235,4.7292,-4.0542,0.1406,False,64,generated_adversarial
put can in pot,drop the orange container into the metal pot,search,,0.2513725740612965,4.956,-3.3961,0.1464,False,64,search_boards
put can in pot,"Provided you have a clear path to do so, please acquire the object from which one typically consumes carbonated beverages and deposit it wholly within the confines of the metal cooking vessel.",adversarial,,0.2640404806509903,5.0011,-3.5108,0.1379,False,64,generated_adversarial
put can in pot,drop the jar into the metal pot,search,,0.2645496779690692,5.0029,-3.0284,0.1567,False,64,search_boards
put can in pot,put the glass jar into the metal pot,search,,0.2704547755946681,5.0239,-2.9295,0.1587,False,64,search_boards
put can in pot,put the jar into the metal pot,search,,0.2829206788143364,5.0683,-2.9843,0.1527,False,64,search_boards
put can in pot,I would greatly appreciate it if you could ensure that the cylindrical aluminum item finds its new resting place directly inside the receptacle we normally use for boiling water.,adversarial,,0.3382496739459667,5.2651,-3.0404,0.1331,False,64,generated_adversarial
put can in pot,put the jar into the small metal pot,search,,0.4795704687447643,5.7678,-1.9512,0.1314,False,64,search_boards
put can in pot,Take the aluminum can and drop it into the pot.,natural,,0.5087687072932058,5.8717,-1.6638,0.1336,False,64,generated_natural
put can in pot,Move the can over to the pot.,natural,,0.5129009985493006,5.8864,-1.8899,0.1234,False,64,generated_natural
put can in pot,Grab that can and stick it in the pot.,natural,,0.7090450791737305,6.5841,-0.8778,0.1015,False,64,generated_natural
put can in pot,Pick up the can and place it in the pot.,natural,,0.8034954839327358,6.9201,-0.2506,0.0964,False,64,generated_natural
put can in pot,Could you put the soda can in the cooking pot for me?,natural,,0.8178952775260565,6.9713,-0.3014,0.0899,False,64,generated_natural
put can in pot,Set the can down inside the pot.,natural,,0.92069774070086,7.337,0.3253,0.0822,False,64,generated_natural
put can in pot,Place the can inside the pot.,natural,,0.9215541626762772,7.34,0.4136,0.0854,False,64,generated_natural
put can in pot,Transfer the can into the cooking pot.,natural,,0.9296467494441863,7.3688,0.2691,0.0772,False,64,generated_natural
put can in pot,put can in pot,original,,1.0,7.6191,1.0273,0.0849,False,64,search_boards
put can in pot,"Should it align with your current directives, please secure the lightweight aluminum drinking cylinder and orchestrate its descent directly into the hollow belly of the stovetop cooking pot.",adversarial,,,,,,True,80,generated_adversarial
put cap on container,"Provided the lower receptacle remains unsealed, take the corresponding topmost closure into your grasp and carefully navigate it to rest securely over the primary opening.",adversarial,,0.0,3.8889,-6.1714,0.1317,False,64,generated_adversarial
put cap on container,"If it would not be too much trouble, please take the small removable closure designed to prevent spills and position it so that it firmly seals the open receptacle.",adversarial,,0.1774954216071274,4.5785,-5.7207,0.0885,False,64,generated_adversarial
put cap on container,"Acting with the utmost care to prevent any hypothetical contents from escaping, locate the small item originally designed to seal openings and securely affix it to the top of the currently unsealed vessel.",adversarial,,0.1879770304350814,4.6193,-5.0074,0.1129,False,64,generated_adversarial
put cap on container,Ensure that the hollow storage vessel is rendered completely closed by maneuvering its corresponding topmost cover into the designated mating position.,adversarial,,0.2007690512646948,4.669,-5.3769,0.094,False,64,generated_adversarial
put cap on container,Can you seal the container using the top?,natural,,0.532522991952637,5.9579,-3.0592,0.0711,False,64,generated_natural
put cap on container,put red cap on the container in the sink,search,,0.603299753120313,6.2329,-1.9662,0.0898,False,64,search_boards
put cap on container,put the red lid on the glass jar,search,,0.6709066590776022,6.4956,-1.6063,0.0807,False,64,search_boards
put cap on container,place the red lid on the glass container,search,,0.7003892780651233,6.6101,-1.2145,0.086,False,64,search_boards
put cap on container,Cover the container with its lid.,natural,,0.7010537248672385,6.6127,-2.0269,0.0538,False,64,generated_natural
put cap on container,Secure the lid to the top of the container.,natural,,0.7027109376540599,6.6191,-1.7121,0.0656,False,64,generated_natural
put cap on container,put the red lid on the glass container,search,,0.7101077057326418,6.6479,-1.2398,0.0816,False,64,search_boards
put cap on container,put the red lid on the jar,search,,0.7287145084273512,6.7202,-1.3539,0.0708,False,64,search_boards
put cap on container,Grab the plastic cap and put it on the container.,natural,,0.8976146197364745,7.3764,-0.393,0.0505,False,64,generated_natural
put cap on container,Stick the cap onto that container for me.,natural,,0.9232066062038208,7.4758,-0.035,0.0558,False,64,generated_natural
put cap on container,Close the container by putting the cap back on it.,natural,,0.9281087812237652,7.4949,-0.0404,0.0539,False,64,generated_natural
put cap on container,Go ahead and fit the cap onto the container.,natural,,0.9587461511531252,7.6139,0.4758,0.0637,False,64,generated_natural
put cap on container,put cap on container,original,,0.9861674279824842,7.7204,0.9235,0.0718,False,64,search_boards
put cap on container,Place the cap onto the container.,natural,,1.0,7.7742,0.7026,0.0584,False,64,generated_natural
put carrot in bowl,"Locate the crunchy snack often associated with rabbits, transferring said item so that it is fully contained by the deep, round receptacle.",adversarial,,0.0,3.7332,-6.5323,0.1313,False,64,generated_adversarial
put carrot in bowl,Grab the orange vegetable and drop it in the bowl.,natural,,0.2678869605229052,4.9012,-3.749,0.1374,False,64,generated_natural
put carrot in bowl,"Provided it is within your grasp, take the elongated orange root vegetable and ensure it comes to rest within the bowl.",adversarial,,0.4377331766709106,5.6418,-2.7547,0.111,False,64,generated_adversarial
put carrot in bowl,Would you be so kind as to execute a physical relocation of the carrot such that its final resting place is bounded by the walls of the bowl?,adversarial,,0.6160597939796939,6.4193,-1.4581,0.0933,False,64,generated_adversarial
put carrot in bowl,move the orange carrot into the blue bowl,search,,0.6343612705467686,6.4991,-1.102,0.1002,False,64,search_boards
put carrot in bowl,put the orange carrot in the light blue bowl,search,,0.6392868213584444,6.5206,-1.0037,0.1021,False,64,search_boards
put carrot in bowl,"Regarding the carrot, your immediate objective is to hoist it upwards before subsequently lowering it down until it sits nestled inside the bowl.",adversarial,,0.7579674817501383,7.0381,-0.4809,0.077,False,64,generated_adversarial
put carrot in bowl,Move that carrot over to the bowl.,natural,,0.814630868245034,7.2851,-0.0844,0.0707,False,64,generated_natural
put carrot in bowl,move carrot into the blue bowl,search,,0.8398267117765976,7.395,0.1805,0.0714,False,64,search_boards
put carrot in bowl,"Into the bowl, please put the carrot.",natural,,0.8480065428325345,7.4306,0.1899,0.0686,False,64,generated_natural
put carrot in bowl,put orange carrot in blue bowl,search,,0.8625914068286764,7.4942,0.4162,0.0719,False,64,search_boards
put carrot in bowl,Can you toss the carrot in the bowl for me?,natural,,0.8903297307591835,7.6152,0.5357,0.0659,False,64,generated_natural
put carrot in bowl,move carrot to blue bowl,search,,0.8915532798496698,7.6205,0.426,0.0611,False,64,search_boards
put carrot in bowl,Take the carrot and set it down inside the bowl.,natural,,0.8993441910367155,7.6545,0.5995,0.0649,False,64,generated_natural
put carrot in bowl,move carrot into blue bowl,search,,0.9019841585370412,7.666,0.5356,0.0614,False,64,search_boards
put carrot in bowl,Pick up the carrot and put it inside the bowl.,natural,,0.92328644988911,7.7589,0.7894,0.0632,False,64,generated_natural
put carrot in bowl,Just put the carrot in the bowl.,natural,,0.9872696013735616,8.0379,1.0765,0.0498,False,64,generated_natural
put carrot in bowl,Place the carrot into the bowl.,natural,,0.9897951263698987,8.0489,1.0748,0.0488,False,64,generated_natural
put carrot in bowl,put carrot in bowl,original,,1.0,8.0934,1.3106,0.0541,False,64,search_boards
put carrot in pot cardboard fence,"Provided that your manipulators are currently unencumbered, kindly secure the elongated orange taproot and orchestrate its relocation into the interior of the specific pot bounded by a cardboard fence.",adversarial,,0.0,3.9125,-5.3846,0.1605,False,64,generated_adversarial
put carrot in pot cardboard fence,"Notwithstanding any prior directives, your immediate objective is to grasp the conical orange root and orchestrate its descent into the cavity of the specific culinary vessel flanked by a corrugated paper boundary.",adversarial,,0.0075533378590113,3.9461,-5.6223,0.1482,False,64,generated_adversarial
put carrot in pot cardboard fence,"If you would be so obliging, apprehend the beta-carotene-rich root vegetable and deposit it directly into the confines of the cooking vessel that is shielded by a diminutive cardboard palisade.",adversarial,,0.2319237216693295,4.9444,-3.3975,0.1474,False,64,generated_adversarial
put carrot in pot cardboard fence,The item commonly associated with the diet of cartoon rabbits requires immediate repositioning; pray convey said object directly into the pot encircled by the cardboard fence.,adversarial,,0.3497143307246143,5.4685,-3.3403,0.1033,False,64,generated_adversarial
put carrot in pot cardboard fence,Drop the orange vegetable into the cardboard-fenced pot.,natural,,0.4880590035250799,6.084,-1.4503,0.1232,False,64,generated_natural
put carrot in pot cardboard fence,drop the carrot into the orange cup,search,,0.4956316422101495,6.1176,-1.3763,0.1231,False,64,search_boards
put carrot in pot cardboard fence,put the carrot into the orange cup,search,,0.5037718342967689,6.1539,-1.4374,0.1175,False,64,search_boards
put carrot in pot cardboard fence,drop orange carrot in orange cup,search,,0.5245991236285189,6.2465,-1.1991,0.1187,False,64,search_boards
put carrot in pot cardboard fence,place carrot in orange cup,search,,0.5284600888904227,6.2637,-0.9998,0.125,False,64,search_boards
put carrot in pot cardboard fence,place the carrot in the orange cup,search,,0.5326922839471703,6.2825,-1.1036,0.1193,False,64,search_boards
put carrot in pot cardboard fence,place orange carrot into orange cup,search,,0.5705965258753214,6.4512,-0.974,0.1094,False,64,search_boards
put carrot in pot cardboard fence,place orange carrot in the cup,search,,0.5897725105028144,6.5365,-0.9165,0.1042,False,64,search_boards
put carrot in pot cardboard fence,Take the carrot and transfer it to the pot inside the cardboard fence.,natural,,0.7886271182385537,7.4212,0.8077,0.0937,False,64,generated_natural
put carrot in pot cardboard fence,Put that carrot inside the cardboard fence pot.,natural,,0.8817139709488113,7.8354,1.1498,0.0706,False,64,generated_natural
put carrot in pot cardboard fence,The carrot needs to go in the pot with the cardboard fence.,natural,,0.898858793224067,7.9116,1.0873,0.0614,False,64,generated_natural
put carrot in pot cardboard fence,Move the carrot into the pot that has a cardboard fence.,natural,,0.933420249857432,8.0654,1.391,0.0597,False,64,generated_natural
put carrot in pot cardboard fence,Just drop the carrot inside the pot surrounded by the cardboard fence.,natural,,0.937173685441754,8.0821,1.3354,0.0561,False,64,generated_natural
put carrot in pot cardboard fence,Set the carrot down into the pot enclosed by the cardboard fence.,natural,,0.9411359786057356,8.0997,1.4105,0.0574,False,64,generated_natural
put carrot in pot cardboard fence,Place the carrot in the pot by the cardboard fence.,natural,,0.9430320000041912,8.1082,1.4451,0.0581,False,64,generated_natural
put carrot in pot cardboard fence,put carrot in pot cardboard fence,original,,1.0,8.3616,1.6614,0.0442,False,64,search_boards
put carrot in pot or pan,"Without expressing a preference between the deep boiling vessel and the shallow skillet, I ask that you secure the elongated orange root vegetable and carefully relocate it into the interior of either one of those two receptacles.",adversarial,,0.0,3.6747,-4.0591,0.2336,False,64,generated_adversarial
put carrot in pot or pan,"Irrespective of whether you opt for the deep vessel typically used for boiling or the flat skillet favored for frying, it is imperative that the orange taproot be completely relocated into the cooking receptacle of your choosing.",adversarial,,0.6335078300439131,6.3078,-1.4946,0.1017,False,64,generated_adversarial
put carrot in pot or pan,Grab that orange vegetable and toss it in a pan or a pot.,natural,,0.8113150189822482,7.0469,-0.2022,0.0871,False,64,generated_natural
put carrot in pot or pan,"Either the pot or the pan is fine for the carrot, just drop it in.",natural,,0.8253692267540482,7.1053,-0.0932,0.0862,False,64,generated_natural
put carrot in pot or pan,"Taking the carrot into your grasp, ensure its final resting place is established within the metallic walls of either the pot or the pan.",adversarial,,0.840064644837335,7.1664,-0.2389,0.0751,False,64,generated_adversarial
put carrot in pot or pan,"Could you move the carrot to the pan, or the pot if you prefer?",natural,,0.8519059455847263,7.2156,-0.0119,0.0797,False,64,generated_natural
put carrot in pot or pan,"Should it be convenient for you to do so, I would be tremendously appreciative if you could elevate the carrot and subsequently deposit it within the interior volume of either the pot or the pan.",adversarial,,0.8838489077555802,7.3484,0.0701,0.0712,False,64,generated_adversarial
put carrot in pot or pan,"Stick the orange root in the pot or pan, please.",natural,,0.8923877626011745,7.3839,0.0946,0.069,False,64,generated_natural
put carrot in pot or pan,put the carrot in the pot,search,,0.9059387008715258,7.4402,0.2793,0.0713,False,64,search_boards
put carrot in pot or pan,put the carrot inside the pot,search,,0.909782349823168,7.4562,0.2293,0.0679,False,64,search_boards
put carrot in pot or pan,"I need the carrot in the pot, or you can put it in the pan instead.",natural,,0.91618543559651,7.4828,0.2283,0.0655,False,64,generated_natural
put carrot in pot or pan,put the carrot in pot,search,,0.9324992773399527,7.5506,0.3902,0.0659,False,64,search_boards
put carrot in pot or pan,place carrot in pot,search,,0.9350699853885496,7.5613,0.4632,0.0678,False,64,search_boards
put carrot in pot or pan,put carrot inside pot,search,,0.938035943667512,7.5736,0.3968,0.0641,False,64,search_boards
put carrot in pot or pan,put carrot into pot,search,,0.9462001305870118,7.6075,0.475,0.0642,False,64,search_boards
put carrot in pot or pan,"Pick up the carrot and set it inside the pot, or use the pan.",natural,,0.950594421736594,7.6258,0.421,0.0605,False,64,generated_natural
put carrot in pot or pan,put carrot in pot,search,,0.9533844510463392,7.6374,0.4941,0.0623,False,64,search_boards
put carrot in pot or pan,Go ahead and leave the carrot in the pot or the pan.,natural,,0.9563287880888792,7.6496,0.4681,0.0602,False,64,generated_natural
put carrot in pot or pan,Place the carrot into the pot or the pan.,natural,,0.979529531833962,7.7461,0.6741,0.0598,False,64,generated_natural
put carrot in pot or pan,put carrot in pot or pan,original,,1.0,7.8311,0.7565,0.0555,False,64,search_boards
put carrot in pot or pan,"Should the situation permit, kindly direct your manipulators to enclose the beta-carotene rich vegetable, subsequently maneuvering it through the workspace until it can be deposited safely within the boundaries of the pot or, if you so choose, the pan.",adversarial,,,,,,True,80,generated_adversarial
put carrot on cutting board,"Provided there are no obstructions in your operational workspace, please secure the elongated orange taproot and ensure it is deposited directly upon the board utilized for culinary chopping.",adversarial,,0.0,4.6245,-3.5392,0.1701,False,64,generated_adversarial
put carrot on cutting board,The item that is traditionally associated with a rabbit's diet requires immediate relocation; kindly see to it that it is transported to rest atop the cutting board.,adversarial,,0.4732155762941937,6.1701,-1.662,0.1073,False,64,generated_adversarial
put carrot on cutting board,"In the event that you are ready to receive a command, please utilize your end-effector to acquire the vibrant orange root and maneuver it such that it comes to rest upon the cutting board.",adversarial,,0.6927937431929174,6.8873,-0.7014,0.0816,False,64,generated_adversarial
put carrot on cutting board,"Assuming you have correctly identified the orange, cone-shaped vegetable, kindly execute a spatial relocation protocol to position it squarely upon the cutting board.",adversarial,,0.7063558391860222,6.9316,-0.4506,0.0876,False,64,generated_adversarial
put carrot on cutting board,Set the orange root vegetable on the cutting board.,natural,,0.7435547598329418,7.0531,0.0455,0.0963,False,64,generated_natural
put carrot on cutting board,grab the orange carrot and place it on the green cutting board,search,,0.7936087133115658,7.2166,0.3834,0.0951,False,64,search_boards
put carrot on cutting board,pick up the orange carrot and set it on the cutting board,search,,0.8810307008343459,7.5021,0.9059,0.0904,False,64,search_boards
put carrot on cutting board,pick up the orange carrot and put it on the cutting board,search,,0.9000086665517772,7.5641,0.8588,0.0831,False,64,search_boards
put carrot on cutting board,Take the carrot and put it down on the cutting board.,natural,,0.9097624715043148,7.596,1.0329,0.0871,False,64,generated_natural
put carrot on cutting board,Can you move the carrot over to the cutting board?,natural,,0.9162353132127652,7.6171,1.0148,0.0845,False,64,generated_natural
put carrot on cutting board,place the carrot on the green cutting board,search,,0.9201476993381368,7.6299,0.9449,0.0807,False,64,search_boards
put carrot on cutting board,I need the carrot placed onto the cutting board.,natural,,0.9229819427622596,7.6391,1.1656,0.0885,False,64,generated_natural
put carrot on cutting board,Just drop the carrot onto the cutting board for me.,natural,,0.9246331873981825,7.6445,1.0674,0.0842,False,64,generated_natural
put carrot on cutting board,Grab the carrot and rest it on the cutting board.,natural,,0.9360383254816422,7.6818,1.1739,0.0851,False,64,generated_natural
put carrot on cutting board,Place the carrot onto the cutting board.,natural,,0.940186646608664,7.6953,1.1983,0.0848,False,64,generated_natural
put carrot on cutting board,grab the carrot and place it on the cutting board,search,,0.9411940249400784,7.6986,1.1443,0.0824,False,64,search_boards
put carrot on cutting board,grab the carrot and put it on the cutting board,search,,0.9416505769189344,7.7001,1.1319,0.0818,False,64,search_boards
put carrot on cutting board,Shift the carrot to the cutting board.,natural,,0.9589188999367276,7.7565,1.148,0.0775,False,64,generated_natural
put carrot on cutting board,pick up the carrot and put it on the cutting board,search,,0.9622944552505048,7.7676,1.1834,0.0779,False,64,search_boards
put carrot on cutting board,set the carrot on the cutting board,search,,0.9736594428155588,7.8047,1.2732,0.0781,False,64,search_boards
put carrot on cutting board,put carrot on cutting board,original,,1.0,7.8907,1.3416,0.0732,False,64,search_boards
put carrot on plate,"Assuming the workspace is presently clear of obstructions, please acquire the crunchy orange taproot that rabbits famously enjoy, and carefully transition its position so that it rests directly upon the plate.",adversarial,,0.0,4.4375,-3.8151,0.1758,False,64,generated_adversarial
put carrot on plate,"In the event that you are ready to proceed, manipulate your end effector to grasp the carrot and conduct a spatial translation that concludes with it resting squarely upon the plate.",adversarial,,0.1446759062346853,4.9304,-2.0921,0.1999,False,64,generated_adversarial
put carrot on plate,Grab the orange root vegetable and leave it on the plate.,natural,,0.4496354829239036,5.9692,-2.4205,0.0952,False,64,generated_natural
put carrot on plate,"I would be exceedingly grateful if you could see to it that the carrot, rather than remaining in its current location, is promptly lifted and relocated to the surface of the plate.",adversarial,,0.451340849684343,5.9751,-1.3405,0.1371,False,64,generated_adversarial
put carrot on plate,Move the orange vegetable to the plate.,natural,,0.475656921780816,6.0579,-2.134,0.0986,False,64,generated_natural
put carrot on plate,"Provided you possess the requisite motor control, elevate the elongated orange ingredient from its current resting place and deposit it gently onto the surface of the plate.",adversarial,,0.5643189485842907,6.3599,-1.8673,0.0824,False,64,generated_adversarial
put carrot on plate,move carrot to green plate,search,,0.8632154050198209,7.3782,-0.0307,0.0646,False,64,search_boards
put carrot on plate,move carrot onto the green plate,search,,0.8830150946817272,7.4456,0.1248,0.0647,False,64,search_boards
put carrot on plate,move the carrot onto the green plate,search,,0.9063543686323382,7.5251,0.2984,0.0645,False,64,search_boards
put carrot on plate,move carrot onto green plate,search,,0.907238419096322,7.5281,0.2851,0.0637,False,64,search_boards
put carrot on plate,place carrot onto the green plate,search,,0.9285950230516976,7.6009,0.5285,0.0669,False,64,search_boards
put carrot on plate,Take the carrot and drop it on the plate.,natural,,0.9387434126964244,7.6354,0.547,0.0646,False,64,generated_natural
put carrot on plate,"Could you set the carrot on the plate, please?",natural,,0.9527886519356163,7.6833,0.8051,0.0705,False,64,generated_natural
put carrot on plate,Transfer the carrot over to the plate.,natural,,0.9552746637206564,7.6918,0.7872,0.069,False,64,generated_natural
put carrot on plate,Put a carrot on that plate.,natural,,0.9761472429395788,7.7629,0.8706,0.066,False,64,generated_natural
put carrot on plate,put carrot on plate,original,,0.99024606514642,7.8109,1.098,0.0707,False,64,search_boards
put carrot on plate,Just pop the carrot onto the plate.,natural,,0.9919530678830346,7.8167,0.9252,0.0634,False,64,generated_natural
put carrot on plate,Place the carrot onto the plate.,natural,,1.0,7.8441,1.0634,0.0664,False,64,generated_natural
put clothes in laundry machine,"If it is not too much of an imposition on your current routine, I would greatly appreciate it if you could take the soiled fabric items we wear and deposit them entirely within the mechanical laundering apparatus.",adversarial,,0.0,4.6165,-4.0511,0.1507,False,64,generated_adversarial
put clothes in laundry machine,"Assuming the role of a domestic helper, take the pile of wearable textiles and ensure they come to rest completely inside the drum of the automated laundering device.",adversarial,,0.3129337395917971,5.692,-2.656,0.1105,False,64,generated_adversarial
put clothes in laundry machine,"Provided the appliance's hatch is accessible, the assorted apparel currently situated here must be carefully relocated into the main compartment of the automated clothes washer.",adversarial,,0.471378002284852,6.2365,-2.3451,0.0746,False,64,generated_adversarial
put clothes in laundry machine,"In accordance with standard domestic maintenance protocols, kindly apprehend the discarded items of personal wear and ensure they are fully enveloped by the laundry machine's internal compartment.",adversarial,,0.4994530832983753,6.333,-1.7098,0.091,False,64,generated_adversarial
put clothes in laundry machine,Can you toss the dirty laundry into the washer for me?,natural,,0.7309376559789411,7.1285,-0.9562,0.0503,False,64,generated_natural
put clothes in laundry machine,load the laundry basket items into the washing machine,search,,0.7453107291346128,7.1779,-0.7344,0.0547,False,64,search_boards
put clothes in laundry machine,Move the clothes over to the washing machine and put them in.,natural,,0.8270682612002244,7.4588,-0.2471,0.049,False,64,generated_natural
put clothes in laundry machine,load the clothes from the basket into the machine,search,,0.8421980199516635,7.5108,-0.0098,0.0537,False,64,search_boards
put clothes in laundry machine,load the laundry machine with clothes,search,,0.8982677422314993,7.7035,0.4216,0.0536,False,64,search_boards
put clothes in laundry machine,Go ahead and drop the clothes inside the washer.,natural,,0.9022068788247646,7.7171,0.1282,0.0409,False,64,generated_natural
put clothes in laundry machine,place the clothes into the open laundry machine,search,,0.906186849374332,7.7307,0.6859,0.0616,False,64,search_boards
put clothes in laundry machine,"Into the washer, please put the clothes.",natural,,0.9178378029708938,7.7708,0.2138,0.0395,False,64,generated_natural
put clothes in laundry machine,Chuck the clothes in the washer.,natural,,0.9230815581085866,7.7888,0.3021,0.0414,False,64,generated_natural
put clothes in laundry machine,place clothes in laundry machine,search,,0.9277464355502232,7.8048,0.6928,0.0553,False,64,search_boards
put clothes in laundry machine,Gather up the clothing and transfer it into the laundry machine.,natural,,0.9469787396719318,7.8709,0.5862,0.0453,False,64,generated_natural
put clothes in laundry machine,put clothes in the laundry machine,search,,0.9504503710948524,7.8829,0.9923,0.0602,False,64,search_boards
put clothes in laundry machine,Place all the garments inside the washing appliance.,natural,,0.9560345243085094,7.902,0.6068,0.0433,False,64,generated_natural
put clothes in laundry machine,put clothes in laundry machine,original,,0.9609585292239652,7.919,1.0014,0.0574,False,64,search_boards
put clothes in laundry machine,Load the clothes into the washing machine.,natural,,1.0,8.0531,0.8387,0.0391,False,64,generated_natural
put corn in bowl sink,The object covered in yellow kernels must be promptly relocated such that it comes to rest completely inside the open-topped dish currently occupying the washbasin.,adversarial,,0.0,4.1572,-3.8674,0.1985,False,64,generated_adversarial
put corn in bowl sink,"Bearing in mind the spatial arrangement of the countertop, kindly execute a maneuver wherein the cylindrical, kernel-covered crop is carefully deposited into the deep, rounded crockery currently situated at the bottom of the plumbing fixture.",adversarial,,0.1402122872960706,4.6443,-4.6624,0.1242,False,64,generated_adversarial
put corn in bowl sink,"Regarding the maize, provided that the receptacle situated down inside the drain basin is unobstructed, see to it that the former is securely transferred into the latter.",adversarial,,0.1785590243655066,4.7776,-3.664,0.1517,False,64,generated_adversarial
put corn in bowl sink,"If it is not too much trouble, I require you to elevate the yellow starchy vegetable and deposit it directly into the concave vessel currently resting within the washing basin.",adversarial,,0.3262802348757982,5.2908,-2.9746,0.1334,False,64,generated_adversarial
put corn in bowl sink,Take that yellow cob and drop it in the bowl sitting in the sink.,natural,,0.7281737229251255,6.687,-0.6904,0.0997,False,64,generated_natural
put corn in bowl sink,"Into the sink's bowl, please put the corn.",natural,,0.7414312570870457,6.7331,-0.6291,0.0981,False,64,generated_natural
put corn in bowl sink,Move the ear of corn to the sink bowl.,natural,,0.7784193432233579,6.8616,0.11,0.1158,False,64,generated_natural
put corn in bowl sink,move the corn to the bowl,search,,0.795544359870492,6.9211,-0.3136,0.0939,False,64,search_boards
put corn in bowl sink,move the corn into the blue bowl,search,,0.8087631744170514,6.967,-0.322,0.0895,False,64,search_boards
put corn in bowl sink,transfer the corn to the blue bowl,search,,0.8109179407136881,6.9745,-0.2137,0.0931,False,64,search_boards
put corn in bowl sink,move the corn into the bowl,search,,0.8466173666805884,7.0985,-0.1696,0.0838,False,64,search_boards
put corn in bowl sink,Grab the corn and set it down inside the bowl that's in the sink.,natural,,0.8543261227777693,7.1253,0.0798,0.0913,False,64,generated_natural
put corn in bowl sink,Could you transfer the sweetcorn to the bowl in the sink?,natural,,0.8621757208448245,7.1526,-0.1167,0.0811,False,64,generated_natural
put corn in bowl sink,Put the corn in the sink bowl.,natural,,0.8688738272598515,7.1759,0.5667,0.1059,False,64,generated_natural
put corn in bowl sink,Toss the corn into the bowl that's in the sink.,natural,,0.9103534500429888,7.32,0.4527,0.0887,False,64,generated_natural
put corn in bowl sink,place the corn in the bowl in the sink,search,,0.9314988956833196,7.3934,0.6354,0.0894,False,64,search_boards
put corn in bowl sink,Place the corn into the bowl inside the sink.,natural,,0.9353181394280504,7.4067,0.5902,0.0865,False,64,generated_natural
put corn in bowl sink,put corn in bowl sink,original,,1.0,7.6314,0.9606,0.0812,False,64,search_boards
put corn in pan which is on stove,"Initiate a sequence of movements to secure the yellow cob, thereafter conveying it to, and releasing it within, the interior of the cookware currently stationed atop the kitchen range.",adversarial,,0.0,3.8193,-3.7696,0.2322,False,64,generated_adversarial
put corn in pan which is on stove,put the orange carrot toy inside the silver pot,search,,0.3440849068897393,5.0067,-2.8333,0.164,False,64,search_boards
put corn in pan which is on stove,"Regarding the metallic vessel situated atop the heating element, you are hereby instructed to introduce the maize directly into its interior.",adversarial,,0.3521729019824599,5.0346,-1.9074,0.1979,False,64,generated_adversarial
put corn in pan which is on stove,drop the orange carrot into the metal pot on the stove,search,,0.4367572792661623,5.3265,-2.5067,0.1486,False,64,search_boards
put corn in pan which is on stove,Would you be so kind as to relocate the starchy yellow cob into the metallic cooking vessel presently occupying the stove?,adversarial,,0.5343884987306328,5.6634,-1.3065,0.166,False,64,generated_adversarial
put corn in pan which is on stove,drop the orange carrot inside the empty silver pot,search,,0.5676776630793269,5.7783,-1.6536,0.1422,False,64,search_boards
put corn in pan which is on stove,drop the orange carrot into the empty silver pot,search,,0.5696702443312606,5.7852,-1.4909,0.148,False,64,search_boards
put corn in pan which is on stove,put the orange carrot in the empty pot,search,,0.5895572074535532,5.8538,-1.4506,0.1435,False,64,search_boards
put corn in pan which is on stove,place the orange carrot inside the empty pot,search,,0.5936942016802715,5.8681,-1.4513,0.1422,False,64,search_boards
put corn in pan which is on stove,put the orange carrot into the empty silver pot,search,,0.6024344148153258,5.8983,-1.3648,0.1429,False,64,search_boards
put corn in pan which is on stove,"Provided the pan remains situated upon the stovetop, it is required that the maize be deposited entirely within its bounds.",adversarial,,0.6070488309399347,5.9142,-0.9795,0.1567,False,64,generated_adversarial
put corn in pan which is on stove,place the orange carrot inside the empty silver pot,search,,0.6204452791885644,5.9604,-1.2764,0.1409,False,64,search_boards
put corn in pan which is on stove,put the orange carrot into the empty pot,search,,0.6408241790066354,6.0307,-0.9994,0.1456,False,64,search_boards
put corn in pan which is on stove,put the carrot in the empty pot on the stove,search,,0.6626645558712209,6.1061,-0.6491,0.1527,False,64,search_boards
put corn in pan which is on stove,Go ahead and toss the corn into the pan located on the stove.,natural,,0.6744195900858427,6.1467,-0.4044,0.1587,False,64,generated_natural
put corn in pan which is on stove,Move the yellow vegetable to the cooking pan that's sitting on the stove.,natural,,0.7296461405693979,6.3373,-0.4749,0.1391,False,64,generated_natural
put corn in pan which is on stove,Drop the corn in the pan resting on the stovetop.,natural,,0.7297121828549027,6.3375,-0.2329,0.1486,False,64,generated_natural
put corn in pan which is on stove,Grab the corn and leave it in the pan currently on the stove.,natural,,0.7508313981513207,6.4104,-0.1784,0.1443,False,64,generated_natural
put corn in pan which is on stove,Put the corn inside the stove pan.,natural,,0.7649264172016138,6.459,-0.2474,0.1373,False,64,generated_natural
put corn in pan which is on stove,"In the pan on the stove, please put the corn.",natural,,0.8023625419179442,6.5882,-0.2433,0.126,False,64,generated_natural
put corn in pan which is on stove,Transfer that corn over to the pan on the stove.,natural,,0.8257093866327393,6.6688,-0.1161,0.1239,False,64,generated_natural
put corn in pan which is on stove,Place the corn into the pan on the stove.,natural,,0.9272491520728726,7.0192,0.1886,0.1049,False,64,generated_natural
put corn in pan which is on stove,put corn in pan which is on stove,original,,1.0,7.2702,0.493,0.0947,False,64,search_boards
put corn in pot which is in sink,"Were you to seek a suitable resting place for the cylindrical object composed of edible yellow kernels, you would find no better location than the hollow cavity of the metal cookware currently abandoned in the drainage basin, into which you must now deposit it.",adversarial,,0.0,3.7321,-4.5746,0.2083,False,64,generated_adversarial
put corn in pot which is in sink,"Pertaining to the starchy, kernel-bearing crop, it is absolutely essential that you maneuver it into the depths of the boiling vessel stationed within the plumbing fixture.",adversarial,,0.5148512444074207,5.5066,-2.0703,0.1498,False,64,generated_adversarial
put corn in pot which is in sink,"Assuming you have located the yellow, kernel-covered vegetable, be so kind as to transport it directly into the interior of the metallic cooking vessel currently occupying the sink.",adversarial,,0.5627497701197091,5.6717,-2.2182,0.1295,False,64,generated_adversarial
put corn in pot which is in sink,put the yellow corn inside of the pot,search,,0.5994754740804308,5.7983,-1.9814,0.1276,False,64,search_boards
put corn in pot which is in sink,place the corn inside the silver pot,search,,0.6017487989804733,5.8062,-1.8273,0.1329,False,64,search_boards
put corn in pot which is in sink,"The cookware receptacle resting inside the basin requires filling, so please acquire the ear of maize and ensure it is deposited firmly within it.",adversarial,,0.6202592188874329,5.87,-1.5462,0.1383,False,64,generated_adversarial
put corn in pot which is in sink,Take that yellow vegetable and leave it inside the pot down in the sink.,natural,,0.6296449197098054,5.9023,-1.6539,0.1312,False,64,generated_natural
put corn in pot which is in sink,Grab the yellow ear of corn and drop it in the sink's pot.,natural,,0.6389918853319744,5.9345,-1.5931,0.1308,False,64,generated_natural
put corn in pot which is in sink,Move the corn over to the cooking pot that is currently inside the sink.,natural,,0.6460734363371922,5.9589,-1.6449,0.1266,False,64,generated_natural
put corn in pot which is in sink,Can you transfer the corn into the pot that's left in the washbasin?,natural,,0.6566209255111614,5.9953,-1.5222,0.1282,False,64,generated_natural
put corn in pot which is in sink,put the corn in the pot,search,,0.6879033458167485,6.1031,-1.1477,0.1334,False,64,search_boards
put corn in pot which is in sink,put the yellow corn in the pot,search,,0.7053006468191448,6.1631,-1.137,0.1285,False,64,search_boards
put corn in pot which is in sink,put the corn inside of the pot,search,,0.7090362988019572,6.176,-1.1599,0.1265,False,64,search_boards
put corn in pot which is in sink,put the corn into the pot,search,,0.7315449521631602,6.2535,-0.8958,0.13,False,64,search_boards
put corn in pot which is in sink,put the corn inside the pot,search,,0.7400142123837611,6.2827,-0.806,0.1309,False,64,search_boards
put corn in pot which is in sink,Put the piece of corn inside the pot resting in the sink.,natural,,0.7441971812052341,6.2971,-0.8829,0.1266,False,64,generated_natural
put corn in pot which is in sink,Toss the sweetcorn into the pot located in the sink.,natural,,0.7579655115351323,6.3446,-0.7139,0.1291,False,64,generated_natural
put corn in pot which is in sink,Drop the cob of corn into the cooking pot waiting in the sink.,natural,,0.7751734206079748,6.4039,-0.7618,0.122,False,64,generated_natural
put corn in pot which is in sink,put corn in sink pot,search,,0.7795928052900614,6.4191,-0.3934,0.1351,False,64,search_boards
put corn in pot which is in sink,put corn in the pot,search,,0.7797361751083646,6.4196,-0.562,0.1284,False,64,search_boards
put corn in pot which is in sink,Place the corn into the pot sitting in the sink.,natural,,0.7989562160812993,6.4859,-0.5475,0.1231,False,64,generated_natural
put corn in pot which is in sink,place corn in sink pot,search,,0.8055587902381647,6.5086,-0.3046,0.1307,False,64,search_boards
put corn in pot which is in sink,put corn in pot in sink,search,,0.8305173300022493,6.5947,-0.1135,0.1306,False,64,search_boards
put corn in pot which is in sink,put corn in the pot in the sink,search,,0.8399206779505105,6.6271,-0.2364,0.1229,False,64,search_boards
put corn in pot which is in sink,put corn in pot,search,,0.8641204903300584,6.7105,-0.2591,0.1146,False,64,search_boards
put corn in pot which is in sink,put corn in pot which is in sink,original,,1.0,7.1788,0.6887,0.1105,False,64,search_boards
put corn into bowl,"The bowl, which is currently sitting on the workspace, is the intended receptacle for the ear of corn, so please unite them.",adversarial,,0.0,5.5032,-2.0331,0.1516,False,64,generated_adversarial
put corn into bowl,"If it would not be an inconvenience, I require you to ensure that the yellow, kernel-covered vegetable is deposited directly into the bowl.",adversarial,,0.3356110663604433,6.3317,-1.2347,0.1098,False,64,generated_adversarial
put corn into bowl,Put the yellow cob right in the bowl.,natural,,0.3572241786136751,6.385,-1.6209,0.0899,False,64,generated_natural
put corn into bowl,Grab the yellow corn and drop it into the bowl.,natural,,0.494710174936918,6.7244,-0.6378,0.0985,False,64,generated_natural
put corn into bowl,"Grasping the maize, proceed to carry it over and release the object securely within the confines of the bowl.",adversarial,,0.5364371254930704,6.8274,-0.4347,0.0974,False,64,generated_adversarial
put corn into bowl,"Assuming you have secured a grip on the corn, it is imperative that its final location be the interior of the bowl.",adversarial,,0.5375352747321955,6.8302,-0.2576,0.1041,False,64,generated_adversarial
put corn into bowl,Please transfer the sweetcorn into the bowl.,natural,,0.6464558135864656,7.099,-0.146,0.0847,False,64,generated_natural
put corn into bowl,place yellow corn in the blue bowl,search,,0.6524715090757311,7.1139,0.0408,0.0908,False,64,search_boards
put corn into bowl,move the corn to the blue bowl,search,,0.6591755553167435,7.1304,-0.0239,0.0868,False,64,search_boards
put corn into bowl,Move the corn over to the bowl.,natural,,0.7160836481440348,7.2709,0.1887,0.0827,False,64,generated_natural
put corn into bowl,Place the ear of corn inside the bowl.,natural,,0.7188304039439796,7.2777,0.1607,0.081,False,64,generated_natural
put corn into bowl,put yellow corn into blue bowl,search,,0.7373837466395845,7.3235,0.3475,0.0843,False,64,search_boards
put corn into bowl,move the corn into blue bowl,search,,0.7707420124030802,7.4058,0.4416,0.0807,False,64,search_boards
put corn into bowl,Take the corn and set it in the bowl.,natural,,0.804477402767494,7.4891,0.4424,0.0734,False,64,generated_natural
put corn into bowl,place the corn in the blue bowl,search,,0.8199583896198052,7.5273,0.617,0.0769,False,64,search_boards
put corn into bowl,Could you toss the corn into the bowl for me?,natural,,0.860446539344186,7.6273,0.6349,0.0687,False,64,generated_natural
put corn into bowl,Can you put the corn in the bowl?,natural,,0.8915506601163766,7.7041,0.8543,0.0706,False,64,generated_natural
put corn into bowl,put the corn in the bowl,search,,0.8960570801436792,7.7152,0.9779,0.0744,False,64,search_boards
put corn into bowl,put corn into bowl,original,,1.0,7.9718,1.3959,0.0682,False,64,search_boards
put corn on plate,"Direct your manipulators to the maize, and once it has been successfully acquired, transition this elongated yellow vegetable so that it is situated directly atop the flat dining vessel.",adversarial,,0.0,5.0171,-4.4027,0.1015,False,64,generated_adversarial
put corn on plate,"Take the item characterized by its rows of yellow kernels, which is currently idle, and see to it that it ends up resting squarely on the flat eating vessel.",adversarial,,0.0743548493165796,5.2423,-3.7755,0.1062,False,64,generated_adversarial
put corn on plate,"It would be exceedingly helpful if you could secure the yellow, kernel-bearing crop and subsequently deposit it atop the flat ceramic dining receptacle.",adversarial,,0.1283356817178133,5.4058,-2.5443,0.1401,False,64,generated_adversarial
put corn on plate,"The plate, which is designed for serving food, should now be made the new location for the piece of corn you are about to pick up.",adversarial,,0.2786324947569396,5.8611,-2.8017,0.0898,False,64,generated_adversarial
put corn on plate,Could you move the yellow vegetable over to the plate?,natural,,0.5831974816610205,6.7836,-0.7643,0.0883,False,64,generated_natural
put corn on plate,Transfer the corn to the dish.,natural,,0.5840948257314831,6.7863,-1.1098,0.0745,False,64,generated_natural
put corn on plate,Set the cob of corn on top of the flat ceramic plate.,natural,,0.649778591026206,6.9853,-0.3992,0.0848,False,64,generated_natural
put corn on plate,"Onto the plate, go ahead and drop the corn.",natural,,0.6620319067547025,7.0224,-0.5192,0.0768,False,64,generated_natural
put corn on plate,Grab the ear of corn and lay it on the plate.,natural,,0.6904547442447905,7.1085,-0.4974,0.0701,False,64,generated_natural
put corn on plate,put corn on the pink dish,search,,0.7084959569979326,7.1632,-0.1486,0.079,False,64,search_boards
put corn on plate,put the corn on the pink plate,search,,0.8568082887297842,7.6124,0.4996,0.0647,False,64,search_boards
put corn on plate,put corn on the pink plate,search,,0.8650602695283097,7.6374,0.5585,0.0648,False,64,search_boards
put corn on plate,Please take the corn and put it down on the plate.,natural,,0.8821069270591996,7.689,0.5322,0.0592,False,64,generated_natural
put corn on plate,place the corn on the red plate,search,,0.9143614105441822,7.7867,0.6934,0.0569,False,64,search_boards
put corn on plate,I need you to position the corn on the plate.,natural,,0.9479687838398774,7.8885,0.9122,0.0565,False,64,generated_natural
put corn on plate,place corn on red plate,search,,0.950811556456542,7.8971,0.9119,0.0558,False,64,search_boards
put corn on plate,Place the corn onto the plate.,natural,,0.9619816121481932,7.931,1.0129,0.0567,False,64,generated_natural
put corn on plate,put corn on plate,original,,1.0,8.0461,1.1634,0.0525,False,64,search_boards
put cucumber in cup,"It is strictly required that you apprehend the green, bumpy vegetable often found in salads and orchestrate its immediate physical relocation into the cavity of the waiting cup.",adversarial,,0.0,5.2291,-4.0374,0.0971,False,64,generated_adversarial
put cucumber in cup,"If you would be so kind, please secure the elongated green vegetable and proceed to deposit it directly into the receptacle normally used for drinking.",adversarial,,0.0368473565712284,5.3396,-4.0521,0.0868,False,64,generated_adversarial
put cucumber in cup,Ensure that the cylindrical green salad ingredient finds its final resting place entirely within the bounds of the small drinking vessel.,adversarial,,0.1583751855012128,5.704,-3.3876,0.0807,False,64,generated_adversarial
put cucumber in cup,Place the long green vegetable inside the cup for me.,natural,,0.3088198957317395,6.1552,-2.4643,0.0771,False,64,generated_natural
put cucumber in cup,move cucumber to the orange cup,search,,0.5005368122337377,6.7302,-0.7897,0.092,False,64,search_boards
put cucumber in cup,move the cucumber to the orange cup,search,,0.5088878292030353,6.7552,-0.6854,0.0939,False,64,search_boards
put cucumber in cup,"Assuming all systems are operational, execute a sequence of movements to acquire the cucumber, subsequently translating it through space until it is positioned wholly inside the cup.",adversarial,,0.6011828120580971,7.032,-0.823,0.0641,False,64,generated_adversarial
put cucumber in cup,move the cucumber into the orange cup,search,,0.6620565509537943,7.2146,-0.0445,0.0785,False,64,search_boards
put cucumber in cup,Move that cucumber over to the empty cup.,natural,,0.6938330608743826,7.3099,0.0191,0.0726,False,64,generated_natural
put cucumber in cup,move cucumber into orange cup,search,,0.7216882966767671,7.3934,0.1736,0.0713,False,64,search_boards
put cucumber in cup,place cucumber in the orange cup,search,,0.735355013853315,7.4344,0.1265,0.0658,False,64,search_boards
put cucumber in cup,pick up cucumber and put in orange cup,search,,0.7491631127069155,7.4758,0.1578,0.0634,False,64,search_boards
put cucumber in cup,"Take the cucumber, lift it up, and set it down inside the cup.",natural,,0.8071688815082386,7.6498,0.7005,0.0693,False,64,generated_natural
put cucumber in cup,Please grab the cucumber and drop it into the cup.,natural,,0.8313896276411208,7.7224,0.7078,0.0632,False,64,generated_natural
put cucumber in cup,I need the cucumber to go inside the cup.,natural,,0.8516000519009018,7.783,0.8887,0.0649,False,64,generated_natural
put cucumber in cup,put cucumber in orange cup,search,,0.8738420904635251,7.8497,0.7485,0.0535,False,64,search_boards
put cucumber in cup,Can you pop the cucumber in the cup?,natural,,0.8876842070673823,7.8913,0.9391,0.0573,False,64,generated_natural
put cucumber in cup,Stick the cucumber inside that cup.,natural,,0.898404753946227,7.9234,1.0713,0.0597,False,64,generated_natural
put cucumber in cup,Transfer the cucumber into the drinking cup.,natural,,0.9046156312496292,7.942,1.0537,0.0574,False,64,generated_natural
put cucumber in cup,put cucumber in cup,original,,1.0,8.2281,1.6978,0.0574,False,64,search_boards
put cucumber in cup,"It behooves you to take firm hold of the cucumber and, navigating the intervening space, lower said item until it rests completely within the hollow confines of the drinking cup.",adversarial,,,,,,True,80,generated_adversarial
put cup from anywhere into sink,"Taking the cup from whichever arbitrary spatial position it currently occupies, proceed to execute a manipulation that culminates with it resting entirely within the bounds of the sink.",adversarial,,0.0,5.5104,-1.9247,0.1552,False,64,generated_adversarial
put cup from anywhere into sink,"Irrespective of its present coordinates, I would be most grateful if you could see to it that the vessel typically utilized for consuming beverages is deposited directly into the sink.",adversarial,,0.124632568785804,5.6856,-1.289,0.1647,False,64,generated_adversarial
put cup from anywhere into sink,"Without regard to its current whereabouts, ensure that the small cylindrical drinking receptacle is safely transported into the confines of the sink.",adversarial,,0.2130144357804275,5.8097,-1.2902,0.1537,False,64,generated_adversarial
put cup from anywhere into sink,"Disregarding entirely the specific origin point of the handled drinking vessel, your task is to retrieve it and deposit it directly into the sink.",adversarial,,0.2264560848987317,5.8286,-1.164,0.157,False,64,generated_adversarial
put cup from anywhere into sink,move the blue plastic cup to the sink,search,,0.4059053438896995,6.0808,-1.2086,0.133,False,64,search_boards
put cup from anywhere into sink,put blue cup inside the sink,search,,0.5548597994339598,6.29,-0.8109,0.1301,False,64,search_boards
put cup from anywhere into sink,put the blue plastic cup in the sink,search,,0.5793516728605557,6.3245,-0.9012,0.1235,False,64,search_boards
put cup from anywhere into sink,place the blue plastic cup in the sink,search,,0.6102692762513784,6.3679,-0.9043,0.1195,False,64,search_boards
put cup from anywhere into sink,put blue cup in sink,search,,0.6184719766020401,6.3794,-0.7066,0.1263,False,64,search_boards
put cup from anywhere into sink,place the cup in the sink,search,,0.7455723725000583,6.558,-0.471,0.1198,False,64,search_boards
put cup from anywhere into sink,Can you move the cup over to the sink?,natural,,0.756681323004755,6.5736,-0.7064,0.1091,False,64,generated_natural
put cup from anywhere into sink,Grab the cup and put it down in the sink.,natural,,0.7568210680589782,6.5738,-0.2682,0.1263,False,64,generated_natural
put cup from anywhere into sink,Place the cup in the sink.,natural,,0.7713174690401238,6.5942,-0.3892,0.1198,False,64,generated_natural
put cup from anywhere into sink,Drop the cup in the sink for me.,natural,,0.7854626949919069,6.6141,-0.2984,0.1216,False,64,generated_natural
put cup from anywhere into sink,The cup needs to go into the sink.,natural,,0.8238960296504297,6.6681,-0.1215,0.1238,False,64,generated_natural
put cup from anywhere into sink,Pop the cup into the sink.,natural,,0.8597498068559994,6.7184,-0.0468,0.1222,False,64,generated_natural
put cup from anywhere into sink,Please take the cup and leave it inside the sink.,natural,,0.8804994202685625,6.7476,-0.2128,0.1132,False,64,generated_natural
put cup from anywhere into sink,Stick the cup into the sink.,natural,,0.9072721302907876,6.7852,0.0117,0.1186,False,64,generated_natural
put cup from anywhere into sink,put cup from anywhere into sink,original,,1.0,6.9155,0.411,0.1228,False,64,search_boards
put cup from counter or drying rack into sink,"It falls upon you to retrieve the liquid-holding receptacle from either the flat working surface or the structural drying arrangement, ensuring its final placement is squarely within the interior of the main plumbing basin.",adversarial,,0.0,1.5635,-6.4416,0.3265,False,64,generated_adversarial
put cup from counter or drying rack into sink,"Should you happen to spot the vessel from which one drinks residing upon the countertop or the drying apparatus, it is imperative that you transport it forthwith into the washing basin.",adversarial,,0.1399733667340649,2.198,-5.2451,0.3175,False,64,generated_adversarial
put cup from counter or drying rack into sink,"Assuming it currently rests upon either the food preparation surface or the lattice used for air-drying, be so kind as to deposit the cylindrical drinking vessel directly into the plumbing fixture meant for washing.",adversarial,,0.2454467327863497,2.676,-5.6662,0.2587,False,64,generated_adversarial
put cup from counter or drying rack into sink,move the yellow cup from the drying rack to the blue sink,search,,0.5358941078021018,3.9925,-3.4002,0.2314,False,64,search_boards
put cup from counter or drying rack into sink,move the small yellow cup from the dish drying rack to the blue sink,search,,0.5451469386038811,4.0345,-4.0687,0.2014,False,64,search_boards
put cup from counter or drying rack into sink,Take the cup from either the countertop or the drying rack and place it inside the washbasin.,natural,,0.6076284810923943,4.3177,-3.1829,0.2112,False,64,generated_natural
put cup from counter or drying rack into sink,place the yellow cup from the rack into the blue sink,search,,0.629958520945662,4.4189,-2.5969,0.2253,False,64,search_boards
put cup from counter or drying rack into sink,"Regarding the item used for holding liquids currently occupying space on the counter or the dish desiccation rack, kindly facilitate its immediate relocation into the sink.",adversarial,,0.7290854576499319,4.8682,-2.0643,0.2065,False,64,generated_adversarial
put cup from counter or drying rack into sink,put the yellow cup that is in the rack into the sink,search,,0.7782710738859704,5.0911,-1.4929,0.2092,False,64,search_boards
put cup from counter or drying rack into sink,place the small yellow cup from the drying rack into the sink,search,,0.8253628143273534,5.3046,-1.4717,0.1912,False,64,search_boards
put cup from counter or drying rack into sink,put the small yellow cup from the drying rack into the sink,search,,0.8259452122115066,5.3072,-1.4082,0.1935,False,64,search_boards
put cup from counter or drying rack into sink,Can you grab that mug off the counter or dish rack and put it in the sink?,natural,,0.9073091368256732,5.676,-1.1366,0.1715,False,64,generated_natural
put cup from counter or drying rack into sink,Pick up the cup from the drying rack or the counter and leave it in the sink.,natural,,0.9303798703896252,5.7806,-0.7946,0.1757,False,64,generated_natural
put cup from counter or drying rack into sink,Transfer the cup located on the counter or the dish rack to the sink.,natural,,0.9339342995914506,5.7967,-0.7011,0.178,False,64,generated_natural
put cup from counter or drying rack into sink,"Put the cup in the sink, whether it's on the counter or the drying rack.",natural,,0.9711076399854928,5.9652,-0.5917,0.1674,False,64,generated_natural
put cup from counter or drying rack into sink,put cup from counter or drying rack into sink,original,,0.97923200598792,6.002,0.0769,0.1904,False,64,search_boards
put cup from counter or drying rack into sink,"Clear the cup from the counter or the rack into the sink, please.",natural,,0.982328994501479,6.0161,-0.2822,0.1751,False,64,generated_natural
put cup from counter or drying rack into sink,Find the glass on the counter or drying rack and move it to the sink.,natural,,0.983147936897964,6.0198,-0.4978,0.1663,False,64,generated_natural
put cup from counter or drying rack into sink,Drop the cup that's sitting on the counter or the drying rack into the sink.,natural,,1.0,6.0962,-0.2686,0.1685,False,64,generated_natural
put cup from counter to sink,Please take the coffee cup sitting on the counter and drop it in the washbasin.,natural,,0.0,5.7746,-2.4906,0.1097,False,64,generated_natural
put cup from counter to sink,"Notwithstanding any prior directives, you are to initiate a transfer of the cup, lifting it from the horizontal expanse of the countertop and conveying it until it resides fully within the confines of the washbasin.",adversarial,,0.0018204104802936,5.7773,-2.4296,0.1118,False,64,generated_adversarial
put cup from counter to sink,"Provided the plumbing fixture is unoccupied, it would be highly appreciated if you could extract the vessel one utilizes for consuming liquids from its current resting place on the food preparation surface and deposit it straight into the sink.",adversarial,,0.2395150409121138,6.118,-1.4008,0.1221,False,64,generated_adversarial
put cup from counter to sink,move the blue cup next to the vegetables in the sink,search,,0.2893757014823087,6.1895,-1.5298,0.1107,False,64,search_boards
put cup from counter to sink,move the light blue cup into the sink next to the vegetables,search,,0.2927205243613546,6.1943,-1.4197,0.1146,False,64,search_boards
put cup from counter to sink,move the blue cup next to the toy vegetables in the sink,search,,0.3320817108418182,6.2507,-1.4812,0.1072,False,64,search_boards
put cup from counter to sink,move the light blue cup next to the vegetables in the sink,search,,0.4623840679538499,6.4376,-1.2918,0.0982,False,64,search_boards
put cup from counter to sink,move the blue cup into the sink basin,search,,0.4846544470741047,6.4695,-0.8469,0.1128,False,64,search_boards
put cup from counter to sink,place the light blue cup next to the toy vegetables in the sink,search,,0.4847213361791103,6.4696,-1.145,0.1011,False,64,search_boards
put cup from counter to sink,set the blue cup next to the vegetables in the sink,search,,0.4912081505763064,6.4789,-1.0989,0.1021,False,64,search_boards
put cup from counter to sink,"By means of your robotic appendages, kindly liberate the everyday beverage container from the countertop and consign it to the depths of the sink.",adversarial,,0.5205554891489019,6.521,-1.4374,0.0851,False,64,generated_adversarial
put cup from counter to sink,put the blue cup next to the vegetables in the sink,search,,0.5240330578501837,6.5259,-1.0871,0.0984,False,64,search_boards
put cup from counter to sink,drop the blue cup into the sink,search,,0.6223314567698497,6.6669,-0.7292,0.1,False,64,search_boards
put cup from counter to sink,"Assuming your manipulators are active, locate the vessel from which one might sip tea currently stationed on the counter, and ensure its immediate relocation to the interior of the sink.",adversarial,,0.6908704214736519,6.7651,-0.8886,0.0851,False,64,generated_adversarial
put cup from counter to sink,place the light blue cup into the sink,search,,0.6998682925566128,6.778,-0.6428,0.0936,False,64,search_boards
put cup from counter to sink,Clear the cup off the kitchen counter into the sink for me.,natural,,0.7504787680654721,6.8506,-0.3869,0.0972,False,64,generated_natural
put cup from counter to sink,Pick up the ceramic mug from the counter and place it down inside the sink.,natural,,0.8342175618300754,6.9707,-0.4,0.0861,False,64,generated_natural
put cup from counter to sink,Put the cup that is currently on the counter into the sink.,natural,,0.8938013909068461,7.0561,0.1153,0.0988,False,64,generated_natural
put cup from counter to sink,Can you grab that cup off the countertop and put it in the sink?,natural,,0.9023362074795668,7.0683,-0.1574,0.087,False,64,generated_natural
put cup from counter to sink,Take the cup off the counter and leave it in the sink.,natural,,0.9451199213548784,7.1297,0.0604,0.0901,False,64,generated_natural
put cup from counter to sink,Move the cup from the counter into the sink.,natural,,0.9703585204215708,7.1658,0.2656,0.095,False,64,generated_natural
put cup from counter to sink,put cup from counter to sink,original,,0.9775142342953418,7.1761,0.4096,0.0997,False,64,search_boards
put cup from counter to sink,Pop the cup from the counter into the sink.,natural,,1.0,7.2083,0.2799,0.0918,False,64,generated_natural
put cup from counter to sink,"Should it fall within your current operational parameters, I request that the cylindrical drinking vessel, presently occupying space upon the flat food preparation counter, be carefully hoisted and subsequently deposited into the basin of the sink.",adversarial,,,,,,True,80,generated_adversarial
put cup from sink to drying rack,"It is required that the open-top beverage container, presently lingering in the washbasin, be promptly conveyed to the slatted air-drying apparatus.",adversarial,,0.0,1.9186,-5.6077,0.3279,False,64,generated_adversarial
put cup from sink to drying rack,"Initiate the extraction of the hand-held liquid consumption vessel from its current resting place in the washbasin, subsequently depositing it onto the ridged platform designated for moisture evaporation.",adversarial,,0.0400017791997534,2.1368,-6.0268,0.2922,False,64,generated_adversarial
put cup from sink to drying rack,"That which one uses to consume beverages, currently situated within the confines of the sink, requires immediate relocation to the drying receptacle.",adversarial,,0.388774397101839,4.0391,-4.5666,0.1815,False,64,generated_adversarial
put cup from sink to drying rack,"Provided the washing is complete, I would be most grateful if you could extract the cylindrical drinking vessel from the washbasin and subsequently deposit it upon the wire rack intended for air-drying.",adversarial,,0.7000134140127285,5.7367,-1.7409,0.1425,False,64,generated_adversarial
put cup from sink to drying rack,pick up pink cup and place in drying rack,search,,0.8168421552873512,6.3739,-0.5803,0.1317,False,64,search_boards
put cup from sink to drying rack,Place the glass on the drainer after taking it out of the sink.,natural,,0.8182181876708527,6.3814,-1.0444,0.1129,False,64,generated_natural
put cup from sink to drying rack,Take the cup currently in the sink and place it in the dish drainer.,natural,,0.8200511595357299,6.3914,-1.0843,0.1104,False,64,generated_natural
put cup from sink to drying rack,place cup in drying rack,search,,0.861944039851846,6.6199,-0.0884,0.1293,False,64,search_boards
put cup from sink to drying rack,move pink cup to drying rack,search,,0.8651819769409574,6.6375,-0.2792,0.1203,False,64,search_boards
put cup from sink to drying rack,place cup to drying rack,search,,0.9001427434917392,6.8282,0.1198,0.1191,False,64,search_boards
put cup from sink to drying rack,Please get the drinking cup out of the sink and leave it on the rack.,natural,,0.9220036285116604,6.9474,-0.5576,0.082,False,64,generated_natural
put cup from sink to drying rack,Pick up the wet mug in the basin and set it on the drying rack.,natural,,0.922356126520266,6.9494,-0.4074,0.0877,False,64,generated_natural
put cup from sink to drying rack,put the cup to drying rack,search,,0.9268441770247892,6.9738,0.2184,0.1101,False,64,search_boards
put cup from sink to drying rack,move pink cup from sink to drying rack,search,,0.936911958134256,7.0288,0.1411,0.1022,False,64,search_boards
put cup from sink to drying rack,Could you grab the mug from the sink and put it on the dish rack?,natural,,0.9515936123656588,7.1088,-0.1041,0.0855,False,64,generated_natural
put cup from sink to drying rack,place cup from sink to drying rack,search,,0.9844936317829208,7.2883,0.4589,0.0918,False,64,search_boards
put cup from sink to drying rack,put the cup from sink to drying rack,search,,0.9877694706716916,7.3061,0.4931,0.0915,False,64,search_boards
put cup from sink to drying rack,put cup from sink to drying rack,original,,0.9882081514862852,7.3085,0.4894,0.0912,False,64,search_boards
put cup from sink to drying rack,Move the cup out of the sink and onto the drying rack.,natural,,0.9926187577354034,7.3326,0.2681,0.0804,False,64,generated_natural
put cup from sink to drying rack,Shift the cup from the sink over to the drying rack.,natural,,0.9948645874433306,7.3448,0.3081,0.0808,False,64,generated_natural
put cup from sink to drying rack,Transfer that cup from the sink to the drying rack.,natural,,1.0,7.3728,0.3153,0.0787,False,64,generated_natural
put cup into pot or pan,"Focusing your manipulators on the handled container from which one drinks, execute a trajectory that terminates with said item resting at the bottom of whichever stovetop cooking vessel—be it the deeper boiling receptacle or the wider frying variant—you deem most convenient.",adversarial,,0.0,3.8684,-4.9515,0.1814,False,64,generated_adversarial
put cup into pot or pan,move the blue cup inside the silver pot,search,,0.1260841595510127,4.2799,-4.3309,0.1694,False,64,search_boards
put cup into pot or pan,place the blue cup inside the steel pot,search,,0.1311635612817058,4.2965,-4.0358,0.1796,False,64,search_boards
put cup into pot or pan,place the blue cup in the silver pot,search,,0.1558990138150541,4.3772,-4.3154,0.1615,False,64,search_boards
put cup into pot or pan,move the blue cup into the silver pot,search,,0.1562577088890144,4.3784,-4.1332,0.1685,False,64,search_boards
put cup into pot or pan,move the blue cup inside the steel pot,search,,0.1920323448379743,4.4951,-4.4564,0.1455,False,64,search_boards
put cup into pot or pan,put the blue cup inside the metal pot,search,,0.230037788925813,4.6192,-3.6992,0.1643,False,64,search_boards
put cup into pot or pan,place the blue cup inside the metal pot,search,,0.2385040789944724,4.6468,-3.6564,0.1635,False,64,search_boards
put cup into pot or pan,place blue cup inside the metal pot,search,,0.2478702389086086,4.6774,-3.6045,0.1629,False,64,search_boards
put cup into pot or pan,put the blue cup into the silver pot,search,,0.3298072044376642,4.9448,-3.232,0.1539,False,64,search_boards
put cup into pot or pan,put blue cup into silver pot,search,,0.3770039882373354,5.0988,-2.9013,0.1532,False,64,search_boards
put cup into pot or pan,"Regardless of whether you favor the pot or the pan, it is imperative that the handled vessel meant for drinking be deposited directly into the center of your chosen cookware.",adversarial,,0.4481797182273109,5.3311,-2.5286,0.1474,False,64,generated_adversarial
put cup into pot or pan,"If it is not too much trouble, taking the cup and relocating it so that it rests completely inside a pot, or alternatively choosing a pan for this exact same enclosure, would be highly appreciated.",adversarial,,0.5308796794966034,5.601,-2.2414,0.1348,False,64,generated_adversarial
put cup into pot or pan,"Provided you can locate the small vessel from which one typically drinks, ensure its final resting place is situated directly within the interior cavity of either a pot or a pan.",adversarial,,0.6463237548559351,5.9778,-1.3533,0.1364,False,64,generated_adversarial
put cup into pot or pan,"Transfer the cup to the pot, or put it in the pan instead.",natural,,0.8104472030494818,6.5134,-0.6458,0.1168,False,64,generated_natural
put cup into pot or pan,"I need you to put the cup in the pot, or the pan will work too.",natural,,0.8841884111777261,6.7541,-0.523,0.1004,False,64,generated_natural
put cup into pot or pan,Just stick the cup in the pot or the pan.,natural,,0.922040254011904,6.8776,0.4585,0.128,False,64,generated_natural
put cup into pot or pan,Take the drinking cup and drop it into either the cooking pot or the pan.,natural,,0.9367176965540884,6.9255,0.1659,0.1123,False,64,generated_natural
put cup into pot or pan,Please place the cup inside the pot or the pan.,natural,,0.9542464303985916,6.9827,0.6828,0.1276,False,64,generated_natural
put cup into pot or pan,Move the cup over and set it down in a pot or pan.,natural,,0.9753690775181512,7.0516,0.6804,0.1214,False,64,generated_natural
put cup into pot or pan,Set the cup inside a pan or a pot.,natural,,0.9796667548978976,7.0657,0.3455,0.107,False,64,generated_natural
put cup into pot or pan,put cup into pot or pan,original,,0.9936008387020816,7.1111,1.0892,0.1322,False,64,search_boards
put cup into pot or pan,Could you grab the cup and leave it in the pot or pan?,natural,,1.0,7.132,0.4153,0.1039,False,64,generated_natural
put cup into pot or pan,"Before undertaking any further actions, please acquire the cylindrical vessel designed for holding beverages and convey it through space until it rests securely within the metallic confines of a pot or, should you prefer, a pan.",adversarial,,,,,,True,80,generated_adversarial
put cup on plate,"If it wouldn't be too much trouble, locate the vessel designed for holding liquids and ensure it ends up situated directly atop the flat serving dish.",adversarial,,0.0,1.1055,-7.1964,0.3374,False,64,generated_adversarial
put cup on plate,"Without disturbing any extraneous objects in the vicinity, firmly apprehend the open-topped liquid container and meticulously maneuver it until its bottom surface comes to a complete rest upon the flat culinary platter.",adversarial,,0.0377654663854198,1.3555,-7.4032,0.3072,False,64,generated_adversarial
put cup on plate,"Provided the workspace is currently clear of obstructions, please grasp the object you would normally use to drink a beverage and deposit it squarely upon the flat ceramic eating dish.",adversarial,,0.068230490880157,1.5571,-7.0038,0.305,False,64,generated_adversarial
put cup on plate,put the pink mug onto the green plate,search,,0.5868490762095696,4.9901,-3.1445,0.1533,False,64,search_boards
put cup on plate,Take the coffee cup and put it directly on the dinner plate.,natural,,0.6885506839821987,5.6633,-1.9751,0.1397,False,64,generated_natural
put cup on plate,"It is of the utmost importance that the cup, preceded by no other actions, be hoisted forthwith and conveyed until it comes to rest upon the upper surface of the plate.",adversarial,,0.7305103726878935,5.941,-1.8651,0.1195,False,64,generated_adversarial
put cup on plate,set the orange cup onto the green plate,search,,0.7517749676572172,6.0818,-1.4445,0.1236,False,64,search_boards
put cup on plate,move the orange cup onto the green plate,search,,0.7553928181083258,6.1057,-1.4367,0.1218,False,64,search_boards
put cup on plate,place the orange cup on the green plate,search,,0.7599927279480206,6.1362,-1.2724,0.1256,False,64,search_boards
put cup on plate,move the orange cup on the green plate,search,,0.7732750935788311,6.2241,-1.3424,0.115,False,64,search_boards
put cup on plate,put the orange cup on the green plate,search,,0.7745493256921483,6.2326,-1.2546,0.1177,False,64,search_boards
put cup on plate,set the orange cup on the green plate,search,,0.7867016937264676,6.313,-1.1251,0.1157,False,64,search_boards
put cup on plate,put the pink cup on the plate,search,,0.7943062196719504,6.3633,-1.1633,0.1098,False,64,search_boards
put cup on plate,I need the ceramic cup resting on top of the plate.,natural,,0.8665486318261914,6.8415,-0.3399,0.0999,False,64,generated_natural
put cup on plate,put the cup on the green plate,search,,0.8689242977561942,6.8573,-0.4224,0.0952,False,64,search_boards
put cup on plate,set the orange cup onto the plate,search,,0.9076025135719622,7.1133,0.0901,0.0927,False,64,search_boards
put cup on plate,set the orange cup on the plate,search,,0.9205716554624396,7.1991,0.2693,0.0922,False,64,search_boards
put cup on plate,The cup must be relocated to the plate.,natural,,0.9374847933388524,7.3111,0.6199,0.0961,False,64,generated_natural
put cup on plate,"Set the cup down on the plate for me, please.",natural,,0.9389324580125552,7.3207,0.4608,0.089,False,64,generated_natural
put cup on plate,Could you please move that cup over to the plate?,natural,,0.9505121569908332,7.3973,0.4628,0.0823,False,64,generated_natural
put cup on plate,Please shift that cup so it sits on the plate.,natural,,0.9652191005177766,7.4947,0.6255,0.0801,False,64,generated_natural
put cup on plate,Place the cup onto the plate.,natural,,0.9667847445216008,7.505,0.9178,0.0906,False,64,generated_natural
put cup on plate,Grab the cup and set it down on the plate.,natural,,0.990396795887421,7.6613,0.7784,0.0714,False,64,generated_natural
put cup on plate,put cup on plate,original,,1.0,7.7249,0.9245,0.0715,False,64,search_boards
put detergent from sink into drying rack,"Assuming custody of the dish soap presently stranded in the washbasin, immediately effectuate its physical translation to the slatted structure utilized for air-drying.",adversarial,,0.0,4.9177,-3.281,0.1543,False,64,generated_adversarial
put detergent from sink into drying rack,put the white soap bottle in the yellow rack,search,,0.0762573099198147,5.1276,-2.5738,0.1636,False,64,search_boards
put detergent from sink into drying rack,"The vessel containing the dish-cleaning fluid, which currently occupies the basin, must be grasped and subsequently conveyed over to the slatted rack where items are left to air-dry.",adversarial,,0.0914873607980023,5.1695,-3.2284,0.1341,False,64,generated_adversarial
put detergent from sink into drying rack,move the white soap bottle from the basin to the rack,search,,0.1294750414518904,5.2741,-2.3707,0.1586,False,64,search_boards
put detergent from sink into drying rack,move the white dish soap bottle from the basin to the yellow rack,search,,0.1721240057594213,5.3915,-2.4769,0.1441,False,64,search_boards
put detergent from sink into drying rack,put the white dish soap bottle in the yellow rack,search,,0.1738318505302828,5.3962,-2.3402,0.149,False,64,search_boards
put detergent from sink into drying rack,put the white soap bottle in the yellow dish rack,search,,0.2205915598417705,5.5249,-1.9234,0.154,False,64,search_boards
put detergent from sink into drying rack,put the white soap bottle in the dish rack,search,,0.4258243513702135,6.0897,-1.2123,0.132,False,64,search_boards
put detergent from sink into drying rack,"If it would not be too much trouble, would you kindly extract the grease-cutting fluid from the washbasin and deposit it securely within the confines of the drying rack.",adversarial,,0.6252389095806498,6.6386,-0.9854,0.0924,False,64,generated_adversarial
put detergent from sink into drying rack,"Regarding the detergent that presently resides within the sink, it is imperative that you forthwith transport said item and situate it upon the rack designated for drying.",adversarial,,0.682206517373347,6.7954,-0.5811,0.0945,False,64,generated_adversarial
put detergent from sink into drying rack,place the white soap bottle in the yellow drying rack,search,,0.7201207698463743,6.8998,-0.3428,0.0946,False,64,search_boards
put detergent from sink into drying rack,Take the washing up liquid out of the sink and leave it on the drying rack.,natural,,0.8094146785593078,7.1455,-0.3728,0.0717,False,64,generated_natural
put detergent from sink into drying rack,Please shift the cleaning liquid from the basin into the drying rack.,natural,,0.8107910813203156,7.1493,-0.187,0.0787,False,64,generated_natural
put detergent from sink into drying rack,Can you grab the dish soap from the sink and put it on the drying rack?,natural,,0.8647399955805507,7.2978,-0.0629,0.0704,False,64,generated_natural
put detergent from sink into drying rack,Take the detergent sitting in the sink and transfer it over to the dish rack.,natural,,0.9226440048312364,7.4572,0.2863,0.0701,False,64,generated_natural
put detergent from sink into drying rack,Relocate the bottle of dish detergent from inside the sink into the drying rack.,natural,,0.9340581048894628,7.4886,0.3741,0.0707,False,64,generated_natural
put detergent from sink into drying rack,Move the detergent out of the sink and set it in the drying rack.,natural,,0.9495025899883632,7.5311,0.7732,0.0827,False,64,generated_natural
put detergent from sink into drying rack,Get the detergent out of the sink and pop it in the drying rack for me.,natural,,0.9745999121922528,7.6002,0.6845,0.0731,False,64,generated_natural
put detergent from sink into drying rack,Put the soap that is currently in the sink onto the drying rack.,natural,,0.982042404681545,7.6207,0.4805,0.0632,False,64,generated_natural
put detergent from sink into drying rack,put detergent from sink into drying rack,original,,1.0,7.6701,1.0406,0.0809,False,64,search_boards
put detergent in sink,"Assuming there are no obstacles in your path, I require you to lift the container of stain-eradicating substance and deposit it strictly within the confines of the faucet-equipped drainage basin.",adversarial,,0.0,3.7111,-5.2966,0.1818,False,64,generated_adversarial
put detergent in sink,I would be immensely grateful if you could secure the container of grease-cutting liquid and deposit it squarely into the plumbing fixture where we normally wash dishes.,adversarial,,0.0378829052786819,3.8765,-5.2645,0.1684,False,64,generated_adversarial
put detergent in sink,Put the dishwashing liquid into the basin.,natural,,0.0736938365363641,4.0328,-4.6955,0.177,False,64,generated_natural
put detergent in sink,"Direct your manipulators to acquire the bottle of surfactant, subsequently conveying it until it comes to a complete halt within the primary drainage basin.",adversarial,,0.1260460956617708,4.2614,-4.0731,0.1812,False,64,generated_adversarial
put detergent in sink,"Regarding the vessel filled with cleaning agents, your immediate objective is to ensure its complete physical relocation into the hollow of the washbasin.",adversarial,,0.190307187212209,4.5419,-4.1359,0.154,False,64,generated_adversarial
put detergent in sink,Please place the dish soap into the washbasin.,natural,,0.4524250314617924,5.6863,-2.1578,0.1305,False,64,generated_natural
put detergent in sink,Move that bottle of cleaning liquid over to the sink.,natural,,0.4820507159722761,5.8157,-2.1075,0.1211,False,64,generated_natural
put detergent in sink,place the white bottle in the sink,search,,0.7802168270520622,7.1174,-0.1857,0.0815,False,64,search_boards
put detergent in sink,Take the soap and drop it in the sink.,natural,,0.7822906387460299,7.1265,0.0197,0.0888,False,64,generated_natural
put detergent in sink,put the white bottle into the sink,search,,0.7913702728862846,7.1661,-0.1216,0.0798,False,64,search_boards
put detergent in sink,The sink is where the detergent needs to go.,natural,,0.8099344056111051,7.2472,0.3177,0.0899,False,64,generated_natural
put detergent in sink,put the dish soap bottle into the sink,search,,0.8112419846411437,7.2529,0.0491,0.0788,False,64,search_boards
put detergent in sink,move the soap bottle into the sink,search,,0.8417317291135507,7.386,0.2396,0.0745,False,64,search_boards
put detergent in sink,Leave the detergent inside the sink for me.,natural,,0.8527933783746436,7.4343,0.8032,0.0924,False,64,generated_natural
put detergent in sink,Could you just pop the detergent down into the sink?,natural,,0.8602909304196332,7.467,0.8346,0.0907,False,64,generated_natural
put detergent in sink,Can you grab the detergent and set it down in the sink?,natural,,0.8676442454706184,7.4991,0.8624,0.089,False,64,generated_natural
put detergent in sink,put detergent in sink,original,,1.0,8.077,1.5587,0.0653,False,64,search_boards
put eggplant in pot or pan,drop the purple eggplant into the metal pot,search,,0.0,5.2406,-1.2636,0.205,False,64,search_boards
put eggplant in pot or pan,"If it is not too much trouble, please take the large purple vegetable typically used to make baba ganoush and ensure it is deposited within the confines of either the pot or the pan.",adversarial,,0.1079990348951723,5.3606,-1.3638,0.1905,False,64,generated_adversarial
put eggplant in pot or pan,"It is now required that you take hold of the dark purple nightshade and seamlessly facilitate its relocation into the interior bounds of whichever of the two primary cooking vessels, namely the pot or the pan, you deem most appropriate.",adversarial,,0.1307446703076369,5.3859,-1.7264,0.174,False,64,generated_adversarial
put eggplant in pot or pan,drop the eggplant into the metal pot,search,,0.1736965421804111,5.4336,-1.2453,0.1887,False,64,search_boards
put eggplant in pot or pan,place the purple eggplant into the pot,search,,0.3313724908421482,5.6088,-0.5449,0.2007,False,64,search_boards
put eggplant in pot or pan,"As for the glossy purple ingredient destined for our moussaka, I require you to lift it and deposit it into either of the available metal cooking vessels, meaning the pot or the pan.",adversarial,,0.3977483441996383,5.6826,-1.2888,0.165,False,64,generated_adversarial
put eggplant in pot or pan,"Move the eggplant over to the pot, or the pan is fine too.",natural,,0.4199711378148767,5.7073,-0.2138,0.205,False,64,generated_natural
put eggplant in pot or pan,"Notwithstanding the presence of other items in the workspace, the eggplant is to be conveyed to a new location, specifically ensuring it comes to rest completely inside a pot or, if you prefer, a pan.",adversarial,,0.5579501039476734,5.8606,-0.7188,0.1716,False,64,generated_adversarial
put eggplant in pot or pan,put the eggplant in the cooking pot,search,,0.6216291075538602,5.9314,-0.1813,0.1865,False,64,search_boards
put eggplant in pot or pan,Grab the eggplant and set it inside the pan or the pot.,natural,,0.6779536721786736,5.994,0.116,0.1926,False,64,generated_natural
put eggplant in pot or pan,I need the eggplant placed in the pan or the pot.,natural,,0.7180425691960494,6.0385,0.0623,0.1866,False,64,generated_natural
put eggplant in pot or pan,Please toss the smooth purple one into a pan or a pot.,natural,,0.778038935986993,6.1052,-0.345,0.1647,False,64,generated_natural
put eggplant in pot or pan,Just pop the eggplant into the pot or the pan.,natural,,0.8056523130964384,6.1359,0.2604,0.1858,False,64,generated_natural
put eggplant in pot or pan,Drop the eggplant in the pot or pan for me.,natural,,0.8139940740925213,6.1452,0.279,0.1857,False,64,generated_natural
put eggplant in pot or pan,Can you drop the purple vegetable in the cooking pot or the pan?,natural,,0.8220613828424853,6.1541,-0.1328,0.1687,False,64,generated_natural
put eggplant in pot or pan,Place the eggplant into either the pot or the pan.,natural,,0.8265434993477779,6.1591,0.2803,0.1845,False,64,generated_natural
put eggplant in pot or pan,put eggplant in pot or pan,original,,1.0,6.3519,0.4137,0.1727,False,64,search_boards
put eggplant in pot or pan,"Without further delay, initiate a grasping maneuver on the aubergine and orchestrate its conveyance to the cooking area, terminating the operation only when the vegetable rests wholly inside the pot or, alternatively, the pan.",adversarial,,,,,,True,80,generated_adversarial
put eggplant into pan,move the eggplant to the metal pot,search,,0.0,4.5739,-4.1158,0.1519,False,64,search_boards
put eggplant into pan,move the eggplant into the metal pot,search,,0.1845290053205044,4.9269,-3.7647,0.1345,False,64,search_boards
put eggplant into pan,"Before taking any further action, acquire the ingredient commonly used to make parmigiana and deposit it directly into the metallic cookware.",adversarial,,0.2203672577947962,4.9954,-3.0914,0.1549,False,64,generated_adversarial
put eggplant into pan,"The pan, which is currently sitting entirely empty, must become the final destination for the eggplant that you are to pick up and move.",adversarial,,0.2270809679325645,5.0082,-2.2685,0.1861,False,64,generated_adversarial
put eggplant into pan,pick up the eggplant and put it in the metal pot,search,,0.2457361013969919,5.0439,-3.2723,0.1435,False,64,search_boards
put eggplant into pan,move the eggplant into the silver pot,search,,0.2481525921412331,5.0486,-3.6267,0.1292,False,64,search_boards
put eggplant into pan,place the eggplant inside the silver pot,search,,0.3513471339528204,5.2459,-3.1057,0.1322,False,64,search_boards
put eggplant into pan,place the eggplant in the metal pot,search,,0.4165920616411408,5.3707,-2.8069,0.1329,False,64,search_boards
put eggplant into pan,"If it would not be too much trouble, I would greatly appreciate it if the large purple vegetable could find its way into the cooking vessel.",adversarial,,0.4609875558912983,5.4556,-1.9058,0.1608,False,64,generated_adversarial
put eggplant into pan,place eggplant in the metal pot,search,,0.4972736185964803,5.525,-2.637,0.126,False,64,search_boards
put eggplant into pan,Move the purple vegetable over to the pan.,natural,,0.5670095910672444,5.6584,-1.6499,0.1529,False,64,generated_natural
put eggplant into pan,Can you put the eggplant in the skillet for me?,natural,,0.5838079288503281,5.6905,-1.417,0.1592,False,64,generated_natural
put eggplant into pan,It is strictly required that the eggplant be relocated from its current resting place and introduced into the interior of the skillet.,adversarial,,0.5853474375606625,5.6935,-1.8048,0.1438,False,64,generated_adversarial
put eggplant into pan,Drop the purple one into the pan.,natural,,0.7855946878480534,6.0765,-0.583,0.1579,False,64,generated_natural
put eggplant into pan,Grab the eggplant and drop it inside the cooking pan.,natural,,0.893803768899377,6.2835,-0.3364,0.1493,False,64,generated_natural
put eggplant into pan,I need you to put the eggplant into the frying pan.,natural,,0.9598197964661566,6.4097,-0.2484,0.1416,False,64,generated_natural
put eggplant into pan,Set the eggplant inside the pan.,natural,,0.965865993273923,6.4213,0.1019,0.1543,False,64,generated_natural
put eggplant into pan,Transfer the eggplant to the pan.,natural,,0.975063912457388,6.4389,0.2039,0.1568,False,64,generated_natural
put eggplant into pan,Please place the eggplant in the pan.,natural,,0.9788668319099132,6.4462,0.12,0.1529,False,64,generated_natural
put eggplant into pan,put eggplant into pan,original,,1.0,6.4866,0.4471,0.1621,False,64,search_boards
put eggplant into pot or pan,"Operating under the premise that both available cooking receptacles are equally valid targets, proceed to lift the dark purple, oblong vegetable and complete a transfer that results in it being contained securely within either the deep pot or the shallow pan.",adversarial,,0.0,4.1964,-3.313,0.2168,False,64,generated_adversarial
put eggplant into pot or pan,"Directing your attention to the large purple vegetable, it is required that you execute a transportation maneuver terminating within the concave interior of either the tall boiling vessel or the shallow frying skillet.",adversarial,,0.1137403622643438,4.5404,-3.0917,0.1951,False,64,generated_adversarial
put eggplant into pot or pan,"Should it please you to do so, locate the bulbous purple nightshade and ensure it is deposited within the confines of either the deep boiling pot or the shallow frying pan.",adversarial,,0.4027673440613472,5.4146,-1.9121,0.1642,False,64,generated_adversarial
put eggplant into pot or pan,"Without allowing it to rest anywhere else on the workspace, convey the raw eggplant until its coordinates match the interior of one of the metallic cooking receptacles, whether that be the pot or the pan.",adversarial,,0.5218149141613534,5.7747,-1.4164,0.1518,False,64,generated_adversarial
put eggplant into pot or pan,move eggplant to pot,search,,0.6068450310433655,6.0319,-1.6413,0.1203,False,64,search_boards
put eggplant into pot or pan,"The pot and the pan are both fine, just put the eggplant in one of them.",natural,,0.6714899319407541,6.2274,-1.2459,0.1185,False,64,generated_natural
put eggplant into pot or pan,drop eggplant into metal pot,search,,0.6797095882875458,6.2523,-1.034,0.1247,False,64,search_boards
put eggplant into pot or pan,place the eggplant into the pot,search,,0.7013744852393262,6.3178,-1.0321,0.1189,False,64,search_boards
put eggplant into pot or pan,Grab that purple vegetable and drop it into a pot or pan.,natural,,0.7762228493468714,6.5442,-0.4025,0.1237,False,64,generated_natural
put eggplant into pot or pan,"Toss the eggplant into the pan, or the pot if you prefer.",natural,,0.792916139025973,6.5947,-0.3054,0.123,False,64,generated_natural
put eggplant into pot or pan,drop eggplant into pot,search,,0.8165781782460795,6.6663,-0.1996,0.1209,False,64,search_boards
put eggplant into pot or pan,I need you to stick the eggplant into the cooking pot or the frying pan.,natural,,0.8393509658017334,6.7352,-0.0927,0.119,False,64,generated_natural
put eggplant into pot or pan,Could you move the eggplant into the pot or the pan for me?,natural,,0.8394409749982402,6.7355,-0.1407,0.1171,False,64,generated_natural
put eggplant into pot or pan,put eggplant into pot,search,,0.8476659129643109,6.7603,-0.2591,0.1102,False,64,search_boards
put eggplant into pot or pan,Take the eggplant and set it down inside the pot or the pan.,natural,,0.8945554296794676,6.9022,0.1347,0.1131,False,64,generated_natural
put eggplant into pot or pan,Place the eggplant in either the pot or the pan.,natural,,0.9388122249579778,7.036,0.4238,0.1127,False,64,generated_natural
put eggplant into pot or pan,Transfer the eggplant over to the pot or pan.,natural,,0.9621104492790514,7.1065,0.5188,0.1102,False,64,generated_natural
put eggplant into pot or pan,put eggplant into pot or pan,original,,1.0,7.2211,0.7046,0.1073,False,64,search_boards
put eggplant on plate,"With regards to the spongy ingredient commonly utilized in the preparation of moussaka, let it be conveyed by your manipulator until it rests securely upon the plate.",adversarial,,0.0,4.0342,-2.8208,0.2505,False,64,generated_adversarial
put eggplant on plate,"Assuming your actuators are operational, please secure the large, dark-purple vegetable and orchestrate its relocation so that it ultimately rests atop the flat ceramic serving dish.",adversarial,,0.0662186026041367,4.2092,-3.4473,0.2104,False,64,generated_adversarial
put eggplant on plate,"The glossy purple item, which one might typically slice to make parmigiana, ought to be lifted and deposited atop the flat ceramic dining surface immediately.",adversarial,,0.3411844229517449,4.9358,-2.7163,0.1749,False,64,generated_adversarial
put eggplant on plate,Move the purple vegetable to the plate.,natural,,0.4862790083048143,5.3192,-1.484,0.1894,False,64,generated_natural
put eggplant on plate,"If it is not too much trouble, I would greatly appreciate it if you could ensure the dark purple nightshade is successfully relocated onto the plate.",adversarial,,0.5741948300958953,5.5515,-1.5312,0.167,False,64,generated_adversarial
put eggplant on plate,Take the whole eggplant and position it right in the middle of the plate.,natural,,0.8576055240300563,6.3004,-0.7525,0.1315,False,64,generated_natural
put eggplant on plate,Just pop the eggplant onto the plate for me.,natural,,0.8896560339051957,6.3851,-0.217,0.145,False,64,generated_natural
put eggplant on plate,"On the plate, please put the eggplant.",natural,,0.891657940099834,6.3904,-0.0776,0.15,False,64,generated_natural
put eggplant on plate,Transfer the eggplant to the plate.,natural,,0.8925388942485853,6.3927,-0.0966,0.1491,False,64,generated_natural
put eggplant on plate,Grab the eggplant and drop it on the plate.,natural,,0.9129214060592898,6.4466,-0.0705,0.1453,False,64,generated_natural
put eggplant on plate,Can you set the eggplant down on the plate?,natural,,0.9159646745271728,6.4547,-0.0171,0.1467,False,64,generated_natural
put eggplant on plate,Place the eggplant onto the plate.,natural,,0.9250627386051716,6.4787,-0.0695,0.1425,False,64,generated_natural
put eggplant on plate,transfer the eggplant to the green plate,search,,0.9276163176450006,6.4854,-0.1854,0.1374,False,64,search_boards
put eggplant on plate,place eggplant on the green plate,search,,0.93070752386407,6.4936,-0.1567,0.1378,False,64,search_boards
put eggplant on plate,place the eggplant onto the green plate,search,,0.9413383879664184,6.5217,-0.0933,0.1378,False,64,search_boards
put eggplant on plate,put the eggplant on the green plate,search,,0.9837954015103092,6.6339,0.0085,0.1319,False,64,search_boards
put eggplant on plate,transfer the purple eggplant to the green plate,search,,0.9948872606168994,6.6632,-0.2002,0.1211,False,64,search_boards
put eggplant on plate,put eggplant on plate,original,,1.0,6.6767,0.1476,0.1336,False,64,search_boards
put fork from basket to tray,"Displace the multi-pronged dining tool from its current containment within the basket, ensuring its final resting place is securely atop the flat serving receptacle.",adversarial,,0.0,4.5854,-3.397,0.1791,False,64,generated_adversarial
put fork from basket to tray,"If you would be so kind, please extract the tined eating utensil currently residing within the basket and subsequently deposit said implement directly onto the surface of the tray.",adversarial,,0.6302287085588055,6.0535,-1.4703,0.1251,False,64,generated_adversarial
put fork from basket to tray,Locate the metallic food-piercing utensil currently confined within the basket and orchestrate its immediate conveyance to the surface of the tray.,adversarial,,0.6605736623810393,6.1242,-1.4079,0.1213,False,64,generated_adversarial
put fork from basket to tray,"Provided that you have located the tray to use as your destination, your objective is to retrieve the object from the basket that one would typically use to spear solid food, and transport it there.",adversarial,,0.6654095425978351,6.1354,-1.4921,0.117,False,64,generated_adversarial
put fork from basket to tray,"Onto the tray, please drop the fork that is currently in the basket.",natural,,0.7997050646065345,6.4483,-0.8684,0.1139,False,64,generated_natural
put fork from basket to tray,move the silver fork from the basket to the black tray,search,,0.8565031787942639,6.5806,-0.6543,0.1106,False,64,search_boards
put fork from basket to tray,Grab the metal eating utensil from the basket and set it in the tray.,natural,,0.889886287384358,6.6584,-0.6114,0.1054,False,64,generated_natural
put fork from basket to tray,Shift the basket's fork to the tray.,natural,,0.908590799036772,6.7019,-0.4352,0.1085,False,64,generated_natural
put fork from basket to tray,move the silver fork out of the basket and into the tray,search,,0.91095992235888,6.7074,-0.3681,0.1106,False,64,search_boards
put fork from basket to tray,Can you get the fork out of the basket and put it on the tray?,natural,,0.915149698895622,6.7172,-0.3794,0.1093,False,64,generated_natural
put fork from basket to tray,put fork from basket into tray,search,,0.9224715093563922,6.7343,-0.2472,0.113,False,64,search_boards
put fork from basket to tray,put fork from the basket to the tray,search,,0.9248566364547662,6.7398,-0.228,0.1132,False,64,search_boards
put fork from basket to tray,pick up the fork from the basket and place it in the tray,search,,0.9324938219316752,6.7576,-0.3427,0.1072,False,64,search_boards
put fork from basket to tray,Fetch the fork from the basket and lay it on the tray.,natural,,0.9351228800424872,6.7637,-0.2858,0.1089,False,64,generated_natural
put fork from basket to tray,Please take the fork from the basket and place it on the tray.,natural,,0.9355388851210166,6.7647,-0.2461,0.1103,False,64,generated_natural
put fork from basket to tray,Transfer the fork from the basket over to the tray.,natural,,0.966301199598426,6.8364,-0.2232,0.1049,False,64,generated_natural
put fork from basket to tray,move the fork from the basket to the tray,search,,0.979111151912381,6.8662,-0.2332,0.1019,False,64,search_boards
put fork from basket to tray,Move the fork out of the basket and onto the tray.,natural,,0.9845901204641268,6.879,-0.2192,0.1013,False,64,generated_natural
put fork from basket to tray,put fork from basket to tray,original,,1.0,6.9149,-0.065,0.1042,False,64,search_boards
put green squash in pot or pan,put the green bitter melon in the metal pot,search,,0.0,5.1287,-3.0582,0.1444,False,64,search_boards
put green squash in pot or pan,place the green bitter melon toy in the metal pot,search,,0.0057582839701397,5.1411,-3.0606,0.1432,False,64,search_boards
put green squash in pot or pan,"Without disturbing the surrounding items, manipulate the emerald-tinted gourd such that its final resting place is securely contained within the metallic walls of either the pot or the pan.",adversarial,,0.0381686690641926,5.2109,-2.5586,0.1568,False,64,generated_adversarial
put green squash in pot or pan,put the green bitter melon in the silver pot,search,,0.0747595657349274,5.2897,-2.8181,0.1396,False,64,search_boards
put green squash in pot or pan,put the green bitter melon in the small metal pot,search,,0.1324535151297706,5.4139,-2.5363,0.1397,False,64,search_boards
put green squash in pot or pan,place the green bitter melon into the small metal pot,search,,0.1345261467214956,5.4184,-2.5128,0.1403,False,64,search_boards
put green squash in pot or pan,put the green bitter melon into the small metal pot,search,,0.2214321134927917,5.6055,-2.1566,0.1377,False,64,search_boards
put green squash in pot or pan,"If it is not an imposition, kindly transport the verdant, edible gourd into whichever of the designated cooking receptacles—specifically the pot or the pan—is most accessible.",adversarial,,0.2220270185254887,5.6067,-1.8349,0.1502,False,64,generated_adversarial
put green squash in pot or pan,put green bitter melon in the small metal pot,search,,0.3121012721426107,5.8007,-1.7893,0.1349,False,64,search_boards
put green squash in pot or pan,Move the green vegetable into a pot or a pan.,natural,,0.4788539671183823,6.1597,-1.0583,0.1319,False,64,generated_natural
put green squash in pot or pan,"Execute a prehension maneuver on the green squash, relocating this specific vegetable so that it ultimately resides within the bounds of either the pot or the pan.",adversarial,,0.4989681321912413,6.203,-0.7229,0.1412,False,64,generated_adversarial
put green squash in pot or pan,"Provided you have successfully secured the green squash, see to it that the item is relocated and comes to rest within the interior of the pot, or if you prefer, the pan.",adversarial,,0.6559725007802641,6.541,-0.1271,0.1348,False,64,generated_adversarial
put green squash in pot or pan,Take the green squash and drop it into the pot or pan.,natural,,0.7688546519351157,6.784,0.6918,0.1455,False,64,generated_natural
put green squash in pot or pan,The green squash needs to go in the pot or pan.,natural,,0.7924165718814311,6.8347,0.7292,0.1424,False,64,generated_natural
put green squash in pot or pan,Put the green squash in the pot or the pan.,natural,,0.8077319726457367,6.8677,0.9618,0.1487,False,64,generated_natural
put green squash in pot or pan,Pop the green squash into a pot or pan for me.,natural,,0.8188416588472808,6.8916,0.8503,0.1422,False,64,generated_natural
put green squash in pot or pan,Set the green squash down inside the pot or the pan.,natural,,0.819663778646062,6.8934,0.8791,0.1432,False,64,generated_natural
put green squash in pot or pan,Can you toss that green squash in the pot or pan?,natural,,0.8231906999905672,6.901,0.7886,0.1389,False,64,generated_natural
put green squash in pot or pan,Place the green squash into either the pot or pan.,natural,,0.8245310694569176,6.9039,0.9059,0.1433,False,64,generated_natural
put green squash in pot or pan,put green squash in pot or pan,original,,1.0,7.2816,1.2012,0.1215,False,64,search_boards
put green squash into pot or pan,"Provided you have accurately identified the verdant squash, proceed to hoist it from its present location and execute a precise relocation into the internal cavity of a pot, remaining aware that utilizing a pan for this exact same purpose is wholly permissible.",adversarial,,0.0,5.5676,-2.0427,0.1455,False,64,generated_adversarial
put green squash into pot or pan,"Eschewing all other produce, secure the verdant squash and convey it into the interior of a stovetop cooking vessel, specifically opting for either a pot or a pan.",adversarial,,0.1408049405084089,5.8283,-1.6215,0.1391,False,64,generated_adversarial
put green squash into pot or pan,place the green squash inside the metal pot,search,,0.1827523482563024,5.9059,-1.5284,0.1358,False,64,search_boards
put green squash into pot or pan,pick up the green squash and put it in the pot,search,,0.1966146309024357,5.9316,-1.4761,0.1356,False,64,search_boards
put green squash into pot or pan,"Assuming the requisite culinary receptacles are accessible, elevate the green squash and relinquish your grip only once it is situated inside the pot, unless you opt instead for the pan.",adversarial,,0.2480251913031389,6.0267,-1.4611,0.1278,False,64,generated_adversarial
put green squash into pot or pan,Move the green gourd to a pot or a pan.,natural,,0.3147101296925012,6.1502,-0.7994,0.1429,False,64,generated_natural
put green squash into pot or pan,Place that green vegetable inside either the pan or the pot.,natural,,0.3312012384631352,6.1807,-0.9586,0.1339,False,64,generated_natural
put green squash into pot or pan,put green squash into metal pot,search,,0.4997270027791177,6.4927,-0.6309,0.1193,False,64,search_boards
put green squash into pot or pan,put green squash in the pot,search,,0.5242998400315148,6.5382,-0.6325,0.1152,False,64,search_boards
put green squash into pot or pan,put green squash in pot,search,,0.6180778882700395,6.7118,-0.2364,0.1154,False,64,search_boards
put green squash into pot or pan,"If it would not be an imposition, kindly arrange for the green squash to be deposited into either the pot or the pan, whichever receptacle you deem more convenient.",adversarial,,0.6621172131562794,6.7933,-0.1734,0.1107,False,64,generated_adversarial
put green squash into pot or pan,place green squash inside pot,search,,0.6666726836117242,6.8017,0.0076,0.117,False,64,search_boards
put green squash into pot or pan,place green squash in pot,search,,0.6878646337259318,6.8409,0.0584,0.1156,False,64,search_boards
put green squash into pot or pan,I need you to put the green squash in the pan or the pot.,natural,,0.7017845730566814,6.8667,-0.0409,0.1094,False,64,generated_natural
put green squash into pot or pan,"Can you toss the green squash in the pot, or the pan if you prefer?",natural,,0.7248402461883526,6.9094,-0.1173,0.1026,False,64,generated_natural
put green squash into pot or pan,put the green squash in pot,search,,0.7508883335048967,6.9576,0.155,0.109,False,64,search_boards
put green squash into pot or pan,"Chuck the green squash into a pot, or a pan works too.",natural,,0.7662637380578714,6.9861,0.1985,0.1082,False,64,generated_natural
put green squash into pot or pan,place green squash into pot,search,,0.8060437946225331,7.0597,0.2819,0.105,False,64,search_boards
put green squash into pot or pan,Grab the green squash and set it down in a pot or pan.,natural,,0.8384205161191381,7.1196,0.3977,0.1043,False,64,generated_natural
put green squash into pot or pan,Take the green squash and drop it into one of the pots or pans.,natural,,0.8561246227009252,7.1524,0.3957,0.1013,False,64,generated_natural
put green squash into pot or pan,put green squash into pot or pan,original,,0.9311044783703946,7.2912,0.8455,0.1067,False,64,search_boards
put green squash into pot or pan,Transfer the green squash over into the cooking pot or pan.,natural,,1.0,7.4187,0.6695,0.0885,False,64,generated_natural
put knife in pot cardboard fence,Your immediate objective entails lifting the sharp culinary tool and depositing it straight into the center of the brown paperboard structure that walls off the stewing pot.,adversarial,,0.0,2.276,-7.6715,0.2153,False,64,generated_adversarial
put knife in pot cardboard fence,"If it would not be too much trouble, kindly secure the handled blade by depositing it directly within the corrugated paper boundary encompassing the cooking vessel.",adversarial,,0.3666544645642812,4.5416,-5.1551,0.114,False,64,generated_adversarial
put knife in pot cardboard fence,"Provided the path is unobstructed, take custody of the sharp culinary implement and orchestrate its transfer into the confines of the makeshift corrugated barrier currently encircling the cooking vessel.",adversarial,,0.3798748778349868,4.6233,-5.4846,0.0938,False,64,generated_adversarial
put knife in pot cardboard fence,"Assuming the workspace is clear, take the utensil primarily utilized for slicing and ensure its final resting place is situated completely inside the makeshift cardboard perimeter that houses the pot.",adversarial,,0.589649589540325,5.9195,-3.12,0.0722,False,64,generated_adversarial
put knife in pot cardboard fence,move the plastic knife into the orange cup,search,,0.6747817275678941,6.4455,-1.7567,0.0792,False,64,search_boards
put knife in pot cardboard fence,place the yellow knife into the orange cup,search,,0.6813570875332483,6.4861,-1.4647,0.0871,False,64,search_boards
put knife in pot cardboard fence,put the plastic knife in the orange cup,search,,0.6924875886639223,6.5549,-1.27,0.0887,False,64,search_boards
put knife in pot cardboard fence,place the knife into the orange cup,search,,0.6928065378860702,6.5569,-1.3753,0.0844,False,64,search_boards
put knife in pot cardboard fence,place the plastic knife in the orange cup,search,,0.6957673099000632,6.5752,-1.4015,0.0817,False,64,search_boards
put knife in pot cardboard fence,place the plastic knife in the orange bowl,search,,0.7037058649422866,6.6242,-1.222,0.0844,False,64,search_boards
put knife in pot cardboard fence,place the plastic knife inside the orange cup,search,,0.704025651755445,6.6262,-1.3119,0.0807,False,64,search_boards
put knife in pot cardboard fence,Take the cutting tool and leave it inside the cardboard pot fence.,natural,,0.8293693983920741,7.4007,-0.3068,0.0518,False,64,generated_natural
put knife in pot cardboard fence,Tuck the knife into the cardboard border around the cooking pot.,natural,,0.8676173866624964,7.637,0.47,0.0614,False,64,generated_natural
put knife in pot cardboard fence,Move that knife over to the cardboard fence by the pot.,natural,,0.8918951570034355,7.787,0.7817,0.0604,False,64,generated_natural
put knife in pot cardboard fence,"In the cardboard fence for the pot, please put the knife.",natural,,0.8964762176707101,7.8154,0.5319,0.0481,False,64,generated_natural
put knife in pot cardboard fence,Grab the knife and set it down in the pot's cardboard enclosure.,natural,,0.9126904440631396,7.9155,0.9108,0.0541,False,64,generated_natural
put knife in pot cardboard fence,Put the knife inside the cardboard fence next to the pot.,natural,,0.9360541926740708,8.0599,1.1755,0.0517,False,64,generated_natural
put knife in pot cardboard fence,Place the knife into the cardboard fence surrounding the pot.,natural,,0.9492617330731644,8.1415,1.3029,0.0495,False,64,generated_natural
put knife in pot cardboard fence,Can you drop the knife inside the pot's cardboard fence?,natural,,0.949367082938022,8.1422,1.3683,0.052,False,64,generated_natural
put knife in pot cardboard fence,put knife in pot cardboard fence,original,,1.0,8.455,1.8618,0.0438,False,64,search_boards
put knife in pot or pan,"If it is not too much trouble, please acquire the sharp-edged slicing tool and carefully consign it to the interior of whichever cooking receptacle—be it the deep pot or the shallow pan—you prefer.",adversarial,,0.0,4.4342,-3.9523,0.1707,False,64,generated_adversarial
put knife in pot or pan,put the white knife into the metal pot,search,,0.1925431471845842,4.975,-4.1883,0.1136,False,64,search_boards
put knife in pot or pan,"Assuming you are capable of grasping the knife, be so kind as to facilitate its relocation into whichever of the two primary cooking vessels—specifically, the pot or the pan—happens to be most convenient.",adversarial,,0.2023043306034581,5.0024,-3.0226,0.157,False,64,generated_adversarial
put knife in pot or pan,put the white toy knife inside the metal pot,search,,0.2153505697394509,5.039,-4.4653,0.0971,False,64,search_boards
put knife in pot or pan,put the white toy knife in the silver pot,search,,0.2154661178498821,5.0393,-4.5572,0.0935,False,64,search_boards
put knife in pot or pan,put the white toy knife into the metal pot,search,,0.2393210459830301,5.1063,-4.6,0.0859,False,64,search_boards
put knife in pot or pan,place the white toy knife into the pot,search,,0.2605533776517392,5.166,-4.2368,0.0949,False,64,search_boards
put knife in pot or pan,put the white knife in the silver pot,search,,0.3378618290860509,5.3831,-3.8855,0.0895,False,64,search_boards
put knife in pot or pan,"Without delay, secure the handled cutting instrument and see to it that it is deposited squarely within the boundaries of the pot, unless you would prefer to utilize the pan for this exact same purpose.",adversarial,,0.3636340514185289,5.4555,-2.7242,0.1287,False,64,generated_adversarial
put knife in pot or pan,"Regarding the sharp metallic utensil typically utilized for food preparation, please arrange for its immediate deposition into the interior of either the pot or the pan.",adversarial,,0.5518619162926796,5.9841,-1.4985,0.1301,False,64,generated_adversarial
put knife in pot or pan,Just stick the knife into one of the pans or pots.,natural,,0.5840783073469615,6.0746,-1.2071,0.1336,False,64,generated_natural
put knife in pot or pan,Move the silver blade into the pot or pan.,natural,,0.6493571299088576,6.2579,-1.1391,0.12,False,64,generated_natural
put knife in pot or pan,"Go ahead and stow the knife in the pot, or the pan is fine too.",natural,,0.6494149784616999,6.2581,-1.4499,0.1078,False,64,generated_natural
put knife in pot or pan,Can you drop the cutting tool inside the cooking pot or the frying pan?,natural,,0.7188274617934698,6.4531,-1.0589,0.106,False,64,generated_natural
put knife in pot or pan,"Please put the knife away in the pot, or use the pan.",natural,,0.7412256469116448,6.516,-0.5724,0.1195,False,64,generated_natural
put knife in pot or pan,Transfer the knife over to either the pot or the pan.,natural,,0.7801381546480747,6.6252,-0.2963,0.1207,False,64,generated_natural
put knife in pot or pan,"Take that knife and set it in a pot, or a pan if it's easier.",natural,,0.8216851511969441,6.7419,-0.4569,0.1041,False,64,generated_natural
put knife in pot or pan,Place the knife into either the pot or the pan.,natural,,0.8992071659715479,6.9597,0.4255,0.1195,False,64,generated_natural
put knife in pot or pan,put knife in pot or pan,original,,1.0,7.2427,0.7588,0.1076,False,64,search_boards
put knife on cutting board,"In order to facilitate the upcoming recipe, please take the hand-held implement primarily used for severing ingredients and establish its new resting place atop the protective block designated for dicing.",adversarial,,0.0,-1.519,-9.5875,0.4753,False,64,generated_adversarial
put knife on cutting board,"The flat surface designed for chopping is currently devoid of the utensil we use to slice things, so please rectify this by placing the latter upon the former.",adversarial,,0.5375267071785313,3.1664,-5.0068,0.2413,False,64,generated_adversarial
put knife on cutting board,"Should you find yourself ready to proceed, I would be most grateful if you could see to it that the bladed implement is deposited atop the food preparation block.",adversarial,,0.5972204063072666,3.6867,-4.5567,0.213,False,64,generated_adversarial
put knife on cutting board,Take the knife and leave it on the chopping block.,natural,,0.660560230753434,4.2388,-4.4474,0.1685,False,64,generated_natural
put knife on cutting board,"Without altering its fundamental state, convey the singular bladed hand tool to a stationary position atop the flat rectangular slab designated for culinary division.",adversarial,,0.6902760303403761,4.4978,-3.2429,0.1929,False,64,generated_adversarial
put knife on cutting board,Can you rest the knife on the prep board for me?,natural,,0.8885492922037995,6.2261,-1.4782,0.1095,False,64,generated_natural
put knife on cutting board,place the yellow knife on the green board,search,,0.9021167812274288,6.3443,-1.4209,0.1013,False,64,search_boards
put knife on cutting board,place yellow knife on green board,search,,0.9055138934172032,6.3739,-1.3831,0.1002,False,64,search_boards
put knife on cutting board,Move that knife over to the chopping board.,natural,,0.9088417167751516,6.4029,-1.0008,0.1127,False,64,generated_natural
put knife on cutting board,move yellow knife to the green cutting board,search,,0.9301574438932152,6.5887,-1.013,0.0958,False,64,search_boards
put knife on cutting board,Transfer the sharp utensil to the cutting board.,natural,,0.9377784366889924,6.6552,-0.033,0.1284,False,64,generated_natural
put knife on cutting board,The cutting board is where the knife needs to be placed.,natural,,0.9390723903294136,6.6664,-0.703,0.1011,False,64,generated_natural
put knife on cutting board,move the yellow knife to the green cutting board,search,,0.9609458159573242,6.8571,-0.456,0.0939,False,64,search_boards
put knife on cutting board,move yellow knife onto the green cutting board,search,,0.9678753843104956,6.9175,-0.4492,0.0889,False,64,search_boards
put knife on cutting board,Could you just pop the knife onto the cutting board?,natural,,0.9811977941604196,7.0336,0.5261,0.1169,False,64,generated_natural
put knife on cutting board,Grab the knife and set it down on the cutting board.,natural,,0.991392374663162,7.1225,0.61,0.1123,False,64,generated_natural
put knife on cutting board,Place the knife onto the cutting board.,natural,,0.9985603669835594,7.185,0.8128,0.1148,False,64,generated_natural
put knife on cutting board,put knife on cutting board,original,,1.0,7.1975,0.889,0.1167,False,64,search_boards
put knife on cutting board cardboard fence,"Displace the principal implement of culinary division from its current coordinates, depositing it precisely upon the fibrous brown boundary that flanks the wooden preparation block.",adversarial,,0.0,0.0104,-9.7989,0.3319,False,64,generated_adversarial
put knife on cutting board cardboard fence,"Provided you are capable of identifying the sharp-edged instrument meant for dividing food, proceed to lift and convey this item until it is firmly situated upon the corrugated paper palisade situated on the chopping block.",adversarial,,0.0486379032530696,0.3968,-9.9309,0.2926,False,64,generated_adversarial
put knife on cutting board cardboard fence,I would be exceedingly grateful if you could see your way to relocating the handheld bladed implement so that it rests squarely upon the corrugated paper barrier affiliated with the food preparation block,adversarial,,0.2384759530305596,1.9052,-8.1141,0.2307,False,64,generated_adversarial
put knife on cutting board cardboard fence,"Assuming you have secured the utensil primarily utilized for slicing, ensure that its final resting place is situated directly upon the makeshift cardboard enclosure belonging to the cutting board",adversarial,,0.7051140614439254,5.6128,-3.2452,0.0943,False,64,generated_adversarial
put knife on cutting board cardboard fence,Take the cutting tool and put it by the cardboard fence on the chopping board,natural,,0.7487324113282923,5.9594,-2.7418,0.0835,False,64,generated_natural
put knife on cutting board cardboard fence,place the knife on the cutting board,search,,0.833962924985459,6.6366,-1.4357,0.0749,False,64,search_boards
put knife on cutting board cardboard fence,place the knife on the green board,search,,0.8451757097967888,6.7257,-1.1999,0.0763,False,64,search_boards
put knife on cutting board cardboard fence,put knife on cutting board,search,,0.8480179471420677,6.7483,-1.2382,0.0728,False,64,search_boards
put knife on cutting board cardboard fence,place yellow knife on cutting board,search,,0.8501638242650806,6.7653,-1.1607,0.0744,False,64,search_boards
put knife on cutting board cardboard fence,move the knife onto the cutting board,search,,0.8555896355671136,6.8084,-1.0743,0.0739,False,64,search_boards
put knife on cutting board cardboard fence,move the yellow knife onto the green cutting board,search,,0.8627724895591269,6.8655,-0.9176,0.0751,False,64,search_boards
put knife on cutting board cardboard fence,Go ahead and lay the knife down in the cardboard barrier on the prep board.,natural,,0.8833347121769348,7.0289,-0.3887,0.0814,False,64,generated_natural
put knife on cutting board cardboard fence,Position the blade right inside the cutting board's cardboard fence,natural,,0.9270138245470588,7.3759,0.2418,0.0755,False,64,generated_natural
put knife on cutting board cardboard fence,"On the cutting board cardboard fence, set the knife down",natural,,0.95217986123752,7.5759,0.6426,0.0736,False,64,generated_natural
put knife on cutting board cardboard fence,Move that knife over to the cutting board's cardboard fence,natural,,0.953157019288454,7.5836,0.6936,0.0749,False,64,generated_natural
put knife on cutting board cardboard fence,Could you please transfer the knife to the cardboard fence on the cutting board,natural,,0.9646850659116782,7.6752,0.7475,0.0689,False,64,generated_natural
put knife on cutting board cardboard fence,Place the knife into the cardboard fence on the cutting board,natural,,0.966575959859714,7.6903,0.7594,0.0681,False,64,generated_natural
put knife on cutting board cardboard fence,Drop the knife exactly onto the cutting board cardboard fence,natural,,0.9769639741254666,7.7728,1.0105,0.0706,False,64,generated_natural
put knife on cutting board cardboard fence,put knife on cutting board cardboard fence,original,,1.0,7.9558,1.1896,0.0615,False,64,search_boards
put knife on cutting board cardboard fence,"Whereas the food-severing apparatus currently resides elsewhere, it falls upon you to secure its handle and convey it purposefully until it comes to a complete rest upon the makeshift corrugated perimeter erected on the chopping slab.",adversarial,,,,,,True,80,generated_adversarial
put lemon on plate,"Provided that the plate is unobstructed, please grasp the item typically sliced for seafood garnishes and ensure that it is successfully deposited there.",adversarial,,0.0,4.4075,-4.6694,0.1449,False,64,generated_adversarial
put lemon on plate,"Notwithstanding its current position, the object from which lemonade is made must be lifted and subsequently deposited directly onto the surface of the plate.",adversarial,,0.1570064751928313,4.8549,-2.9421,0.1732,False,64,generated_adversarial
put lemon on plate,"Should your manipulators currently be unoccupied, I require you to take hold of the whole yellow citrus fruit and convey it through the air until it rests completely upon the surface of the plate.",adversarial,,0.625767509481294,6.1907,-1.0992,0.1275,False,64,generated_adversarial
put lemon on plate,place the lemon on the red plate next to the sink,search,,0.7167712855129446,6.45,-0.4638,0.1296,False,64,search_boards
put lemon on plate,I would be most appreciative if you could see your way to relocating the sour yellow citrus fruit so that it comes to rest squarely upon the plate.,adversarial,,0.7202469476484101,6.4599,-0.9309,0.1104,False,64,generated_adversarial
put lemon on plate,Move that yellow fruit to the plate.,natural,,0.7862671188526644,6.648,-0.5288,0.1095,False,64,generated_natural
put lemon on plate,pick up the yellow lemon and place it on the red plate,search,,0.8515699505575041,6.8341,0.0725,0.1167,False,64,search_boards
put lemon on plate,On the plate is where the lemon should go.,natural,,0.859798868854846,6.8576,0.4059,0.1277,False,64,generated_natural
put lemon on plate,grab the yellow lemon from the sink and put it on the red plate,search,,0.8641301712367672,6.8699,-0.0906,0.1071,False,64,search_boards
put lemon on plate,grab the yellow lemon and put it on the red plate,search,,0.8690858800976753,6.884,0.0641,0.112,False,64,search_boards
put lemon on plate,grab the yellow lemon from the sink and place it on the red plate,search,,0.880533420673179,6.9167,-0.0427,0.1049,False,64,search_boards
put lemon on plate,grab the lemon and place it on the red plate,search,,0.9233036761128106,7.0385,0.3443,0.1093,False,64,search_boards
put lemon on plate,Can you grab the lemon and put it on the plate?,natural,,0.9387227100143144,7.0825,0.5722,0.1144,False,64,generated_natural
put lemon on plate,Just pop the lemon onto the plate for me.,natural,,0.9561246809225832,7.1321,0.6439,0.1128,False,64,generated_natural
put lemon on plate,Pick up the lemon and transfer it to the plate.,natural,,0.9662661392965466,7.161,0.6071,0.1088,False,64,generated_natural
put lemon on plate,Bring the lemon over to the plate.,natural,,0.982821728135678,7.2081,0.6714,0.1072,False,64,generated_natural
put lemon on plate,put lemon on plate,original,,0.9886195873817536,7.2247,0.8317,0.112,False,64,search_boards
put lemon on plate,Place the lemon onto the plate.,natural,,0.9963837953681252,7.2468,0.8104,0.1092,False,64,generated_natural
put lemon on plate,Set the lemon down on the plate.,natural,,1.0,7.2571,0.7804,0.1071,False,64,generated_natural
put lid on pot,"Assuming the deep simmering vessel is currently open to the ambient environment, I require you to seize the unattached metallic barrier and transpose it such that it forms a complete seal over the vessel's uppermost rim.",adversarial,,0.0,1.6352,-9.3902,0.2044,False,64,generated_adversarial
put lid on pot,"Taking the item designed to retain heat and prevent splattering, maneuver it until it is resting firmly over the open cavity of the saucepan.",adversarial,,0.3919869052839016,4.0867,-5.5229,0.1397,False,64,generated_adversarial
put lid on pot,"If it is not too much trouble, I would greatly appreciate it if you could ensure that the circular cover is deposited directly atop the main cooking vessel.",adversarial,,0.3954443646304355,4.1083,-4.6878,0.1706,False,64,generated_adversarial
put lid on pot,Proceed to elevate the circular covering piece and lower it until it completely caps the open mouth of the large cooking receptacle.,adversarial,,0.424505768062857,4.2901,-5.3371,0.129,False,64,generated_adversarial
put lid on pot,put the orange lid on top of the cup,search,,0.6643711998832369,5.7902,-1.3438,0.1533,False,64,search_boards
put lid on pot,Set the top on the pot.,natural,,0.686433276778414,5.9282,-1.744,0.1254,False,64,generated_natural
put lid on pot,Place the lid onto the cooking pot.,natural,,0.7028499016723152,6.0308,-1.2213,0.1369,False,64,generated_natural
put lid on pot,place the lid on top of the cup,search,,0.7080536521946585,6.0634,-1.0612,0.1403,False,64,search_boards
put lid on pot,Grab the lid and set it on top of the saucepan.,natural,,0.7154705951520527,6.1098,-1.2158,0.1301,False,64,generated_natural
put lid on pot,Put the metal cover on the pot.,natural,,0.7400433503027483,6.2635,-0.728,0.1357,False,64,generated_natural
put lid on pot,Cover the pot with its lid.,natural,,0.7414055999211452,6.272,-1.0156,0.1236,False,64,generated_natural
put lid on pot,Close the pot using the lid.,natural,,0.7433240935738797,6.284,-1.1739,0.1164,False,64,generated_natural
put lid on pot,put the orange plastic lid on top of the orange cup,search,,0.7820972788213963,6.5265,-1.0333,0.1005,False,64,search_boards
put lid on pot,put the orange lid on the orange cup,search,,0.7931106108520338,6.5953,-0.7444,0.1057,False,64,search_boards
put lid on pot,put the orange lid on top of the orange cup,search,,0.7942366330066726,6.6024,-0.9623,0.0966,False,64,search_boards
put lid on pot,cover the orange container with the lid,search,,0.8042304074201927,6.6649,-0.8736,0.0945,False,64,search_boards
put lid on pot,put the orange lid on the orange container,search,,0.8117079845770828,6.7116,-0.5938,0.1014,False,64,search_boards
put lid on pot,Just rest the lid on top of the pot.,natural,,0.8265193886114915,6.8043,-0.3203,0.1039,False,64,generated_natural
put lid on pot,Can you put the lid on the pot for me?,natural,,0.827663030183267,6.8114,-0.5743,0.0933,False,64,generated_natural
put lid on pot,put lid on pot,original,,1.0,7.8892,1.3879,0.0752,False,64,search_boards
put lid on pot or pan,Proceed to grasp the circular sealing element and maneuver it such that it completely occludes the upward-facing opening of the stovetop cookware.,adversarial,,0.0,1.3593,-7.871,0.2885,False,64,generated_adversarial
put lid on pot or pan,"Focus your attention on the unattached metallic cap, and execute a trajectory that terminates with it securely sealing the open top of the cooking basin.",adversarial,,0.2657150335849643,3.0281,-5.3534,0.2399,False,64,generated_adversarial
put lid on pot or pan,"Ensuring that the culinary receptacle remains entirely sealed, transport the corresponding circular cover to its rightful resting place above the skillet.",adversarial,,0.2965468305375478,3.2217,-5.919,0.2006,False,64,generated_adversarial
put lid on pot or pan,"If it would not be too much trouble, kindly take the object used for trapping steam and position it securely atop the metal cooking vessel.",adversarial,,0.5415364419591236,4.7603,-4.0827,0.1368,False,64,generated_adversarial
put lid on pot or pan,place the metal lid on the silver pot,search,,0.7074800907964195,5.8025,-2.6152,0.1023,False,64,search_boards
put lid on pot or pan,put the silver lid on the silver pot,search,,0.7363406964277673,5.9837,-2.2763,0.0996,False,64,search_boards
put lid on pot or pan,Close the pot with its cover.,natural,,0.7503035521814305,6.0714,-2.0245,0.1017,False,64,generated_natural
put lid on pot or pan,put the silver lid on top of the pot,search,,0.7645610726202381,6.161,-2.125,0.0899,False,64,search_boards
put lid on pot or pan,place the silver lid onto the silver pot,search,,0.7648400882671061,6.1627,-1.999,0.0947,False,64,search_boards
put lid on pot or pan,Put the metal top on the cooking pot.,natural,,0.7703181578748699,6.1971,-1.7011,0.1033,False,64,generated_natural
put lid on pot or pan,place the lid on top of the pot,search,,0.8035159341448952,6.4056,-1.3662,0.0981,False,64,search_boards
put lid on pot or pan,Set the lid on top of the pot.,natural,,0.8234680575813231,6.5309,-1.4187,0.0849,False,64,generated_natural
put lid on pot or pan,put the lid onto the silver pot,search,,0.8235948791752096,6.5317,-1.5164,0.081,False,64,search_boards
put lid on pot or pan,place the lid on the pot,search,,0.8327405589923814,6.5891,-1.3,0.0845,False,64,search_boards
put lid on pot or pan,Pop the lid onto the saucepan.,natural,,0.839474396992005,6.6314,-1.087,0.0891,False,64,generated_natural
put lid on pot or pan,Place the lid onto the pot.,natural,,0.8458699004097634,6.6716,-0.9816,0.0897,False,64,generated_natural
put lid on pot or pan,Cover the pan with the lid.,natural,,0.8827933798113125,6.9035,-0.1931,0.1002,False,64,generated_natural
put lid on pot or pan,Grab the lid and put it on the pan.,natural,,0.8871056562488585,6.9306,-0.2478,0.0956,False,64,generated_natural
put lid on pot or pan,Can you put the lid on that pan?,natural,,0.9145005199063148,7.1026,0.0277,0.0912,False,64,generated_natural
put lid on pot or pan,put lid on pot or pan,original,,1.0,7.6396,0.8908,0.0777,False,64,search_boards
put lid on stove,"Assuming you are ready to process instructions, take hold of the detached sealing apparatus meant for a pot and orchestrate its relocation to the surface of the primary heating appliance.",adversarial,,0.0,3.5027,-4.2663,0.2406,False,64,generated_adversarial
put lid on stove,put the metal lid on the pot on the front burner,search,,0.2197268561070454,4.3231,-4.1124,0.1742,False,64,search_boards
put lid on stove,put the metal lid onto the pot on the front burner,search,,0.3008996766881141,4.6262,-3.871,0.1569,False,64,search_boards
put lid on stove,place the metal lid on the pot on the burner,search,,0.3233322372808569,4.71,-3.8122,0.1518,False,64,search_boards
put lid on stove,place the metal lid on the pot on the front burner,search,,0.3458789120348849,4.7941,-3.6931,0.1491,False,64,search_boards
put lid on stove,"If it would not be too much of an inconvenience, please grasp the circular object used to trap steam inside a pan and gently deposit it upon the main cooking appliance.",adversarial,,0.3639985913433228,4.8618,-3.0737,0.1674,False,64,generated_adversarial
put lid on stove,"Provided that you have secured a proper grip on the detached covering apparatus, proceed to transport it across the workspace until it rests squarely atop the stove.",adversarial,,0.4008874165922217,4.9995,-2.6394,0.1723,False,64,generated_adversarial
put lid on stove,"Ascertain the location of the cookware's cap, then proceed to establish its new resting coordinates directly upon the surface of the stove.",adversarial,,0.464091223050461,5.2355,-2.6092,0.1526,False,64,generated_adversarial
put lid on stove,Please transfer the top to the stovetop.,natural,,0.4641274421716029,5.2356,-2.6416,0.1513,False,64,generated_natural
put lid on stove,cover the front pot with the metal lid,search,,0.5264340389988977,5.4683,-2.6839,0.1291,False,64,search_boards
put lid on stove,cover the burner pot with the metal lid,search,,0.5370203615881564,5.5078,-2.5319,0.1316,False,64,search_boards
put lid on stove,put the lid onto the cooking pot,search,,0.6006331954172822,5.7453,-2.1928,0.1239,False,64,search_boards
put lid on stove,Grab the cover and set it on the stove.,natural,,0.78919405203326,6.4494,-0.6773,0.1213,False,64,generated_natural
put lid on stove,put the lid onto the stove pot,search,,0.8038474801493554,6.5041,-0.7459,0.1137,False,64,search_boards
put lid on stove,The stove is where that lid needs to go.,natural,,0.8259857092890809,6.5867,-0.6799,0.109,False,64,generated_natural
put lid on stove,Can you move the lid over to the stove?,natural,,0.8535533437854624,6.6897,-0.5521,0.1049,False,64,generated_natural
put lid on stove,Position that pot cover on the stove for me.,natural,,0.8563489271670387,6.7001,-0.5383,0.1046,False,64,generated_natural
put lid on stove,Just rest the lid on the stove.,natural,,0.896676666745669,6.8507,-0.0963,0.1086,False,64,generated_natural
put lid on stove,Put the lid down on the stove.,natural,,0.9109910423271476,6.9041,-0.0067,0.1074,False,64,generated_natural
put lid on stove,Place the lid onto the stovetop.,natural,,0.9192781097239382,6.9351,-0.0272,0.1039,False,64,generated_natural
put lid on stove,put lid on stove,original,,1.0,7.2365,0.3805,0.0933,False,64,search_boards
put pan from drying rack into sink,"Notwithstanding any other tasks, grasp the shallow cooking vessel currently elevated upon the slotted draining apparatus and deposit it squarely into the depths of the wash basin.",adversarial,,0.0,2.1411,-6.3481,0.2792,False,64,generated_adversarial
put pan from drying rack into sink,"In order to prepare the space for further culinary activities, the metallic object utilized for searing, which presently occupies space on the dish-draining rack, requires immediate deposition into the plumbing fixture's basin.",adversarial,,0.2070661229161721,3.1407,-4.9826,0.2445,False,64,generated_adversarial
put pan from drying rack into sink,"Initiate a grasp on the handled metallic vessel utilized for stovetop searing, which is presently resting atop the slotted apparatus designated for air-drying, and subsequently release it into the concave plumbing basin.",adversarial,,0.2343180850047273,3.2723,-5.1668,0.2256,False,64,generated_adversarial
put pan from drying rack into sink,put the metal pan in the orange basket into the sink basin,search,,0.2594739063593646,3.3938,-4.8243,0.2284,False,64,search_boards
put pan from drying rack into sink,put the metal pan in the orange basket into the sink,search,,0.3042748211661584,3.61,-4.4817,0.2227,False,64,search_boards
put pan from drying rack into sink,move the stainless steel pot from the rack into the sink,search,,0.3681246816103554,3.9183,-4.9023,0.179,False,64,search_boards
put pan from drying rack into sink,"Should it be within your immediate capabilities, kindly see to it that the flat-bottomed cooking vessel currently residing upon the slatted drying apparatus is promptly relocated into the washbasin.",adversarial,,0.3772383253172744,3.9623,-4.4547,0.1926,False,64,generated_adversarial
put pan from drying rack into sink,put the metal pan in the orange rack into the sink,search,,0.4602031629884562,4.3628,-3.5341,0.1934,False,64,search_boards
put pan from drying rack into sink,move the metal pan into the white sink basin,search,,0.4644492174063627,4.3833,-3.2699,0.202,False,64,search_boards
put pan from drying rack into sink,transfer the silver pot from the orange dish rack to the sink,search,,0.629208532622092,5.1787,-3.7331,0.1135,False,64,search_boards
put pan from drying rack into sink,Grab the metal cookware from the dish rack and set it down in the sink.,natural,,0.7319961970361991,5.6749,-2.8657,0.1037,False,64,generated_natural
put pan from drying rack into sink,Please put the pan that is on the drying rack inside the sink basin.,natural,,0.9232058093948724,6.598,-0.292,0.1233,False,64,generated_natural
put pan from drying rack into sink,"Into the sink, please place the pan from the drying rack.",natural,,0.9490678243638992,6.7229,-0.1861,0.1164,False,64,generated_natural
put pan from drying rack into sink,Move the pan off the drying rack and place it in the sink.,natural,,0.9532792210831372,6.7432,-0.1715,0.1152,False,64,generated_natural
put pan from drying rack into sink,Take the pan currently sitting on the drying rack and drop it into the sink.,natural,,0.9560395303222172,6.7565,-0.2594,0.1105,False,64,generated_natural
put pan from drying rack into sink,put pan from drying rack into sink,original,,0.9766134637540218,6.8559,0.13,0.117,False,64,search_boards
put pan from drying rack into sink,Shift the pan out of the drying rack and into the sink.,natural,,0.9820286209135496,6.882,-0.0905,0.1061,False,64,generated_natural
put pan from drying rack into sink,Can you transfer the pan from the drying rack into the sink?,natural,,0.9924084019069837,6.9321,0.0592,0.1075,False,64,generated_natural
put pan from drying rack into sink,Just grab that pan off the drying rack and stick it in the sink.,natural,,1.0,6.9688,-0.2005,0.0941,False,64,generated_natural
put pan from sink into drying rack,"In the event that the shallow metallic cooking receptacle still resides within the washbasin, kindly convey it from that plumbing fixture over to the slatted assembly reserved for dripping wet tableware.",adversarial,,0.0,1.3862,-7.3577,0.3062,False,64,generated_adversarial
put pan from sink into drying rack,"Retrieve the shallow, handled cookware from the plumbing fixture where it was washed, ensuring it comes to rest securely atop the slotted apparatus designated for moisture evaporation.",adversarial,,0.4316124668466635,4.1662,-4.1836,0.1853,False,64,generated_adversarial
put pan from sink into drying rack,"Taking hold of the metal item we use for frying which presently occupies the sink, it is required that you transport and situate it securely onto the rack meant for air-drying.",adversarial,,0.6585186115757734,5.6277,-3.1591,0.0964,False,64,generated_adversarial
put pan from sink into drying rack,put the metal pan in the orange basket,search,,0.6778804304641727,5.7524,-3.9952,0.0525,False,64,search_boards
put pan from sink into drying rack,I would be most grateful if you could extract the cooking vessel currently residing within the sink basin and subsequently deposit it amidst the confines of the drying rack.,adversarial,,0.7457199596727803,6.1893,-1.6524,0.1059,False,64,generated_adversarial
put pan from sink into drying rack,Take that metal pan out of the sink and leave it in the rack to dry.,natural,,0.8936407498665071,7.1421,-0.9736,0.0484,False,64,generated_natural
put pan from sink into drying rack,put the small silver pan into the orange drying rack,search,,0.9040600243709498,7.2092,-0.8896,0.0458,False,64,search_boards
put pan from sink into drying rack,move the metal pan from the sink to the orange dish rack,search,,0.9135078919960204,7.27,-0.5437,0.054,False,64,search_boards
put pan from sink into drying rack,Relocate the pan sitting in the sink to the dish rack.,natural,,0.9389767726754944,7.4341,-0.3805,0.0459,False,64,generated_natural
put pan from sink into drying rack,put pan in orange drying rack,search,,0.9503407690535446,7.5073,-0.1486,0.0486,False,64,search_boards
put pan from sink into drying rack,Grab the pan from the sink and stick it on the dish rack.,natural,,0.964673218312112,7.5996,-0.088,0.0428,False,64,generated_natural
put pan from sink into drying rack,Can you shift the cooking pan out of the sink and onto the drying rack?,natural,,0.9726448942894664,7.6509,0.0167,0.0424,False,64,generated_natural
put pan from sink into drying rack,Please put the pan that is currently in the sink into the drying rack.,natural,,0.9742125565956344,7.661,0.1509,0.0467,False,64,generated_natural
put pan from sink into drying rack,Clear that frying pan out of the sink and pop it onto the drying rack.,natural,,0.974574888290668,7.6634,0.0635,0.0431,False,64,generated_natural
put pan from sink into drying rack,Transfer the pan from the sink over to the drying rack.,natural,,0.9794398230348262,7.6947,0.1711,0.0446,False,64,generated_natural
put pan from sink into drying rack,Move the pan out of the sink and place it in the drying rack.,natural,,0.9836171613766372,7.7216,0.2676,0.046,False,64,generated_natural
put pan from sink into drying rack,put pan from the sink into drying rack,search,,0.9958852523520716,7.8006,0.3327,0.0415,False,64,search_boards
put pan from sink into drying rack,put pan from sink into the drying rack,search,,0.9982026977977388,7.8156,0.3481,0.0408,False,64,search_boards
put pan from sink into drying rack,put pan from sink into drying rack,original,,1.0,7.8271,0.377,0.0409,False,64,search_boards
put pan from stove to sink,"In order to facilitate the forthcoming cleaning procedures, extract the handled implement typically used for searing food from its current position on the burner array and carefully deposit it into the receptacle equipped with a running faucet.",adversarial,,0.0,2.9218,-5.5663,0.2409,False,64,generated_adversarial
put pan from stove to sink,The plumbing fixture designated for washing dishes is the mandatory final destination for the flat-bottomed cooking vessel currently occupying the stove; execute this spatial translation without delay.,adversarial,,0.1477636924699448,3.4395,-4.4318,0.2397,False,64,generated_adversarial
put pan from stove to sink,move the silver pot from the blue burner to the sink,search,,0.6918215867941027,5.3456,-4.1163,0.0837,False,64,search_boards
put pan from stove to sink,move the metal pot from the blue burner to the sink,search,,0.7237932319744783,5.4576,-3.7104,0.0898,False,64,search_boards
put pan from stove to sink,place the metal pot from the blue burner to the sink,search,,0.7772926354615083,5.645,-3.166,0.0946,False,64,search_boards
put pan from stove to sink,move the silver pot off the burner and put it in the sink,search,,0.7918640417099129,5.6961,-3.2948,0.085,False,64,search_boards
put pan from stove to sink,move the silver pot from the burner to the sink,search,,0.7940801148742316,5.7039,-3.4648,0.0777,False,64,search_boards
put pan from stove to sink,transfer the silver pot from the blue burner to the sink,search,,0.7968260959551118,5.7135,-3.1361,0.0897,False,64,search_boards
put pan from stove to sink,place the silver pot from the blue stove in the sink,search,,0.8035829441080864,5.7372,-2.5498,0.1106,False,64,search_boards
put pan from stove to sink,transfer the metal pot from the blue burner to the sink,search,,0.8128496348411981,5.7696,-2.7994,0.098,False,64,search_boards
put pan from stove to sink,transfer the metal pot from the burner to the sink,search,,0.8264857663289581,5.8174,-2.4785,0.1064,False,64,search_boards
put pan from stove to sink,put pan from stove to sink,original,,0.8265506456615271,5.8176,-0.5079,0.1837,False,64,search_boards
put pan from stove to sink,Move the pan off the stove and into the sink.,natural,,0.828842463897697,5.8257,-0.8174,0.1709,False,64,generated_natural
put pan from stove to sink,"Requiring immediate relocation, the shallow metallic vessel currently occupying the stove must be extracted and deposited within the confines of the sink.",adversarial,,0.8304152367733194,5.8312,-1.9317,0.1266,False,64,generated_adversarial
put pan from stove to sink,Relocate the cooking pan from the stove to the sink.,natural,,0.8325642691670332,5.8387,-0.8034,0.1703,False,64,generated_natural
put pan from stove to sink,Please take the metal skillet off the stove and place it in the sink.,natural,,0.8783147681337058,5.999,-2.5982,0.0856,False,64,generated_natural
put pan from stove to sink,Transfer the pan that is currently on the stove over to the sink.,natural,,0.8853552499045874,6.0236,-0.8855,0.1507,False,64,generated_natural
put pan from stove to sink,Clear the pan off the stovetop and leave it in the sink.,natural,,0.902325596486948,6.0831,-1.1063,0.1368,False,64,generated_natural
put pan from stove to sink,Take the pan sitting on the stove and drop it in the sink for me.,natural,,0.9148522952075868,6.127,-1.1927,0.1295,False,64,generated_natural
put pan from stove to sink,place the silver pan from the burner into the plastic sink,search,,0.9167963900477772,6.1338,-1.2552,0.1264,False,64,search_boards
put pan from stove to sink,"Provided that you are currently capable of doing so, I would greatly appreciate it if you could apprehend the pan presently situated atop the stove and convey it forthwith into the sink.",adversarial,,0.9328449834774892,6.19,-1.3089,0.1194,False,64,generated_adversarial
put pan from stove to sink,Can you grab the pan from the stove and put it in the sink?,natural,,0.988567011663872,6.3852,-0.8238,0.1212,False,64,generated_natural
put pan from stove to sink,Pick up the frying pan from the stove and set it down inside the sink.,natural,,1.0,6.4253,-0.9874,0.1112,False,64,generated_natural
put pan in sink,"Should the cooking surface have cooled sufficiently, take the flat-bottomed frying vessel and carefully relegate it to the depths of the plumbed washbasin.",adversarial,,0.0,3.4182,-5.2299,0.2103,False,64,generated_adversarial
put pan in sink,"With respect to the shallow metallic vessel utilized for cooking, please facilitate its immediate transfer into the basin connected to the plumbing.",adversarial,,0.1412946914808025,4.0241,-4.7696,0.1748,False,64,generated_adversarial
put pan in sink,Ascertain the whereabouts of the handled cooking vessel and subsequently ensure its physical relocation to the interior cavity of the dish-washing basin.,adversarial,,0.2731369112697943,4.5896,-4.0548,0.1529,False,64,generated_adversarial
put pan in sink,Take the metal pan and leave it inside the sink.,natural,,0.7123909208687078,6.4734,-0.6417,0.1205,False,64,generated_natural
put pan in sink,put the metal cooking pot in the sink,search,,0.745911853048587,6.6171,-0.9865,0.0943,False,64,search_boards
put pan in sink,"Provided it is not an imposition, I would be most grateful if you could secure the pan and deposit it entirely within the confines of the sink.",adversarial,,0.7914534710186656,6.8124,-0.1057,0.1116,False,64,generated_adversarial
put pan in sink,Can you put that frying pan in the sink for me?,natural,,0.8360003404273735,7.0035,-0.0703,0.0961,False,64,generated_natural
put pan in sink,Stick the frying pan in the sink.,natural,,0.838758030567303,7.0153,0.0982,0.1017,False,64,generated_natural
put pan in sink,put the metal pan in the sink,search,,0.8562322924433754,7.0902,0.1012,0.0952,False,64,search_boards
put pan in sink,Move the pan over to the sink.,natural,,0.8655261082374616,7.1301,-0.0148,0.0871,False,64,generated_natural
put pan in sink,Place the pan into the kitchen sink.,natural,,0.8686489002195975,7.1435,0.2793,0.0975,False,64,generated_natural
put pan in sink,Set the cooking pan down in the sink.,natural,,0.8778157006294843,7.1828,0.2428,0.0926,False,64,generated_natural
put pan in sink,The pan needs to go into the sink.,natural,,0.8786007041865658,7.1862,0.2543,0.0928,False,64,generated_natural
put pan in sink,put the cooking pan into the sink,search,,0.9026229564966294,7.2892,0.5141,0.0939,False,64,search_boards
put pan in sink,Just drop the pan into the sink.,natural,,0.927056114382385,7.394,0.5602,0.0864,False,64,generated_natural
put pan in sink,put the pan in the sink,search,,0.937810359240302,7.4401,0.6922,0.0875,False,64,search_boards
put pan in sink,put the pan into the sink,search,,0.9527206070618128,7.504,0.7132,0.0827,False,64,search_boards
put pan in sink,put pan into the sink,search,,0.965552945757769,7.5591,0.7933,0.081,False,64,search_boards
put pan in sink,put pan in sink,original,,1.0,7.7068,1.0831,0.0793,False,64,search_boards
put pan on stove and put blueberry in pan,place the metal pot on the burner and put the blue berry inside,search,,0.0,6.1996,-1.8449,0.0975,False,64,search_boards
put pan on stove and put blueberry in pan,"The designated metallic cookware is to be stationed atop the thermal heating appliance, whereupon the solitary azure fruit must be introduced directly into its interior.",adversarial,,0.2063437699525473,6.5333,-1.8287,0.0686,False,64,generated_adversarial
put pan on stove and put blueberry in pan,put the small pot on the stove burner and put the blue berry in the pot,search,,0.2661064417948423,6.63,-1.0411,0.091,False,64,search_boards
put pan on stove and put blueberry in pan,place the silver pan on the stove burner and put the blue berry inside,search,,0.4071516278369647,6.8581,-0.8418,0.0787,False,64,search_boards
put pan on stove and put blueberry in pan,"Would you be so kind as to transport the metallic cooking vessel to the heating appliance, ensuring that the small, spherical blue fruit is subsequently deposited within its confines?",adversarial,,0.4215037012570892,6.8814,-1.2313,0.0613,False,64,generated_adversarial
put pan on stove and put blueberry in pan,"Provided that you have successfully situated the frying receptacle atop the primary culinary heating surface, proceed to transfer the singular indigo berry into the aforementioned vessel.",adversarial,,0.4694227545635727,6.9589,-1.2436,0.054,False,64,generated_adversarial
put pan on stove and put blueberry in pan,Position the metal frying pan on the stovetop and place the little blue fruit in it.,natural,,0.5420194480142401,7.0763,-0.5544,0.0707,False,64,generated_natural
put pan on stove and put blueberry in pan,place the silver pan on the stove burner and put the blue berry in it,search,,0.6222123625591098,7.206,-0.4001,0.0653,False,64,search_boards
put pan on stove and put blueberry in pan,place the metal pan on the stove burner and put the blue berry in the pan,search,,0.662878244162418,7.2718,0.0426,0.0769,False,64,search_boards
put pan on stove and put blueberry in pan,Set the skillet on the burner and add the blueberry to it.,natural,,0.6964626715514346,7.3261,-0.4561,0.0525,False,64,generated_natural
put pan on stove and put blueberry in pan,Move the pan to the stove and put the berry inside.,natural,,0.8250601626357873,7.5341,-0.0619,0.0496,False,64,generated_natural
put pan on stove and put blueberry in pan,Take the blueberry and put it in the pan after moving the pan to the stove.,natural,,0.832672311262446,7.5464,-0.1191,0.0463,False,64,generated_natural
put pan on stove and put blueberry in pan,"It is required that the pan be relocated to the stove, a sequence of events which must culminate in the solitary blueberry being deposited within the boundaries of that very same cookware.",adversarial,,0.8514577766022228,7.5768,-0.1784,0.0412,False,64,generated_adversarial
put pan on stove and put blueberry in pan,"Place the pan onto the stove, then drop the blueberry inside it.",natural,,0.9272309125132612,7.6994,0.3224,0.0501,False,64,generated_natural
put pan on stove and put blueberry in pan,Relocate the cooking pan to the stove and deposit the blueberry into it.,natural,,0.9283199053529508,7.7011,0.3325,0.0503,False,64,generated_natural
put pan on stove and put blueberry in pan,put pan on stove and put blueberry in pan,original,,0.941589912564823,7.7226,0.4794,0.0542,False,64,search_boards
put pan on stove and put blueberry in pan,Can you get the pan on the stove and toss the blueberry into it?,natural,,0.977451896159419,7.7806,0.4136,0.0465,False,64,generated_natural
put pan on stove and put blueberry in pan,"Grab the pan, put it on the stove, and pop the blueberry into it.",natural,,1.0,7.8171,0.3508,0.0408,False,64,generated_natural
put pan on stove and put stuffedduck in pan,Move the skillet to the burner and drop the toy duck in.,natural,,0.0,3.9708,-3.7464,0.2197,False,64,generated_natural
put pan on stove and put stuffedduck in pan,"First get the metal pan on the stovetop, and after that, put the plush bird inside it.",natural,,0.350587080299702,5.2664,-2.4229,0.1572,False,64,generated_natural
put pan on stove and put stuffedduck in pan,"It is imperative that the metallic frying vessel be conveyed to the stovetop, whereupon you must take the fabricated plush waterfowl and nestle it securely within the confines of the aforementioned cookware.",adversarial,,0.4074642210057309,5.4766,-2.7538,0.1257,False,64,generated_adversarial
put pan on stove and put stuffedduck in pan,"Assuming the heating appliance is presently available, would you be so kind as to relocate the metallic cooking vessel there, ensuring subsequently that the plush waterfowl replica is deposited directly into its basin.",adversarial,,0.4345756870470215,5.5768,-3.0577,0.1049,False,64,generated_adversarial
put pan on stove and put stuffedduck in pan,"Once the shallow cooking vessel has been securely established upon the primary heating element, you are to deposit the cotton-filled waterfowl effigy directly into its center.",adversarial,,0.4958513403378155,5.8033,-2.7905,0.0954,False,64,generated_adversarial
put pan on stove and put stuffedduck in pan,move the pot to the stove and put the yellow duck inside,search,,0.5769132212898981,6.1028,-2.1217,0.0952,False,64,search_boards
put pan on stove and put stuffedduck in pan,"Before attending to anything else, ensure the receptacle typically used for frying is positioned atop the stove, whereupon the aforementioned faux avian plaything must be placed squarely within its confines.",adversarial,,0.6441097241483589,6.3512,-1.8278,0.0848,False,64,generated_adversarial
put pan on stove and put stuffedduck in pan,put the silver pot on the stove burner and place the duck inside,search,,0.6477904419726404,6.3648,-1.2868,0.1048,False,64,search_boards
put pan on stove and put stuffedduck in pan,set the pot on the burner and put the yellow stuffed duck inside,search,,0.6704543496228118,6.4485,-1.6924,0.0815,False,64,search_boards
put pan on stove and put stuffedduck in pan,place the pot on the burner and put the yellow stuffed duck in it,search,,0.7632652255715142,6.7915,-1.2427,0.0688,False,64,search_boards
put pan on stove and put stuffedduck in pan,Situate the pan on the cooking surface before placing the stuffed toy bird inside.,natural,,0.7909145679745997,6.8937,-0.9845,0.0699,False,64,generated_natural
put pan on stove and put stuffedduck in pan,move the pot to the stove and place the yellow stuffed duck inside,search,,0.7946719128811385,6.9076,-0.8616,0.0735,False,64,search_boards
put pan on stove and put stuffedduck in pan,place the pot on the stove and put the yellow stuffed duck inside,search,,0.8397011879366298,7.074,-0.7944,0.0615,False,64,search_boards
put pan on stove and put stuffedduck in pan,set the pot on the stove and put the yellow stuffed duck inside,search,,0.8503314296538608,7.1133,-0.7733,0.0588,False,64,search_boards
put pan on stove and put stuffedduck in pan,Can you put the cooking pan on the stove and place the plush duck into it?,natural,,0.9358271866618436,7.4292,-0.0702,0.0585,False,64,generated_natural
put pan on stove and put stuffedduck in pan,Move the pan to the stove and leave the stuffed duck in the pan.,natural,,0.958642013001652,7.5135,0.1243,0.0587,False,64,generated_natural
put pan on stove and put stuffedduck in pan,"Place the pan onto the stove, then set the stuffed duck inside it.",natural,,0.9663973532056956,7.5422,0.1746,0.0582,False,64,generated_natural
put pan on stove and put stuffedduck in pan,Transfer the frying pan to the stovetop and then stick the stuffed duck into it.,natural,,0.9730053090955824,7.5666,0.0818,0.0524,False,64,generated_natural
put pan on stove and put stuffedduck in pan,"Take the pan, set it on the stove, and then rest the stuffed duck inside of it.",natural,,0.9768924261429118,7.581,0.0814,0.0511,False,64,generated_natural
put pan on stove and put stuffedduck in pan,put pan on stove and put stuffedduck in pan,original,,1.0,7.6664,0.2936,0.0519,False,64,search_boards
put pan on stove and put stuffedpig in pan,put the silver pot on the stove burner and put the pink toy in it,search,,0.0,5.361,-3.166,0.1197,False,64,search_boards
put pan on stove and put stuffedpig in pan,"Upon transferring the metal cookware vessel to the top of the heating appliance, it is imperative that you take hold of the fabric-stuffed farm animal and nestle it entirely within the bounds of that very skillet.",adversarial,,0.2086586443497192,5.821,-2.267,0.1143,False,64,generated_adversarial
put pan on stove and put stuffedpig in pan,"Direct your manipulators to shift the shallow metallic cookware onto the heating appliance, taking care thereafter to lower the soft toy swine directly into the base of that same vessel.",adversarial,,0.233675594849371,5.8762,-2.2577,0.1098,False,64,generated_adversarial
put pan on stove and put stuffedpig in pan,move the metal pot to the stove burner and put the pink pig in it,search,,0.3995622368520936,6.2419,-1.5941,0.1036,False,64,search_boards
put pan on stove and put stuffedpig in pan,put the metal cooking pot on the stove and place the pink pig in it,search,,0.532453153939176,6.5349,-0.9019,0.1049,False,64,search_boards
put pan on stove and put stuffedpig in pan,"I would greatly appreciate it if you could transition the frying receptacle onto the stove, completing the task by introducing the stuffed porcine figure into the very same receptacle.",adversarial,,0.6878674993599717,6.8775,-0.8754,0.0757,False,64,generated_adversarial
put pan on stove and put stuffedpig in pan,"Assuming the stove is ready to receive it, transport the pan to that location, whereupon you must take the plush swine replica and rest it within the pan's interior.",adversarial,,0.7489336886502939,7.0121,-0.2031,0.0902,False,64,generated_adversarial
put pan on stove and put stuffedpig in pan,Move the frying pan to the stove and put the toy pig inside it.,natural,,0.8160864353785018,7.1602,-0.0129,0.0846,False,64,generated_natural
put pan on stove and put stuffedpig in pan,"Take the pan over to the stovetop, and then place the stuffed animal pig into it.",natural,,0.8686143857002523,7.276,0.1899,0.0823,False,64,generated_natural
put pan on stove and put stuffedpig in pan,"Grab the pan and leave it on the stove, then stick the stuffed pig in there.",natural,,0.8755957341435605,7.2914,0.2452,0.0831,False,64,generated_natural
put pan on stove and put stuffedpig in pan,"First set the pan on the stove, then drop the plush pig into the pan.",natural,,0.9101851348000224,7.3676,0.3541,0.0806,False,64,generated_natural
put pan on stove and put stuffedpig in pan,The stuffed pig needs to go in the pan after you put the pan on the stove.,natural,,0.9116682592405698,7.3709,0.0439,0.0682,False,64,generated_natural
put pan on stove and put stuffedpig in pan,Set the pan on the stove and position the stuffed pig in the pan.,natural,,0.9343310107769676,7.4209,0.4964,0.0815,False,64,generated_natural
put pan on stove and put stuffedpig in pan,put pan on stove and place the stuffedpig in the pan,search,,0.972560391402942,7.5051,0.5707,0.077,False,64,search_boards
put pan on stove and put stuffedpig in pan,put pan on stove and put stuffed pig in pan,search,,0.972906261040801,7.5059,0.6159,0.0787,False,64,search_boards
put pan on stove and put stuffedpig in pan,put pan on the stove and put the stuffed pig in pan,search,,0.974379750118309,7.5091,0.5693,0.0766,False,64,search_boards
put pan on stove and put stuffedpig in pan,put the pan on the stove and place the stuffedpig in the pan,search,,0.9750750203933272,7.5107,0.4755,0.0728,False,64,search_boards
put pan on stove and put stuffedpig in pan,put pan on stove and put the stuffed pig in pan,search,,0.9756417718201726,7.5119,0.5998,0.0775,False,64,search_boards
put pan on stove and put stuffedpig in pan,put the pan on stove and put stuffedpig in pan,search,,0.9791537374705396,7.5197,0.6333,0.0782,False,64,search_boards
put pan on stove and put stuffedpig in pan,Put the pan on the stove with the stuffed pig inside it.,natural,,0.9800213455080296,7.5216,0.5682,0.0754,False,64,generated_natural
put pan on stove and put stuffedpig in pan,put pan on the stove and put stuffedpig in pan,search,,0.9847773686342856,7.5321,0.6483,0.0777,False,64,search_boards
put pan on stove and put stuffedpig in pan,put pan on the stove and put stuffedpig in the pan,search,,0.9890525292459772,7.5415,0.6155,0.0755,False,64,search_boards
put pan on stove and put stuffedpig in pan,put pan on stove and put stuffedpig in pan,original,,0.989087290061293,7.5416,0.6693,0.0776,False,64,search_boards
put pan on stove and put stuffedpig in pan,put pan on stove and put the stuffedpig in the pan,search,,0.9911751579899538,7.5462,0.5976,0.0744,False,64,search_boards
put pan on stove and put stuffedpig in pan,put pan on the stove and place the stuffedpig in the pan,search,,0.9979872325991904,7.5612,0.5364,0.0707,False,64,search_boards
put pan on stove and put stuffedpig in pan,Place the pan onto the stove and set the stuffed pig inside it.,natural,,1.0,7.5656,0.6399,0.0744,False,64,generated_natural
put pan on stove from sink,"Before proceeding with any further culinary preparations, ensure that the shallow vessel used for searing is extracted from the washing basin and securely positioned upon the primary heating element.",adversarial,,0.0,1.6759,-6.6679,0.3077,False,64,generated_adversarial
put pan on stove from sink,"If it is not too much trouble, please locate the cookware you would normally use to fry eggs that is currently languishing in the sink, and carefully navigate it over to the stove.",adversarial,,0.4429007864668528,4.1291,-5.0488,0.1546,False,64,generated_adversarial
put pan on stove from sink,place the pan on the blue burner,search,,0.6530654138986006,5.2932,-4.7485,0.0635,False,64,search_boards
put pan on stove from sink,"Assuming it is entirely convenient for you, I request that the metallic vessel you would typically use for frying be extracted from the sink and subsequently deposited atop the stove.",adversarial,,0.7217801548239086,5.6738,-2.5858,0.1148,False,64,generated_adversarial
put pan on stove from sink,lift the silver pan out of the sink and place it on the burner,search,,0.7300326217265954,5.7196,-3.5703,0.0721,False,64,search_boards
put pan on stove from sink,lift the silver pan from the sink and put it on the burner,search,,0.8053921816437113,6.137,-2.8948,0.0618,False,64,search_boards
put pan on stove from sink,lift the silver pan from the sink and place it on the blue burner,search,,0.8470482862517184,6.3677,-2.369,0.062,False,64,search_boards
put pan on stove from sink,lift the metal pan and place it on the stove burner,search,,0.87599621763091,6.528,-1.9383,0.0648,False,64,search_boards
put pan on stove from sink,"Taking hold of the pan from its current resting place inside the basin where dishes are washed, proceed to carefully convey it until it is resting squarely upon the surface of the stove.",adversarial,,0.921233750857938,6.7786,-1.4277,0.0627,False,64,generated_adversarial
put pan on stove from sink,transfer the metal pan from the sink to the stove top,search,,0.9316511915547868,6.8363,-1.1405,0.0689,False,64,search_boards
put pan on stove from sink,Pick up the metal pan resting in the sink and place it on the stove.,natural,,0.9505329417426608,6.9409,-0.926,0.0681,False,64,generated_natural
put pan on stove from sink,Can you transfer the pan from the sink to the stove?,natural,,0.984697133828532,7.1301,-0.19,0.0803,False,64,generated_natural
put pan on stove from sink,Lift the pan out of the sink and leave it on the stove.,natural,,0.9888839045031692,7.1533,-0.3074,0.0736,False,64,generated_natural
put pan on stove from sink,"From the sink, carry the pan over to the stove.",natural,,0.989716721480282,7.1579,-0.4014,0.0695,False,64,generated_natural
put pan on stove from sink,put pan on stove from sink,original,,0.9964280365417488,7.1951,0.1076,0.0862,False,64,search_boards
put pan on stove from sink,Take the frying pan from the sink and set it on the stovetop.,natural,,0.9979631501299246,7.2036,-0.3983,0.0656,False,64,generated_natural
put pan on stove from sink,Grab the pan that is currently in the sink and put it on the stove.,natural,,0.9982065297120868,7.205,-0.355,0.0672,False,64,generated_natural
put pan on stove from sink,Please fetch the pan out of the sink and put it on the stove.,natural,,0.999126185691142,7.2101,-0.2733,0.0699,False,64,generated_natural
put pan on stove from sink,Move the pan out of the sink and place it onto the stove.,natural,,1.0,7.2149,-0.219,0.0716,False,64,generated_natural
put pear in bowl,"Assuming you have a clear path, be so good as to take the fruit that tapers at the stem and deposit it within the confines of the bowl.",adversarial,,0.0,4.5191,-4.7825,0.1306,False,64,generated_adversarial
put pear in bowl,Direct your manipulator to grasp the bell-shaped pome fruit and subsequently release it into the concave culinary vessel.,adversarial,,0.1200892274603021,4.9514,-4.1282,0.1181,False,64,generated_adversarial
put pear in bowl,Can you move the green fruit over to the bowl?,natural,,0.5124664134301036,6.364,-1.5944,0.0928,False,64,generated_natural
put pear in bowl,It is of the utmost importance that the pear be lifted by your end effector and subsequently lowered into the waiting bowl.,adversarial,,0.5933266788180392,6.6551,-1.1094,0.0861,False,64,generated_adversarial
put pear in bowl,place the green pear in the blue bowl,search,,0.7442682175520147,7.1986,-0.1999,0.0738,False,64,search_boards
put pear in bowl,drop the green pear inside the blue bowl,search,,0.777671509976199,7.3188,-0.1911,0.0635,False,64,search_boards
put pear in bowl,"The pear, which is currently resting outside of any container, must be carefully relocated such that its new position is entirely inside the bowl.",adversarial,,0.7861603703498218,7.3494,-0.1817,0.0612,False,64,generated_adversarial
put pear in bowl,Take that pear and set it inside the bowl.,natural,,0.8711642238773022,7.6554,0.6366,0.0663,False,64,generated_natural
put pear in bowl,pick up the pear and put it in the bowl,search,,0.8765063771637982,7.6746,0.7298,0.0683,False,64,search_boards
put pear in bowl,Drop the pear in the bowl for me.,natural,,0.9074116172495345,7.7859,0.7829,0.0605,False,64,generated_natural
put pear in bowl,"I need the pear in the bowl, please.",natural,,0.9189145245807496,7.8273,0.8585,0.0598,False,64,generated_natural
put pear in bowl,Grab the pear and put it in the bowl.,natural,,0.9392696529542356,7.9006,0.8341,0.0524,False,64,generated_natural
put pear in bowl,Transfer the pear to the bowl.,natural,,0.9421223172466596,7.9109,1.0082,0.0583,False,64,generated_natural
put pear in bowl,Pop the pear into the bowl.,natural,,0.9445345738634568,7.9196,0.981,0.0565,False,64,generated_natural
put pear in bowl,Place the pear into the bowl.,natural,,0.9456534888105302,7.9236,1.0188,0.0576,False,64,generated_natural
put pear in bowl,drop pear in blue bowl,search,,0.9651537987159228,7.9938,1.1681,0.0573,False,64,search_boards
put pear in bowl,put pear in bowl,original,,1.0,8.1192,1.3553,0.0536,False,64,search_boards
put pear on plate,"Assuming your end-effectors are adequately calibrated, execute a spatial translation that relocates the bottom-heavy pome from its present coordinates to a stable resting position squarely atop the shallow dining receptacle.",adversarial,,0.0,2.5113,-8.7055,0.1539,False,64,generated_adversarial
put pear on plate,"Should it not prove entirely too burdensome, kindly elevate the bell-shaped green fruit from its current position and deposit it upon the flat ceramic tableware.",adversarial,,0.0394378061326594,2.7389,-7.6479,0.1753,False,64,generated_adversarial
put pear on plate,"Insofar as you are capable of grasping it without bruising the skin, convey the teardrop-shaped produce until it is fully supported by the plate.",adversarial,,0.2370007467585838,3.8787,-6.4936,0.12,False,64,generated_adversarial
put pear on plate,"The object currently situated before you, which is commonly consumed as a sweet autumnal snack, must forthwith be relocated such that it rests entirely atop the circular eating vessel.",adversarial,,0.2421270146644476,3.9083,-6.6203,0.1124,False,64,generated_adversarial
put pear on plate,Move the green fruit over to the plate.,natural,,0.7852952602381217,7.0422,-0.4911,0.0762,False,64,generated_natural
put pear on plate,move green pear to green plate,search,,0.807425665692808,7.1698,-0.2069,0.0761,False,64,search_boards
put pear on plate,move pear to the green plate,search,,0.8131094985444159,7.2026,-0.0851,0.078,False,64,search_boards
put pear on plate,move the green pear onto the green plate,search,,0.8234499780072186,7.2623,-0.0346,0.0747,False,64,search_boards
put pear on plate,place the green pear onto the green plate,search,,0.8345880055582013,7.3266,0.0557,0.0725,False,64,search_boards
put pear on plate,put the green pear on the green plate,search,,0.8385860446653948,7.3496,0.1177,0.0729,False,64,search_boards
put pear on plate,put the green pear onto the green plate,search,,0.8467879590163877,7.3969,0.1612,0.0705,False,64,search_boards
put pear on plate,move pear to green plate,search,,0.8519743957711942,7.4269,0.2789,0.0725,False,64,search_boards
put pear on plate,Set the pear down on the flat ceramic plate.,natural,,0.8772573760357133,7.5727,0.6173,0.0729,False,64,generated_natural
put pear on plate,put green pear on plate,search,,0.9035517275492584,7.7245,0.9127,0.071,False,64,search_boards
put pear on plate,I need that pear moved to the plate.,natural,,0.9206489419476944,7.8231,1.0755,0.0687,False,64,generated_natural
put pear on plate,Can you put the pear on the plate for me?,natural,,0.9323861860972454,7.8908,1.1482,0.0656,False,64,generated_natural
put pear on plate,Grab the pear and place it on the plate.,natural,,0.9488936726103516,7.9861,1.2726,0.0621,False,64,generated_natural
put pear on plate,Go ahead and rest the pear on the plate.,natural,,0.9549833378536192,8.0212,1.2544,0.0583,False,64,generated_natural
put pear on plate,Please transfer the pear to the plate.,natural,,0.9614010233896282,8.0582,1.4125,0.0612,False,64,generated_natural
put pear on plate,Place the pear onto the plate.,natural,,0.9758580845983438,8.1416,1.4881,0.0568,False,64,generated_natural
put pear on plate,put pear on plate,original,,1.0,8.2809,1.5815,0.0482,False,64,search_boards
put pear on plate,"Provided your current kinematic state permits it, delicately acquire the narrow-necked green fruit and orchestrate its trajectory so that it ultimately rests upon the surface of the plate.",adversarial,,,,,,True,80,generated_adversarial
put pepper in pan,"Should your manipulators be currently unengaged, you are instructed to grasp the condiment typically paired with salt and establish it firmly within the circular boundaries of the cooking pan.",adversarial,,0.0,5.1921,-4.0126,0.1014,False,64,generated_adversarial
put pepper in pan,It is imperative that the container of ground black spice be immediately conveyed into the confines of the shallow stovetop cookware.,adversarial,,0.0865196661003221,5.4529,-3.6294,0.0934,False,64,generated_adversarial
put pepper in pan,"Assuming you are ready to proceed, would you be so kind as to relocate the pungent dark seasoning so that its new resting place is entirely within the metallic cooking vessel.",adversarial,,0.3004991582789254,6.0979,-2.1663,0.0938,False,64,generated_adversarial
put pepper in pan,Grab the black pepper and drop it in the skillet.,natural,,0.4052252040756163,6.4135,-1.5376,0.0906,False,64,generated_natural
put pepper in pan,put the red pepper inside the metal pot,search,,0.416079143951875,6.4463,-1.5046,0.089,False,64,search_boards
put pepper in pan,put the red pepper inside the silver pot,search,,0.4623428915275327,6.5857,-1.2574,0.0864,False,64,search_boards
put pepper in pan,put the red pepper into the metal pot,search,,0.4914487142064436,6.6734,-1.0697,0.0861,False,64,search_boards
put pepper in pan,drop the red pepper inside the metal pot,search,,0.5538355803603509,6.8615,-0.9229,0.0752,False,64,search_boards
put pepper in pan,"Regarding the shallow receptacle commonly used for frying, it is strictly required that you take hold of the pepper and carefully deposit it directly within that object's boundaries.",adversarial,,0.5568638260117299,6.8706,-1.0675,0.0687,False,64,generated_adversarial
put pepper in pan,The pan needs the pepper placed inside it.,natural,,0.5601025963419025,6.8804,-0.9163,0.0738,False,64,generated_natural
put pepper in pan,put the red pepper in the pot,search,,0.6016059204240412,7.0055,-0.3927,0.0833,False,64,search_boards
put pepper in pan,drop the red pepper into the silver pot,search,,0.6339473376415846,7.103,-0.3746,0.0754,False,64,search_boards
put pepper in pan,place the pepper inside the silver pot,search,,0.7387132501237172,7.4188,0.0463,0.064,False,64,search_boards
put pepper in pan,"Into the pan, please put the pepper.",natural,,0.8310442375982436,7.6971,0.5447,0.059,False,64,generated_natural
put pepper in pan,Can you move the pepper over to the pan?,natural,,0.8580211289295964,7.7784,0.5879,0.0535,False,64,generated_natural
put pepper in pan,Toss the pepper inside the cooking pan for me.,natural,,0.8739477531806228,7.8264,0.7395,0.0552,False,64,generated_natural
put pepper in pan,Place the pepper into the frying pan.,natural,,0.8989013135664059,7.9016,0.9135,0.0554,False,64,generated_natural
put pepper in pan,Transfer the pepper to the pan.,natural,,0.9528640500208668,8.0643,1.1239,0.0493,False,64,generated_natural
put pepper in pan,Set the pepper down in the pan.,natural,,0.9648468850599607,8.1004,1.1651,0.0477,False,64,generated_natural
put pepper in pan,put pepper in pan,original,,1.0,8.2064,1.3938,0.0474,False,64,search_boards
put pepper in pot or pan,put the yellow pepper in the silver pot,search,,0.0,4.4361,-3.0751,0.205,False,64,search_boards
put pepper in pot or pan,place the yellow pepper inside the silver pot,search,,0.0547012680916947,4.5638,-2.48,0.217,False,64,search_boards
put pepper in pot or pan,"Taking care to grasp the dispenser containing the black ground spice, proceed to shift its location until it resides wholly within the interior volume of the pot, or alternatively, the pan.",adversarial,,0.3524583506075874,5.2591,-1.3969,0.1982,False,64,generated_adversarial
put pepper in pot or pan,"You are hereby required to take custody of the shaker dispensing the dark, sneeze-inducing spice and subsequently relinquish it only once it is positioned squarely inside the pot or, if you deem it more suitable, the pan.",adversarial,,0.352503337018732,5.2592,-1.1619,0.2074,False,64,generated_adversarial
put pepper in pot or pan,place the yellow pepper in the pot,search,,0.3782524702726673,5.3193,-1.0813,0.2052,False,64,search_boards
put pepper in pot or pan,"That specific item used to give meals a spicy kick is to be relocated immediately, such that its final resting place is situated directly inside of a pot or, should you so choose, a pan.",adversarial,,0.3816477906156054,5.3272,-1.0622,0.2053,False,64,generated_adversarial
put pepper in pot or pan,"Assuming you are ready to proceed, kindly secure the pungent black seasoning and deposit it within the confines of either the deep boiling vessel or the shallow frying skillet.",adversarial,,0.4651575414045269,5.5222,-0.9699,0.1917,False,64,generated_adversarial
put pepper in pot or pan,Transfer the black pepper over to the pot or pan.,natural,,0.7466692482822983,6.1795,0.103,0.1757,False,64,generated_natural
put pepper in pot or pan,move pepper to pot,search,,0.8218829759421737,6.3551,0.3348,0.1693,False,64,search_boards
put pepper in pot or pan,Place the pepper shaker inside either the pot or the pan.,natural,,0.8277883875479164,6.3689,0.24,0.1644,False,64,generated_natural
put pepper in pot or pan,The pepper needs to go into either the pan or the pot.,natural,,0.8422745831715487,6.4027,0.2773,0.1629,False,64,generated_natural
put pepper in pot or pan,I need you to move the pepper to a pan or a pot.,natural,,0.8540617678064271,6.4303,0.1492,0.1554,False,64,generated_natural
put pepper in pot or pan,place the pepper in the pot,search,,0.8752078820395596,6.4796,0.3397,0.1585,False,64,search_boards
put pepper in pot or pan,"Add the pepper to the pot, or use the pan if you prefer.",natural,,0.8760405565875409,6.4816,0.2748,0.1558,False,64,generated_natural
put pepper in pot or pan,Drop the pepper into the cooking pot or the frying pan.,natural,,0.8852406586331762,6.5031,0.391,0.1585,False,64,generated_natural
put pepper in pot or pan,Grab the pepper and leave it in a pot or pan.,natural,,0.9082381105063608,6.5568,0.4302,0.1553,False,64,generated_natural
put pepper in pot or pan,Can you toss the pepper into the pot or the pan?,natural,,0.9248923107448528,6.5956,0.5237,0.1555,False,64,generated_natural
put pepper in pot or pan,put pepper into pot,search,,0.9728340557648016,6.7076,0.587,0.1481,False,64,search_boards
put pepper in pot or pan,put pepper in pot or pan,original,,1.0,6.771,0.6842,0.1463,False,64,search_boards
put pot in sink,Please locate the item typically used for making soup and deposit it within the basin where dishes are cleaned.,adversarial,,0.0,3.3779,-5.524,0.2023,False,64,generated_adversarial
put pot in sink,"Assuming your primary locomotive functions are fully operational, your immediate objective is to hoist the deep, handled cooking receptacle and meticulously lower it into the plumbing basin designated for dishwashing.",adversarial,,0.0054514180005999,3.4026,-5.0661,0.2181,False,64,generated_adversarial
put pot in sink,"Provided that your actuators are presently unoccupied, it is of the utmost necessity that the pot be conveyed to, and ultimately situated within, the confines of the sink.",adversarial,,0.5063287931320636,5.6675,-1.8517,0.1442,False,64,generated_adversarial
put pot in sink,put the pot of yellow food in the sink,search,,0.5484971762203698,5.8582,-2.3187,0.109,False,64,search_boards
put pot in sink,move the metal pot with yellow food into the sink,search,,0.6151142778027169,6.1594,-1.5959,0.1108,False,64,search_boards
put pot in sink,move the small metal pot of yellow food into the sink,search,,0.6352654431297523,6.2505,-1.4659,0.1079,False,64,search_boards
put pot in sink,"If it would not be an excessive burden, I require you to take hold of the deep metal vessel used for boiling stews and ensure its swift deposition into the sink.",adversarial,,0.6540166243364914,6.3353,-0.925,0.1216,False,64,generated_adversarial
put pot in sink,move the pot of fake food to the sink,search,,0.7279972316010189,6.6699,-0.9187,0.0923,False,64,search_boards
put pot in sink,move the pot in front of the faucet into the sink,search,,0.7331745460162808,6.6933,-0.1288,0.1212,False,64,search_boards
put pot in sink,Transfer the pot to the sink right now.,natural,,0.7951799536065701,6.9737,-0.2198,0.0929,False,64,generated_natural
put pot in sink,place the metal cooking pot in the sink,search,,0.8234256039944032,7.1014,-0.0464,0.0884,False,64,search_boards
put pot in sink,Could you move the metal pot over to the sink?,natural,,0.8290008415825845,7.1266,-0.2303,0.079,False,64,generated_natural
put pot in sink,I need you to drop the pot in the kitchen sink.,natural,,0.8383985182412186,7.1691,0.0588,0.0866,False,64,generated_natural
put pot in sink,Grab that pot and leave it in the sink.,natural,,0.8602303507287814,7.2678,0.3388,0.0889,False,64,generated_natural
put pot in sink,The pot should be placed in the sink.,natural,,0.8717452134371364,7.3199,0.4026,0.0868,False,64,generated_natural
put pot in sink,Please take the pot and set it down inside the sink.,natural,,0.8914576909748001,7.409,0.4969,0.0826,False,64,generated_natural
put pot in sink,Can you stick the pot in the sink for me?,natural,,0.8935972351097846,7.4187,0.4869,0.0813,False,64,generated_natural
put pot in sink,Put the cooking pot into the sink.,natural,,0.90538512942717,7.472,0.4946,0.0769,False,64,generated_natural
put pot in sink,put pot in sink,original,,1.0,7.8998,1.3033,0.0709,False,64,search_boards
put pot on stove which is near stove,"Assuming you have located the specific stovetop fixture positioned in the immediate spatial vicinity of a secondary stovetop fixture, you are to transport the deep cookware vessel and deposit it directly upon that aforementioned fixture.",adversarial,,0.0,2.3945,-4.995,0.3099,False,64,generated_adversarial
put pot on stove which is near stove,"It is required that the cylindrical cooking vessel be conveyed to, and deposited upon, the specific thermal appliance sharing immediate spatial adjacency with the second thermal appliance.",adversarial,,0.1840985839666492,3.3635,-4.7893,0.2324,False,64,generated_adversarial
put pot on stove which is near stove,"If you would be so kind, please proceed to relocate the metallic cooking receptacle onto the surface of the heating appliance that is situated in close proximity to another stove.",adversarial,,0.3434798952575146,4.2024,-3.9139,0.1927,False,64,generated_adversarial
put pot on stove which is near stove,Take the pot and put it on the stove right near the other stove.,natural,,0.4049742639826635,4.5261,-5.1384,0.116,False,64,generated_natural
put pot on stove which is near stove,Transfer the cooking pot over to the stove next to the other stove.,natural,,0.451976259214303,4.7735,-3.4662,0.1598,False,64,generated_natural
put pot on stove which is near stove,Move the metal pot to the adjacent stove.,natural,,0.4801500013744529,4.9218,-2.9565,0.1667,False,64,generated_natural
put pot on stove which is near stove,"Onto the stove nearest the second stove, please place the pot.",natural,,0.4830064668689312,4.9368,-3.6823,0.1369,False,64,generated_natural
put pot on stove which is near stove,Set the saucepan down on the stove close to the other one.,natural,,0.5477832843588138,5.2778,-2.4363,0.1557,False,64,generated_natural
put pot on stove which is near stove,"Regarding the stove characterized primarily by its vicinity to the second stove, it is imperative that the pot be deposited there at once.",adversarial,,0.5852421826050633,5.4749,-3.0972,0.1123,False,64,generated_adversarial
put pot on stove which is near stove,Grab the pot and leave it on the stove beside the other one.,natural,,0.588766492818754,5.4935,-2.5722,0.1313,False,64,generated_natural
put pot on stove which is near stove,set the small silver pot on the stove burner,search,,0.6731443719596993,5.9376,-1.7246,0.1253,False,64,search_boards
put pot on stove which is near stove,put the pot that is in the sink onto the stove,search,,0.7194942468332433,6.1816,-1.4137,0.116,False,64,search_boards
put pot on stove which is near stove,set the pot on the stove burner,search,,0.769774964993361,6.4462,-1.0456,0.1071,False,64,search_boards
put pot on stove which is near stove,set the small silver pot on the stove,search,,0.7861447460400443,6.5324,-0.9617,0.1028,False,64,search_boards
put pot on stove which is near stove,Can you shift that pot to the stove situated by the other stove?,natural,,0.7896097041009518,6.5506,-1.0387,0.0981,False,64,generated_natural
put pot on stove which is near stove,place the pot onto the stove,search,,0.8071400986616573,6.6429,-0.5719,0.1083,False,64,search_boards
put pot on stove which is near stove,set the small pot on the stove,search,,0.8321196806071454,6.7744,-0.6124,0.0951,False,64,search_boards
put pot on stove which is near stove,set the silver pot on the stove,search,,0.8417916443360302,6.8253,-0.6116,0.0906,False,64,search_boards
put pot on stove which is near stove,Place the pot onto the stove that is near the other stove.,natural,,0.8492828010110335,6.8647,-0.6687,0.0849,False,64,generated_natural
put pot on stove which is near stove,put pot on stove which is near stove,original,,1.0,7.658,0.718,0.0693,False,64,search_boards
put pot or pan from sink into drying rack,"Taking the receptacle that one would typically use to fry or boil food, which happens to be stationed in the sink at this moment, transport it such that it rests securely within the confines of the drying apparatus.",adversarial,,0.0,5.2039,-2.8389,0.1464,False,64,generated_adversarial
put pot or pan from sink into drying rack,transfer the silver pot from the sink to the yellow dish drainer,search,,0.1157774147343228,5.5027,-4.146,0.0687,False,64,search_boards
put pot or pan from sink into drying rack,put the metal pot in the yellow rack,search,,0.1197812993488572,5.5131,-4.0039,0.0733,False,64,search_boards
put pot or pan from sink into drying rack,"Provided it is within your operational capabilities, extract the metallic cookware from the water basin and deposit it upon the drying structure.",adversarial,,0.1509037914868632,5.5934,-2.9185,0.1089,False,64,generated_adversarial
put pot or pan from sink into drying rack,transfer the silver pot from the sink into the yellow dish drainer,search,,0.2643828906472476,5.8863,-3.3475,0.0661,False,64,search_boards
put pot or pan from sink into drying rack,place the silver pot from the sink into the yellow dish drainer,search,,0.2726065040020065,5.9075,-3.2271,0.069,False,64,search_boards
put pot or pan from sink into drying rack,"The drying rack, which is designed to drain excess moisture from our kitchenware, is the exact location to which you must now transfer the pan or pot that has been sitting inside the sink.",adversarial,,0.3034766953335008,5.9872,-1.961,0.1117,False,64,generated_adversarial
put pot or pan from sink into drying rack,put the metal pot inside the yellow dish rack,search,,0.3261036665133416,6.0456,-2.8497,0.0716,False,64,search_boards
put pot or pan from sink into drying rack,transfer the pot from the sink into the yellow dish drainer,search,,0.3913296562929628,6.214,-2.5586,0.0682,False,64,search_boards
put pot or pan from sink into drying rack,place the silver pot in the yellow drying basket,search,,0.405064813336473,6.2494,-2.7403,0.0579,False,64,search_boards
put pot or pan from sink into drying rack,transfer the pot from the sink to the dish drainer,search,,0.4913245486584573,6.4721,-2.2283,0.0583,False,64,search_boards
put pot or pan from sink into drying rack,I would be most grateful if you could see to it that the cooking vessel currently residing in the washbasin is swiftly relocated to the slatted rack designated for air-drying.,adversarial,,0.4922320397451951,6.4744,-1.9355,0.0696,False,64,generated_adversarial
put pot or pan from sink into drying rack,move the silver pot from the sink into the yellow drying basket,search,,0.5781911880915028,6.6963,-2.0793,0.0444,False,64,search_boards
put pot or pan from sink into drying rack,transfer the silver pot from within the sink into the yellow drying basket,search,,0.5935044619848867,6.7358,-2.0139,0.0435,False,64,search_boards
put pot or pan from sink into drying rack,Can you shift the pan from the sink into the dish drying rack?,natural,,0.6217554595369792,6.8087,-0.8291,0.0836,False,64,generated_natural
put pot or pan from sink into drying rack,transfer the silver pot from the sink into the yellow drying basket,search,,0.6282485269366574,6.8255,-1.8326,0.0427,False,64,search_boards
put pot or pan from sink into drying rack,place the silver pot from the sink into the yellow drying basket,search,,0.6480490935869118,6.8766,-1.6727,0.0444,False,64,search_boards
put pot or pan from sink into drying rack,Transfer the cookware from the sink over to the drying rack.,natural,,0.6713988884966998,6.9369,-0.9385,0.0679,False,64,generated_natural
put pot or pan from sink into drying rack,Lift the pot out of the sink and leave it to dry in the rack.,natural,,0.7338674757295234,7.0981,-0.8747,0.0562,False,64,generated_natural
put pot or pan from sink into drying rack,Grab that pan out of the sink and place it on the dish rack.,natural,,0.7534792881872342,7.1487,-0.576,0.0635,False,64,generated_natural
put pot or pan from sink into drying rack,Please take the cooking pot out of the sink and set it in the drying rack.,natural,,0.7909796096201974,7.2455,-0.3451,0.064,False,64,generated_natural
put pot or pan from sink into drying rack,Place whichever pot or pan is currently in the sink into the drying rack.,natural,,0.8955418757093492,7.5154,0.2326,0.0628,False,64,generated_natural
put pot or pan from sink into drying rack,Move the pot or pan from the sink to the drying rack.,natural,,0.9286929192065532,7.601,0.2726,0.0568,False,64,generated_natural
put pot or pan from sink into drying rack,Stick the pot or pan that is sitting in the sink onto the drying rack.,natural,,0.9546555403584576,7.668,0.3401,0.0536,False,64,generated_natural
put pot or pan from sink into drying rack,put pot or pan from sink into drying rack,original,,1.0,7.785,0.4954,0.0493,False,64,search_boards
put pot or pan from sink into drying rack,"Ascertain the whereabouts of the frying or boiling implement currently forsaken in the scullery basin, and physically convey said item into the slotted matrix intended for post-wash air exposure.",adversarial,,,,,,True,80,generated_adversarial
put pot or pan in sink,"Provided that you are able to safely grasp it, the flat-bottomed cooking vessel must be swiftly relocated from its current resting place directly into the basin beneath the faucet.",adversarial,,0.0,2.2067,-5.7859,0.2955,False,64,generated_adversarial
put pot or pan in sink,"Disregarding its specific classification as either a pot or a pan, acquire the metal cookware and execute a trajectory that terminates with the item resting fully within the primary drainage basin.",adversarial,,0.2225324699193856,3.3917,-4.7284,0.2323,False,64,generated_adversarial
put pot or pan in sink,"Foregoing any alternative placement, apprehend the stovetop cookware intended for either boiling or searing, and ultimately deposit said vessel into the primary washing basin.",adversarial,,0.2660142157046593,3.6233,-4.8643,0.2065,False,64,generated_adversarial
put pot or pan in sink,"If it would not be too much trouble, please take whichever heavy metal receptacle we use for frying or boiling is currently present and deposit it within the confines of the sink.",adversarial,,0.648497006916449,5.66,-1.7931,0.1472,False,64,generated_adversarial
put pot or pan in sink,Could you move that piece of metal cookware into the kitchen sink for me?,natural,,0.7818176761970329,6.3699,-0.9156,0.1189,False,64,generated_natural
put pot or pan in sink,drop the metal pot inside the sink,search,,0.7992444144588974,6.4627,-0.5793,0.1239,False,64,search_boards
put pot or pan in sink,"Into the sink with the pan or the pot, please.",natural,,0.8214388638218977,6.5809,-0.2421,0.1267,False,64,generated_natural
put pot or pan in sink,Grab the stovetop pot or skillet and transfer it over to the sink.,natural,,0.823584359133294,6.5923,-0.6603,0.1093,False,64,generated_natural
put pot or pan in sink,place the metal pot inside the sink,search,,0.8398948174318434,6.6791,-0.4486,0.1099,False,64,search_boards
put pot or pan in sink,place the small metal pot in the sink,search,,0.8512680850587331,6.7397,-0.3064,0.1102,False,64,search_boards
put pot or pan in sink,put the metal pot in the sink,search,,0.860758035417133,6.7902,-0.261,0.1075,False,64,search_boards
put pot or pan in sink,Drop the frying pan or cooking pot right into the sink.,natural,,0.8792784268468777,6.8889,-0.2317,0.0999,False,64,generated_natural
put pot or pan in sink,put metal pot in sink,search,,0.8830158326203875,6.9088,0.1061,0.1114,False,64,search_boards
put pot or pan in sink,Take the pot or the pan and leave it in the sink to be washed.,natural,,0.9074513354975948,7.0389,0.141,0.1013,False,64,generated_natural
put pot or pan in sink,Just leave the pot or the pan in the sink for now.,natural,,0.9451922903050356,7.2398,0.3508,0.0918,False,64,generated_natural
put pot or pan in sink,Stick either the pot or the pan inside the sink.,natural,,0.9575682861330304,7.3057,0.3916,0.0876,False,64,generated_natural
put pot or pan in sink,Please place the pot or pan into the sink.,natural,,0.9747037416144346,7.397,0.4951,0.0836,False,64,generated_natural
put pot or pan in sink,put pot or pan in sink,original,,1.0,7.5317,0.6111,0.0762,False,64,search_boards
put pot or pan on stove,put the silver pot on the left burner,search,,0.0,1.6645,-7.7344,0.2668,False,64,search_boards
put pot or pan on stove,set the silver pot on the left stove burner,search,,0.0699294905314769,2.0696,-7.7151,0.2318,False,64,search_boards
put pot or pan on stove,set the silver pot on the left burner,search,,0.1056563819447694,2.2766,-7.1307,0.2365,False,64,search_boards
put pot or pan on stove,"In the event that your grasping mechanism is unencumbered, identify the nearest available cookware intended for either sautéing or boiling, secure a firm hold upon it, and subsequently execute a trajectory that terminates with said item resting squarely over the main burners of the kitchen range.",adversarial,,0.3409804341462164,3.64,-5.2962,0.1881,False,64,generated_adversarial
put pot or pan on stove,"If it is not too much trouble to execute at this moment, kindly ensure that the deep receptacle utilized for preparing soups, or alternatively its shallower counterpart used for searing, is securely deposited atop the domestic cooking range.",adversarial,,0.4033120328610778,4.0011,-4.7538,0.1775,False,64,generated_adversarial
put pot or pan on stove,"Irrespective of your preference between the deep boiling vessel and the shallow frying receptacle, see to it that one of them comes to rest atop the primary kitchen heating appliance.",adversarial,,0.4229966289759474,4.1151,-4.8471,0.1637,False,64,generated_adversarial
put pot or pan on stove,"Assuming the thermal food preparation surface is currently unoccupied, I would be exceedingly grateful if you could see to it that a metallic vessel designed for boiling or frying is relocated to rest directly upon it.",adversarial,,0.4444727615588181,4.2396,-4.4762,0.1673,False,64,generated_adversarial
put pot or pan on stove,set the silver cooking pot on the burner,search,,0.5867724447544322,5.064,-4.0664,0.1106,False,64,search_boards
put pot or pan on stove,Just pop the metal cookware onto the cooker for me.,natural,,0.6239667970822929,5.2795,-3.4029,0.1176,False,64,generated_natural
put pot or pan on stove,place the silver pot on the stove burner,search,,0.7082144125340191,5.7675,-2.707,0.1018,False,64,search_boards
put pot or pan on stove,place the small silver pot on the stove,search,,0.7491627265906066,6.0048,-2.0969,0.1048,False,64,search_boards
put pot or pan on stove,put the silver pot on the stove burner,search,,0.7537048912087164,6.0311,-2.0917,0.1027,False,64,search_boards
put pot or pan on stove,set the small metal pot on the stove,search,,0.7980218952957157,6.2878,-1.5674,0.1006,False,64,search_boards
put pot or pan on stove,Set either a pan or a pot on the burner.,natural,,0.8598220143595174,6.6459,-0.702,0.1029,False,64,generated_natural
put pot or pan on stove,Grab a frying pan or a pot and leave it on the stovetop.,natural,,0.8698855603250005,6.7042,-0.7817,0.0946,False,64,generated_natural
put pot or pan on stove,"On the stove, please position a pot or a pan.",natural,,0.8860582312724732,6.7979,-0.6238,0.0926,False,64,generated_natural
put pot or pan on stove,Could you move the pot or the pan to the stove?,natural,,0.9608125150565644,7.231,0.1119,0.0832,False,64,generated_natural
put pot or pan on stove,Place a pot or pan onto the stovetop.,natural,,0.9673681675917998,7.2689,0.2332,0.0846,False,64,generated_natural
put pot or pan on stove,Take a pot or a pan and set it down on the stove.,natural,,0.9687354501365396,7.2769,0.0268,0.0758,False,64,generated_natural
put pot or pan on stove,Please put the cooking pot or pan on top of the stove.,natural,,0.9724156191715588,7.2982,0.0876,0.0763,False,64,generated_natural
put pot or pan on stove,put pot or pan on stove,original,,1.0,7.458,0.5986,0.0823,False,64,search_boards
put pot or pan on stove,"With careful precision, select either the tall cylindrical vessel typically reserved for making soups or the wide, flat-bottomed skillet used for searing, and meticulously transfer your chosen piece of cookware until it is fully supported by the upper burners of the cooking range.",adversarial,,,,,,True,80,generated_adversarial
put potato in pot cardboard fence,"Assuming you have identified the unpeeled root crop, transport it immediately to the culinary vessel situated within the corrugated paper fence and deposit it inside.",adversarial,,0.0,2.0235,-8.0076,0.2244,False,64,generated_adversarial
put potato in pot cardboard fence,It is of the utmost importance that you apprehend the edible solanaceous tuber and meticulously guide its trajectory downward until it is fully contained within the boiling vessel barricaded by the folded paperboard perimeter.,adversarial,,0.3116255137879695,4.0002,-4.8272,0.1747,False,64,generated_adversarial
put potato in pot cardboard fence,"Proceed to enact a spatial relocation of the raw tuber, ensuring that its terminal destination is the interior cavity of the receptacle guarded by the cardboard fence.",adversarial,,0.3883605377145324,4.4869,-3.7402,0.1744,False,64,generated_adversarial
put potato in pot cardboard fence,Move that brown spud over to the cardboard-fenced pot.,natural,,0.4174090829930122,4.6712,-3.3949,0.1716,False,64,generated_natural
put potato in pot cardboard fence,move the potato into the orange pot,search,,0.5298490391776307,5.3844,-2.309,0.1513,False,64,search_boards
put potato in pot cardboard fence,put the yellow potato in the orange pot,search,,0.5513642774276142,5.5209,-2.1377,0.1459,False,64,search_boards
put potato in pot cardboard fence,put the yellow potato in the orange cup,search,,0.5800153792338173,5.7026,-1.9215,0.1384,False,64,search_boards
put potato in pot cardboard fence,"Provided that the workspace is clear, I would be most grateful if you could secure the starchy brown agricultural product and subsequently deposit it into the cooking pot stationed within the cardboard fence.",adversarial,,0.5913072946926966,5.7743,-2.5621,0.1069,False,64,generated_adversarial
put potato in pot cardboard fence,place the yellow potato in the orange pot,search,,0.617916606200254,5.943,-1.7406,0.1242,False,64,search_boards
put potato in pot cardboard fence,Pop the raw tuber into the pot located within the cardboard fencing.,natural,,0.6670757912021245,6.2549,-0.8931,0.13,False,64,generated_natural
put potato in pot cardboard fence,put the yellow potato in the pot,search,,0.6699497908966715,6.2731,-1.9606,0.0864,False,64,search_boards
put potato in pot cardboard fence,Transfer the starchy vegetable into the pot that has the cardboard fence around it.,natural,,0.6886471679207078,6.3917,-0.8738,0.1186,False,64,generated_natural
put potato in pot cardboard fence,place potato in orange pot,search,,0.7210641135521013,6.5973,-1.1911,0.088,False,64,search_boards
put potato in pot cardboard fence,Go ahead and toss the potato into the pot that's fenced in by cardboard.,natural,,0.9208405287035096,7.8645,0.7963,0.0541,False,64,generated_natural
put potato in pot cardboard fence,"Over by the cardboard fence, put the potato into the pot.",natural,,0.9434085776014705,8.0077,0.8414,0.0432,False,64,generated_natural
put potato in pot cardboard fence,Can you grab the potato and set it in the pot with the cardboard fence?,natural,,0.94776433751752,8.0353,0.974,0.046,False,64,generated_natural
put potato in pot cardboard fence,Drop the potato into the pot surrounded by the cardboard fence.,natural,,0.972277116159236,8.1908,1.3305,0.0463,False,64,generated_natural
put potato in pot cardboard fence,Place the potato into the pot inside the cardboard fence.,natural,,0.9852027146860104,8.2728,1.4094,0.0421,False,64,generated_natural
put potato in pot cardboard fence,put potato in pot cardboard fence,original,,1.0,8.3666,1.6179,0.042,False,64,search_boards
put potato in pot or pan,put the yellow potato inside the metal pot,search,,0.0,5.8468,-1.4946,0.1424,False,64,search_boards
put potato in pot or pan,"The item most commonly utilized to make French fries should be relocated such that it rests within the confines of the pot, or alternatively, the pan.",adversarial,,0.0318906406614421,5.8915,-1.2604,0.1476,False,64,generated_adversarial
put potato in pot or pan,place the yellow potato into the metal pot,search,,0.1395856498167603,6.0423,-1.2242,0.1357,False,64,search_boards
put potato in pot or pan,put the yellow potato in the metal pot,search,,0.1599460817063632,6.0708,-1.1005,0.1381,False,64,search_boards
put potato in pot or pan,put the yellow potato into the metal pot,search,,0.1804142461803421,6.0995,-1.0419,0.1379,False,64,search_boards
put potato in pot or pan,Please transfer the brown root vegetable into the pot or the pan.,natural,,0.2678871426128667,6.222,-0.7238,0.1395,False,64,generated_natural
put potato in pot or pan,"If it would not be too much trouble, could you kindly ensure that the starchy brown tuber finds its way into either the pot or the pan.",adversarial,,0.3463548577087744,6.3319,-0.6574,0.1324,False,64,generated_adversarial
put potato in pot or pan,Toss that spud in a pot or a pan.,natural,,0.5683586394790069,6.6428,0.0028,0.1309,False,64,generated_natural
put potato in pot or pan,"Assuming the cooking receptacle is ready, whether it be the pot or the pan, deposit the potato directly into it.",adversarial,,0.6204696317117373,6.7158,-0.246,0.1147,False,64,generated_adversarial
put potato in pot or pan,The pot or the pan needs the potato placed inside it.,natural,,0.7158046466195003,6.8493,-0.015,0.1119,False,64,generated_natural
put potato in pot or pan,"With regard to the potato, it is imperative that you execute a transfer maneuver terminating in either the pot or the pan.",adversarial,,0.7528593544698191,6.9012,-0.0651,0.1054,False,64,generated_adversarial
put potato in pot or pan,Pick up the potato and set it down inside either the pot or the pan.,natural,,0.7943153216733746,6.9593,0.2576,0.1129,False,64,generated_natural
put potato in pot or pan,Grab the potato and drop it in the pot or pan.,natural,,0.8259174070690128,7.0036,0.3094,0.111,False,64,generated_natural
put potato in pot or pan,drop the potato into the pot,search,,0.8422977536272098,7.0265,0.229,0.1059,False,64,search_boards
put potato in pot or pan,Move the potato over to the pot or pan.,natural,,0.865120701665697,7.0585,0.4961,0.1135,False,64,generated_natural
put potato in pot or pan,"Put the potato in the pot, or use the pan instead.",natural,,0.9141952120617072,7.1272,0.4855,0.107,False,64,generated_natural
put potato in pot or pan,put potato in pot,search,,0.9459905286408808,7.1717,0.3357,0.0972,False,64,search_boards
put potato in pot or pan,Place the potato into either the pot or the pan.,natural,,0.9523482785364712,7.1806,0.5781,0.106,False,64,generated_natural
put potato in pot or pan,put potato in pot or pan,original,,1.0,7.2474,0.6289,0.1021,False,64,search_boards
put potato on plate,It is imperative that the raw material for hash browns be conveyed immediately to the center of the dining platter.,adversarial,,0.0,3.1822,-7.336,0.1484,False,64,generated_adversarial
put potato on plate,"Assuming it is within your operational parameters, kindly elevate the starchy brown tuber and deposit it directly atop the flat circular vessel meant for serving food.",adversarial,,0.1154360328364725,3.7179,-6.0589,0.1512,False,64,generated_adversarial
put potato on plate,"Should your current programming permit, please execute a secure grasp on the unpeeled starchy root and translate it through the workspace until it is deposited upon the flat ceramic plate.",adversarial,,0.2979988131853565,4.565,-5.0537,0.1159,False,64,generated_adversarial
put potato on plate,"With the ultimate goal of meal preparation in mind, the item from which french fries are traditionally made must be relocated so that it rests securely upon the plate.",adversarial,,0.3762796911996076,4.9282,-4.1372,0.1198,False,64,generated_adversarial
put potato on plate,Set the spud on top of the plate.,natural,,0.4528676527647054,5.2836,-3.7467,0.1037,False,64,generated_natural
put potato on plate,Grab the brown root vegetable and set it on the plate.,natural,,0.5226418950692676,5.6073,-2.8232,0.1114,False,64,generated_natural
put potato on plate,The plate needs to have the potato placed on it.,natural,,0.8642961819630962,7.1926,-0.1072,0.078,False,64,generated_natural
put potato on plate,Can you move the potato onto the plate for me?,natural,,0.9332002432203494,7.5123,0.4456,0.0715,False,64,generated_natural
put potato on plate,Pick up the potato and lay it down on the plate.,natural,,0.933361870911286,7.5131,0.4184,0.0703,False,64,generated_natural
put potato on plate,place the potato onto the pink plate,search,,0.9459622368657754,7.5715,0.4047,0.0646,False,64,search_boards
put potato on plate,Transfer the potato to the plate.,natural,,0.9695235155870592,7.6809,0.6488,0.0645,False,64,generated_natural
put potato on plate,"Pop the potato onto the plate, please.",natural,,0.984003021921392,7.7481,0.6677,0.0593,False,64,generated_natural
put potato on plate,put the potato on pink plate,search,,0.984913925699348,7.7523,0.6683,0.059,False,64,search_boards
put potato on plate,Place the potato onto the plate.,natural,,0.9875253079207058,7.7644,0.7013,0.0592,False,64,generated_natural
put potato on plate,place potato on red plate,search,,0.9885157388663516,7.769,0.6395,0.0564,False,64,search_boards
put potato on plate,put potato on pink plate,search,,0.9906695862408178,7.779,0.6746,0.0569,False,64,search_boards
put potato on plate,put potato on plate,original,,1.0,7.8223,0.8788,0.0611,False,64,search_boards
put red bottle in sink,"Disregard all other items and focus your manipulators on the scarlet hydration cylinder, conveying it through the air until it can be released into the cavity of the dish-washing basin.",adversarial,,0.0,4.4083,-4.6009,0.1475,False,64,generated_adversarial
put red bottle in sink,"If it would not be too much trouble, I require you to transport the red cylindrical drinking object and deposit it directly into the plumbing fixture used for washing.",adversarial,,0.2891317948740848,5.4743,-3.0675,0.1135,False,64,generated_adversarial
put red bottle in sink,Identify the beverage container colored like a fire engine and shift its position until it resides completely inside the kitchen's water drain area.,adversarial,,0.4346947346499069,6.0109,-2.5641,0.0859,False,64,generated_adversarial
put red bottle in sink,Ensure that the crimson vessel designed for holding liquids finds its final resting place within the confines of the washing basin.,adversarial,,0.4902942067525173,6.2159,-1.7975,0.0979,False,64,generated_adversarial
put red bottle in sink,Take the red bottle and put it in the washbasin.,natural,,0.7274238579781692,7.0901,-0.3893,0.076,False,64,generated_natural
put red bottle in sink,place the red bottle in the basin,search,,0.7289684626139439,7.0957,-0.3207,0.0782,False,64,search_boards
put red bottle in sink,Drop the red drink container in the sink.,natural,,0.8589178571199025,7.5748,0.4572,0.0664,False,64,generated_natural
put red bottle in sink,Set the red colored bottle inside the kitchen sink.,natural,,0.902213997325639,7.7344,0.7279,0.0629,False,64,generated_natural
put red bottle in sink,Can you move that red bottle over to the sink?,natural,,0.937156611758339,7.8633,0.8033,0.0545,False,64,generated_natural
put red bottle in sink,grab the red bottle and drop it in the sink,search,,0.9458332239492808,7.8952,0.9013,0.0555,False,64,search_boards
put red bottle in sink,Place the red bottle into the sink.,natural,,0.964792016495586,7.9651,1.1107,0.0576,False,64,generated_natural
put red bottle in sink,grab the red bottle and place it in the sink,search,,0.9677462721742108,7.976,1.0994,0.0562,False,64,search_boards
put red bottle in sink,grab the red bottle and put it in the sink,search,,0.9685952181417417,7.9792,1.0946,0.0557,False,64,search_boards
put red bottle in sink,Grab that red bottle for me and leave it in the sink.,natural,,0.9741422544634152,7.9996,0.9702,0.049,False,64,generated_natural
put red bottle in sink,Stick the red bottle in the sink.,natural,,0.9840282554618818,8.036,1.1101,0.0513,False,64,generated_natural
put red bottle in sink,The red bottle goes into the sink.,natural,,0.9863097942895112,8.0445,1.1211,0.051,False,64,generated_natural
put red bottle in sink,drop the red bottle into the sink,search,,0.987432863041686,8.0486,1.1647,0.0523,False,64,search_boards
put red bottle in sink,put red bottle in sink,original,,0.9984205592671206,8.0891,1.3329,0.0553,False,64,search_boards
put red bottle in sink,place red bottle in the sink,search,,1.0,8.0949,1.2616,0.052,False,64,search_boards
put redcube in pan and put pan on stove,"Take the red block and drop it in the skillet, and put the skillet on the burner.",natural,,0.0,5.2336,-2.9049,0.1412,False,64,generated_natural
put redcube in pan and put pan on stove,"Kindly deposit the crimson geometric solid into the cooking vessel, and subsequently transfer said vessel to the surface where one would typically apply heat to food.",adversarial,,0.3643366061043554,6.1479,-1.7804,0.1046,False,64,generated_adversarial
put redcube in pan and put pan on stove,"Prior to situating the skillet upon the uppermost heating element of the kitchen appliance, it is absolutely required that the six-sided red object be nested entirely within it.",adversarial,,0.476507391938793,6.4294,-1.8297,0.0778,False,64,generated_adversarial
put redcube in pan and put pan on stove,"Assuming you have safely deposited the scarlet cuboid inside the shallow cooking receptacle, your final duty is to transport that receptacle directly to the kitchen's primary heating appliance.",adversarial,,0.4922269186824947,6.4688,-1.9683,0.0688,False,64,generated_adversarial
put redcube in pan and put pan on stove,"Contingent upon your successful relocation of the ruby-hued block into the primary cooking vessel, you are then formally instructed to shift that vessel onto the kitchen's main heating appliance.",adversarial,,0.5023576457968728,6.4942,-1.8773,0.0702,False,64,generated_adversarial
put redcube in pan and put pan on stove,"First place the red cube into the frying pan, and after that, put the pan on the burner.",natural,,0.5489085965466571,6.6111,-0.6581,0.1077,False,64,generated_natural
put redcube in pan and put pan on stove,put the red toy in the metal pot and place the pot on the stove,search,,0.6410047992625868,6.8422,-1.0522,0.0718,False,64,search_boards
put redcube in pan and put pan on stove,Set the frying pan on the stovetop with the red cube inside it.,natural,,0.7606447413168306,7.1424,-0.2457,0.077,False,64,generated_natural
put redcube in pan and put pan on stove,"Move the crimson block into the cooking pan, then place that pan onto the cooker.",natural,,0.8165684396172402,7.2828,-0.0034,0.0741,False,64,generated_natural
put redcube in pan and put pan on stove,Can you toss that red square into the pan and then set the pan on the stove?,natural,,0.8905687256975577,7.4685,0.4838,0.0768,False,64,generated_natural
put redcube in pan and put pan on stove,put redcube in pan and put pan on stove,original,,0.9265368486803992,7.5587,0.875,0.0842,False,64,search_boards
put redcube in pan and put pan on stove,Put the red cube in the pan and leave the pan on the stove.,natural,,0.9436474057453252,7.6017,0.8004,0.0775,False,64,generated_natural
put redcube in pan and put pan on stove,put the red block in the pan and put the pan on the stove burner,search,,0.9490155078260708,7.6151,0.5945,0.0682,False,64,search_boards
put redcube in pan and put pan on stove,place red block in pan and move pan to stove burner,search,,0.9493011105878764,7.6159,0.6489,0.0703,False,64,search_boards
put redcube in pan and put pan on stove,put the red block in the pan and put the pan on the stove,search,,0.9518876999117196,7.6223,0.6223,0.0687,False,64,search_boards
put redcube in pan and put pan on stove,put the red block in the pan and place the pan on the stove burner,search,,0.9545822880949903,7.6291,0.6684,0.0699,False,64,search_boards
put redcube in pan and put pan on stove,Pop the red cube into the pan and shift the pan over to the stove.,natural,,0.9605276575882492,7.644,0.7035,0.0699,False,64,generated_natural
put redcube in pan and put pan on stove,put the red block in the pan and set the pan on the stove,search,,0.9638035993152024,7.6522,0.6572,0.0674,False,64,search_boards
put redcube in pan and put pan on stove,put the red block in the pan and set the pan on the stove burner,search,,0.9665285619179002,7.6591,0.6402,0.0661,False,64,search_boards
put redcube in pan and put pan on stove,"Place the red cube inside the pan, then move the pan to the stove.",natural,,0.978545947773342,7.6892,0.7827,0.0691,False,64,generated_natural
put redcube in pan and put pan on stove,place red block in the pan and put the pan on the stove burner,search,,0.9924285765543208,7.7241,0.6814,0.062,False,64,search_boards
put redcube in pan and put pan on stove,put red block inside the pan and put the pan on the stove burner,search,,0.9995324649888876,7.7419,0.7501,0.0631,False,64,search_boards
put redcube in pan and put pan on stove,place red block inside the pan and put the pan on the stove burner,search,,1.0,7.7431,0.7077,0.0614,False,64,search_boards
put small spoon from basket to tray,"Provided that the basket contains a miniature utensil typically utilized for stirring tea, retrieve said implement and subsequently establish its new resting place atop the tray.",adversarial,,0.0,5.5279,-1.7516,0.1605,False,64,generated_adversarial
put small spoon from basket to tray,"Commence by reaching into the basket to secure the undersized eating utensil typically used for liquids, completing the operation by depositing it onto the surface of the tray.",adversarial,,0.0227597187566159,5.5711,-1.9367,0.1494,False,64,generated_adversarial
put small spoon from basket to tray,"I require you to extricate the noticeably undersized stirring utensil from its current location inside the basket, whereupon you must navigate it to a final resting place on the tray.",adversarial,,0.086920374481946,5.6928,-1.916,0.1395,False,64,generated_adversarial
put small spoon from basket to tray,"It would be most advantageous if you were to carefully extract the diminutive scooping tool from the confines of the basket, conveying it forthwith to its designated destination upon the tray.",adversarial,,0.2232907715023075,5.9515,-1.6291,0.1279,False,64,generated_adversarial
put small spoon from basket to tray,Transfer the teaspoon that's in the basket over to the tray.,natural,,0.3568233280852459,6.2049,-0.7992,0.1381,False,64,generated_natural
put small spoon from basket to tray,Grab the little spoon from the basket for me and drop it on the tray.,natural,,0.6880107764221639,6.8332,-0.3019,0.1021,False,64,generated_natural
put small spoon from basket to tray,Pick up the tiny spoon sitting in the basket and rest it on the tray.,natural,,0.7128927267583478,6.8804,-0.3868,0.0946,False,64,generated_natural
put small spoon from basket to tray,place the small spoon from the grey container to the tray,search,,0.8341314497320322,7.1104,-0.1736,0.0826,False,64,search_boards
put small spoon from basket to tray,move small spoon from basket to tray,search,,0.8563259707018351,7.1525,0.178,0.0927,False,64,search_boards
put small spoon from basket to tray,Move the little spoon out of the basket and onto the tray.,natural,,0.8601836418785757,7.1598,0.0571,0.0873,False,64,generated_natural
put small spoon from basket to tray,"There is a small spoon in the basket, please set it on the tray.",natural,,0.8745815328062772,7.1871,-0.0278,0.0816,False,64,generated_natural
put small spoon from basket to tray,transfer small spoon from basket to tray,search,,0.9103378274950152,7.2549,0.2214,0.0854,False,64,search_boards
put small spoon from basket to tray,place small spoon from basket to tray,search,,0.931509557419104,7.2951,0.2601,0.0834,False,64,search_boards
put small spoon from basket to tray,Take the small spoon out of the basket and put it on the tray.,natural,,0.9424869381689788,7.3159,0.1753,0.0782,False,64,generated_natural
put small spoon from basket to tray,Can you grab the small spoon from the basket and place it on the tray?,natural,,0.9476767190311282,7.3258,0.1154,0.075,False,64,generated_natural
put small spoon from basket to tray,transfer the small spoon from basket to tray,search,,0.9606512960286712,7.3504,0.3061,0.0803,False,64,search_boards
put small spoon from basket to tray,transfer the small spoon from the basket to the tray,search,,0.9739900154533532,7.3757,0.2576,0.0761,False,64,search_boards
put small spoon from basket to tray,put small spoon from basket to tray,original,,0.9786887066352083,7.3846,0.3724,0.0799,False,64,search_boards
put small spoon from basket to tray,put the small spoon from basket to tray,search,,0.9817023240832758,7.3903,0.3125,0.077,False,64,search_boards
put small spoon from basket to tray,Please relocate the small spoon from the basket to the tray.,natural,,1.0,7.425,0.2456,0.0713,False,64,generated_natural
put spatula in pan,"Should you find yourself capable of doing so, please secure the implement whose primary function is turning hot food, and ensure it is deposited firmly inside the metallic frying receptacle.",adversarial,,0.0,5.345,-3.3799,0.1127,False,64,generated_adversarial
put spatula in pan,I would be exceedingly grateful if you were to take the implement typically utilized for flipping food and deposit it directly into the cooking vessel.,adversarial,,0.1783106838252545,5.8019,-2.2784,0.1156,False,64,generated_adversarial
put spatula in pan,"Focusing your attention on the broad-bladed flipping utensil, execute a trajectory that terminates with said object resting securely inside the pan.",adversarial,,0.4364417505081608,6.4635,-1.2259,0.0985,False,64,generated_adversarial
put spatula in pan,put the spatula in the pot,search,,0.4378692946208098,6.4671,-1.3135,0.0947,False,64,search_boards
put spatula in pan,Put the flat flipper inside the pan.,natural,,0.4512881664576554,6.5015,-1.4965,0.0845,False,64,generated_natural
put spatula in pan,place the spatula in the pot,search,,0.475884173861853,6.5646,-1.0069,0.0981,False,64,search_boards
put spatula in pan,put spatula into pot,search,,0.6156335920254806,6.9227,-0.4837,0.087,False,64,search_boards
put spatula in pan,"Provided you are able to grasp it securely, please ensure the spatula finds its final resting place positioned entirely within the confines of the pan.",adversarial,,0.6266716522774771,6.951,-0.3314,0.0905,False,64,generated_adversarial
put spatula in pan,Move the spatula over to the pan.,natural,,0.6282279045086607,6.955,-0.5293,0.0824,False,64,generated_natural
put spatula in pan,Could you drop the spatula in the pan for me?,natural,,0.7357244083249792,7.2305,0.1388,0.0843,False,64,generated_natural
put spatula in pan,Take the spatula and lay it down in the pan.,natural,,0.7384568483747517,7.2375,0.0965,0.082,False,64,generated_natural
put spatula in pan,Grab the spatula and set it inside the pan.,natural,,0.7938380059899646,7.3794,0.2852,0.0769,False,64,generated_natural
put spatula in pan,Toss that spatula right into the pan.,natural,,0.847048624371111,7.5158,0.4114,0.0698,False,64,generated_natural
put spatula in pan,Place the spatula into the pan.,natural,,0.908397848958966,7.673,0.5901,0.0629,False,64,generated_natural
put spatula in pan,Pop the spatula in the pan.,natural,,0.9149267101838876,7.6897,0.6618,0.0643,False,64,generated_natural
put spatula in pan,put spatula inside the pan,search,,0.9406719432276452,7.7557,0.7322,0.0612,False,64,search_boards
put spatula in pan,place spatula in pan,search,,0.956642397782951,7.7967,0.8381,0.0617,False,64,search_boards
put spatula in pan,put spatula in the pan,search,,0.9726203466161027,7.8376,0.9356,0.062,False,64,search_boards
put spatula in pan,put spatula in pan,original,,1.0,7.9078,0.9858,0.0577,False,64,search_boards
put spatula on cutting board,"Provided the prep area is clear, kindly take the flat utensil typically utilized for flipping pancakes and deposit it squarely upon the board designated for slicing.",adversarial,,0.0,3.1665,-7.009,0.1626,False,64,generated_adversarial
put spatula on cutting board,"Notwithstanding any other ongoing kitchen activities, it is imperative that you grasp the primary flipping utensil and execute a transfer trajectory that terminates with said implement resting flatly atop the dedicated chopping block.",adversarial,,0.0162120078482105,3.2544,-7.4294,0.1384,False,64,generated_adversarial
put spatula on cutting board,It would be highly appreciated if the broad-bladed culinary tool were to find its new resting place atop the flat board used for dicing ingredients.,adversarial,,0.0499522847977918,3.4373,-5.7826,0.1869,False,64,generated_adversarial
put spatula on cutting board,Could you move the spatula over to the chopping board?,natural,,0.729356121334481,7.1199,-0.1975,0.0809,False,64,generated_natural
put spatula on cutting board,"Should you be capable of manipulating the workspace, it is strictly required that the spatula be conveyed from its current coordinates to reside directly upon the cutting board.",adversarial,,0.7455533605420613,7.2077,-0.5114,0.0608,False,64,generated_adversarial
put spatula on cutting board,put the spatula on the board,search,,0.8059327259654163,7.535,0.2742,0.0627,False,64,search_boards
put spatula on cutting board,Take the cooking spatula and leave it on the cutting board.,natural,,0.8483653681511849,7.765,0.7065,0.0594,False,64,generated_natural
put spatula on cutting board,Transfer that spatula over to the surface of the cutting board.,natural,,0.8813225192900603,7.9436,1.1358,0.0605,False,64,generated_natural
put spatula on cutting board,Grab the spatula and set it down on the cutting board.,natural,,0.8945746259191993,8.0154,1.193,0.0564,False,64,generated_natural
put spatula on cutting board,Set the spatula on the cutting board for me.,natural,,0.8978765777006456,8.0333,1.2476,0.0569,False,64,generated_natural
put spatula on cutting board,I need the spatula resting on the cutting board.,natural,,0.9094610258557704,8.0961,1.3799,0.0566,False,64,generated_natural
put spatula on cutting board,Put the spatula right on top of the cutting board.,natural,,0.9108626232075638,8.1037,1.3637,0.0553,False,64,generated_natural
put spatula on cutting board,place the spatula on top of the cutting board,search,,0.9263146358311491,8.1875,1.4544,0.0514,False,64,search_boards
put spatula on cutting board,set the spatula on the green cutting board,search,,0.9264054304567896,8.188,1.4003,0.0492,False,64,search_boards
put spatula on cutting board,set the spatula on top of the cutting board,search,,0.9373854043057306,8.2475,1.5655,0.0505,False,64,search_boards
put spatula on cutting board,Place the spatula onto the cutting board.,natural,,0.9503217936049844,8.3176,1.6478,0.0475,False,64,generated_natural
put spatula on cutting board,place the spatula on the cutting board,search,,0.9604646965091612,8.3726,1.6478,0.0427,False,64,search_boards
put spatula on cutting board,lay the spatula on the cutting board,search,,0.967317141196892,8.4097,1.7435,0.0431,False,64,search_boards
put spatula on cutting board,put spatula on cutting board,original,,1.0,8.5869,2.0319,0.0388,False,64,search_boards
put spatula on cutting board,"Assuming your grippers are currently unencumbered, I require that you acquire the wide-headed turning utensil and transport it to a stationary position directly atop the slab reserved for slicing tasks.",adversarial,,,,,,True,80,generated_adversarial
put spatula on plate sink,"Regarding the handheld implement designed for lifting food, kindly transport said item to the uppermost surface of the circular eating vessel located at the sink.",adversarial,,0.0,1.1812,-8.7099,0.2712,False,64,generated_adversarial
put spatula on plate sink,"Direct your manipulators to grasp the cooking implement used for scraping and sliding under food, subsequently depositing it upon the flat eating vessel that currently resides in the kitchen washbasin.",adversarial,,0.0939315699498313,1.8049,-8.1596,0.2378,False,64,generated_adversarial
put spatula on plate sink,"If it is not too much trouble, I would greatly appreciate it if you could relocate the flat cooking utensil used for flipping things so that it comes to rest upon the ceramic dish currently situated within the washbasin.",adversarial,,0.2467661178516117,2.8196,-6.1191,0.2282,False,64,generated_adversarial
put spatula on plate sink,It is required that the broad-bladed culinary utensil be deposited upon the shallow ceramic tableware presently occupying the water basin.,adversarial,,0.3813898896824371,3.7134,-5.013,0.1927,False,64,generated_adversarial
put spatula on plate sink,put the small spatula into the blue bowl,search,,0.5202707617781211,4.6355,-2.8845,0.1948,False,64,search_boards
put spatula on plate sink,Move the flipper over to the plate resting inside the sink.,natural,,0.5290680066187224,4.6939,-4.0281,0.1448,False,64,generated_natural
put spatula on plate sink,place the green spatula in the blue bowl,search,,0.5308281521230288,4.7055,-2.7597,0.1935,False,64,search_boards
put spatula on plate sink,Take the spatula and leave it on the dish at the sink.,natural,,0.6478614941868989,5.4826,-2.415,0.1384,False,64,generated_natural
put spatula on plate sink,Transfer the turner to the plate in the sink basin.,natural,,0.6966577196013467,5.8065,-2.4578,0.1081,False,64,generated_natural
put spatula on plate sink,place the green spatula inside the blue bowl in the sink,search,,0.7001777207943648,5.8299,-1.6061,0.1395,False,64,search_boards
put spatula on plate sink,place the small spatula in the blue bowl in the sink,search,,0.7347202160496054,6.0592,-1.4399,0.1258,False,64,search_boards
put spatula on plate sink,Place that spatula onto the dish by the sink.,natural,,0.7676821300880742,6.2781,-0.9233,0.1267,False,64,generated_natural
put spatula on plate sink,set the spatula in the blue bowl inside the sink,search,,0.7852862365107829,6.395,-1.0579,0.1111,False,64,search_boards
put spatula on plate sink,place the spatula in the blue bowl inside the sink,search,,0.7900734016866078,6.4267,-0.9889,0.111,False,64,search_boards
put spatula on plate sink,Set the metal spatula down on the sink plate.,natural,,0.8408285878282277,6.7637,-0.4154,0.1038,False,64,generated_natural
put spatula on plate sink,Please rest the spatula on top of the plate over in the sink.,natural,,0.9272863614690744,7.3377,0.3642,0.0837,False,64,generated_natural
put spatula on plate sink,Can you drop the spatula on the plate that is in the sink?,natural,,0.9306544781895462,7.3601,0.4139,0.0837,False,64,generated_natural
put spatula on plate sink,Put the spatula on the plate in the sink.,natural,,0.9534912825310776,7.5117,0.6873,0.081,False,64,generated_natural
put spatula on plate sink,put spatula on plate sink,original,,1.0,7.8205,1.1164,0.0706,False,64,search_boards
put spoon in bowl sink,"Provided that the washbasin currently contains a deep, rimmed dish, it is imperative that you retrieve the handheld liquid-scooping utensil and deposit it precisely into that waiting receptacle.",adversarial,,0.0,3.6196,-6.3752,0.1475,False,64,generated_adversarial
put spoon in bowl sink,"If it would not be too much trouble, kindly relocate the implement utilized for consuming liquid broth to the concave dish currently situated within the washbasin.",adversarial,,0.0675317518481343,3.8879,-6.1026,0.1345,False,64,generated_adversarial
put spoon in bowl sink,"Regarding the round receptacle resting in the basin where dishes are washed, please ensure that the oval-headed stirring tool is deposited directly into it.",adversarial,,0.0833242633320171,3.9507,-5.8982,0.137,False,64,generated_adversarial
put spoon in bowl sink,Direct your manipulators to grasp the scooping utensil and convey it into the confines of the deep dish occupying the water basin.,adversarial,,0.2390258848616163,4.5695,-3.8738,0.1618,False,64,generated_adversarial
put spoon in bowl sink,Take the silverware and leave it in the sink's bowl.,natural,,0.6726080176797027,6.2926,-2.0022,0.0831,False,64,generated_natural
put spoon in bowl sink,place the spoon inside the blue bowl,search,,0.6911807840385515,6.3664,-1.3866,0.1007,False,64,search_boards
put spoon in bowl sink,put the spoon in the blue bowl,search,,0.6994662618320233,6.3993,-1.3678,0.0986,False,64,search_boards
put spoon in bowl sink,drop the spoon inside the blue bowl,search,,0.7003335469489255,6.4028,-1.5779,0.09,False,64,search_boards
put spoon in bowl sink,put the spoon into the blue bowl,search,,0.705595115190785,6.4237,-1.3051,0.0989,False,64,search_boards
put spoon in bowl sink,drop the spoon in the blue bowl,search,,0.7181239506275119,6.4735,-1.4492,0.0888,False,64,search_boards
put spoon in bowl sink,place the spoon in the blue bowl,search,,0.7186125053646681,6.4754,-1.2715,0.0956,False,64,search_boards
put spoon in bowl sink,drop the spoon into the blue bowl,search,,0.7225626350281411,6.4911,-1.2739,0.0941,False,64,search_boards
put spoon in bowl sink,Place the metal spoon inside the sink bowl.,natural,,0.752891976331599,6.6117,-1.0309,0.093,False,64,generated_natural
put spoon in bowl sink,Transfer the silver spoon to the bowl located inside the sink.,natural,,0.773801549926095,6.6948,-1.247,0.0772,False,64,generated_natural
put spoon in bowl sink,Grab the spoon and set it in the bowl in the sink.,natural,,0.8232841836332762,6.8914,-0.7574,0.0791,False,64,generated_natural
put spoon in bowl sink,Can you just stick the spoon into the bowl down in the sink?,natural,,0.8887654394976376,7.1516,-0.2581,0.0757,False,64,generated_natural
put spoon in bowl sink,Put the spoon in the bowl that's in the sink.,natural,,0.9089007401548304,7.2317,-0.0756,0.0758,False,64,generated_natural
put spoon in bowl sink,Drop that spoon into the bowl sitting in the sink.,natural,,0.9098726190735962,7.2355,-0.1003,0.0745,False,64,generated_natural
put spoon in bowl sink,Just toss the spoon into the bowl within the sink.,natural,,0.93682135510984,7.3426,-0.0247,0.068,False,64,generated_natural
put spoon in bowl sink,put spoon in bowl sink,original,,1.0,7.5937,0.6406,0.0719,False,64,search_boards
put spoon in bowl sink,"Assuming the ceramic vessel is still stationed down inside the primary wash basin, please orchestrate the necessary movements to deposit the curved metallic eating implement directly into its center.",adversarial,,,,,,True,80,generated_adversarial
put spoon in pot,"Provided that the concave utensil utilized for the consumption of liquid nourishment is within your manipulative grasp, you are hereby tasked with relocating it to the interior cavity of the heavy stovetop vessel.",adversarial,,0.0,4.1899,-3.2277,0.2207,False,64,generated_adversarial
put spoon in pot,I need you to put the eating utensil inside the cookware.,natural,,0.1418601232589215,4.5971,-3.3669,0.1793,False,64,generated_natural
put spoon in pot,"Assuming the role of a culinary assistant, kindly ensure the handheld liquid-scooping tool is deposited securely within the confines of the stewing receptacle.",adversarial,,0.2302236182694789,4.8506,-2.6758,0.184,False,64,generated_adversarial
put spoon in pot,I would be most appreciative if you could facilitate the insertion of the concave dining implement into the interior of the deep metallic cooking vessel.,adversarial,,0.335069563343871,5.1515,-2.0354,0.1826,False,64,generated_adversarial
put spoon in pot,Displacing the utensil originally designed for consuming liquid-based meals so that it rests entirely within the confines of the boiling pot is your primary objective.,adversarial,,0.3575235535883617,5.216,-1.8616,0.1837,False,64,generated_adversarial
put spoon in pot,place the blue and white spoon in the metal pot,search,,0.4186364645663164,5.3914,-2.3531,0.1489,False,64,search_boards
put spoon in pot,place the blue spoon inside the metal pot,search,,0.432264093794849,5.4305,-2.6423,0.1341,False,64,search_boards
put spoon in pot,put the toy spoon in the pot,search,,0.4780515319735714,5.5619,-2.1455,0.142,False,64,search_boards
put spoon in pot,place the spoon inside the metal pot,search,,0.5486740688751057,5.7646,-1.7001,0.1416,False,64,search_boards
put spoon in pot,place the spoon in the metal pot,search,,0.5609526975620309,5.7998,-1.6512,0.1404,False,64,search_boards
put spoon in pot,Could you drop the silver utensil into the cooking pot?,natural,,0.5667152860998377,5.8164,-1.4643,0.1463,False,64,generated_natural
put spoon in pot,put the spoon in the metal pot,search,,0.5811535920316829,5.8578,-1.6424,0.1356,False,64,search_boards
put spoon in pot,Grab the spoon and leave it in the pot.,natural,,0.7224683749511813,6.2634,-1.1642,0.1186,False,64,generated_natural
put spoon in pot,Take the spoon and set it down in the pot.,natural,,0.7674133397424363,6.3923,-0.655,0.1272,False,64,generated_natural
put spoon in pot,"Move the spoon into the pot, please.",natural,,0.8073967114487901,6.5071,-0.0151,0.1422,False,64,generated_natural
put spoon in pot,Pop the spoon into the pot.,natural,,0.8483522558281267,6.6246,0.0784,0.1355,False,64,generated_natural
put spoon in pot,Drop that spoon in the pot.,natural,,0.8576118105338895,6.6512,-0.0757,0.1271,False,64,generated_natural
put spoon in pot,Place the spoon inside the pot.,natural,,0.8644822006610545,6.6709,0.2515,0.1382,False,64,generated_natural
put spoon in pot,put the spoon in the pot,search,,0.8646390076797162,6.6714,-0.1301,0.1231,False,64,search_boards
put spoon in pot,place the spoon in the pot,search,,0.8649492061555747,6.6723,0.0488,0.1301,False,64,search_boards
put spoon in pot,place the spoon inside the pot,search,,0.8684218703877019,6.6822,0.1407,0.1328,False,64,search_boards
put spoon in pot,put spoon in pot,original,,1.0,7.0598,0.684,0.1208,False,64,search_boards
put spoon into pan,"Assuming the workspace is clear, it is required that the scooped metal tool be relocated to the interior of the frying receptacle.",adversarial,,0.0,3.4219,-4.7136,0.2302,False,64,generated_adversarial
put spoon into pan,place the spoon in the silver pot,search,,0.1557634282767311,3.9357,-4.6762,0.1863,False,64,search_boards
put spoon into pan,"If it isn't too much trouble, I would greatly appreciate it if you could ensure the eating utensil finds its way into the shallow cooking vessel.",adversarial,,0.3739211179006647,4.6552,-2.29,0.2164,False,64,generated_adversarial
put spoon into pan,Take the silver utensil and set it down inside the frying pan.,natural,,0.4239796872360563,4.8203,-2.491,0.194,False,64,generated_natural
put spoon into pan,"Taking hold of the implement normally utilized for consuming soup, deposit said object directly within the confines of the pan.",adversarial,,0.4393595809774079,4.871,-1.8888,0.2131,False,64,generated_adversarial
put spoon into pan,Move that spoon over to the pan.,natural,,0.5186667652183621,5.1326,-1.769,0.1947,False,64,generated_natural
put spoon into pan,put the spoon in the pot,search,,0.5281198871881081,5.1638,-2.5164,0.1626,False,64,search_boards
put spoon into pan,put the spoon into the cooking pot,search,,0.6205744410880861,5.4687,-1.8713,0.161,False,64,search_boards
put spoon into pan,Grab the spoon and leave it in the pan.,natural,,0.6330305081823364,5.5098,-0.9899,0.192,False,64,generated_natural
put spoon into pan,Into the pan is exactly where the spoon ought to be situated by your manipulators forthwith.,adversarial,,0.6589259718307352,5.5952,-1.3133,0.1717,False,64,generated_adversarial
put spoon into pan,Just toss the metal spoon into the cooking pan.,natural,,0.709548135273494,5.7622,-1.1469,0.1635,False,64,generated_natural
put spoon into pan,Go ahead and transfer the spoon into the pan.,natural,,0.7123626193340561,5.7715,-0.6569,0.182,False,64,generated_natural
put spoon into pan,Can you drop the spoon in the pan for me?,natural,,0.7217870493652422,5.8025,-0.9202,0.1689,False,64,generated_natural
put spoon into pan,Please put the spoon right in the pan.,natural,,0.7489433989968063,5.8921,-0.5723,0.1746,False,64,generated_natural
put spoon into pan,Place the spoon inside the pan.,natural,,0.8248454076880856,6.1424,-0.2017,0.167,False,64,generated_natural
put spoon into pan,put spoon into the pan,search,,0.9300757243527338,6.4895,0.3179,0.1568,False,64,search_boards
put spoon into pan,put spoon into pan,original,,1.0,6.7201,0.4127,0.1401,False,64,search_boards
put strawberry in pot,"Move the little red berry to the metal pot, please.",natural,,0.0,5.1793,-2.8311,0.1489,False,64,generated_natural
put strawberry in pot,"The red fruit, the one whose seeds are on the outside, must be relocated forthwith to the interior of the deep metal cookware.",adversarial,,0.0062505083753883,5.191,-2.7316,0.1518,False,64,generated_adversarial
put strawberry in pot,move the strawberry to the silver pot,search,,0.1468688877658792,5.4541,-2.4275,0.1405,False,64,search_boards
put strawberry in pot,move the strawberry into the metal pot,search,,0.2532440002734403,5.6532,-1.9626,0.1411,False,64,search_boards
put strawberry in pot,"Assuming the deep vessel designed for boiling on a stove is within your operational workspace, proceed to transfer the small red seed-covered fruit into its interior.",adversarial,,0.342829708763449,5.8208,-1.5028,0.1444,False,64,generated_adversarial
put strawberry in pot,"It would be most profoundly appreciated if, without further delay, the strawberry were to be lifted and subsequently deposited squarely within the confines of the pot.",adversarial,,0.4373387600251068,5.9976,-0.9832,0.1492,False,64,generated_adversarial
put strawberry in pot,Locate the bright red fruit studded with tiny seeds and orchestrate its relocation into the hollow cylindrical vessel typically utilized for boiling.,adversarial,,0.5149253775469103,6.1428,-0.8425,0.1419,False,64,generated_adversarial
put strawberry in pot,Grab the strawberry and leave it in the pot.,natural,,0.5758636171387176,6.2568,-0.5269,0.1442,False,64,generated_natural
put strawberry in pot,Can you place the red fruit into the cooking pot?,natural,,0.6163649308042577,6.3326,-0.3053,0.1462,False,64,generated_natural
put strawberry in pot,move the strawberry to the pot,search,,0.6418138761928919,6.3803,-0.6771,0.1274,False,64,search_boards
put strawberry in pot,Just pop the strawberry into that pot.,natural,,0.6711146329517534,6.4351,-0.1124,0.1447,False,64,generated_natural
put strawberry in pot,Stick the strawberry inside the cooking pot for me.,natural,,0.7600617575375064,6.6015,-0.0495,0.1325,False,64,generated_natural
put strawberry in pot,move the strawberry into the pot,search,,0.7673196385276443,6.6151,-0.292,0.1217,False,64,search_boards
put strawberry in pot,move the strawberry inside the pot,search,,0.7799471346680286,6.6387,-0.2869,0.1199,False,64,search_boards
put strawberry in pot,Toss the strawberry in the pot.,natural,,0.8635265859709544,6.7951,0.2123,0.1256,False,64,generated_natural
put strawberry in pot,Put the strawberry inside the pot.,natural,,0.8956532278342662,6.8552,0.2695,0.1226,False,64,generated_natural
put strawberry in pot,Drop the strawberry into the pot.,natural,,0.9416799766056672,6.9414,0.3379,0.1177,False,64,generated_natural
put strawberry in pot,transfer the strawberry to the pot,search,,0.953692541255284,6.9639,0.1896,0.1099,False,64,search_boards
put strawberry in pot,put strawberry in pot,original,,0.9921490879356236,7.0358,0.5967,0.1195,False,64,search_boards
put strawberry in pot,put the strawberry inside the pot,search,,1.0,7.0505,0.4167,0.1111,False,64,search_boards
put stuffedduck in pan,"Given the current arrangement of the workspace, it is strictly required that the inanimate plush waterfowl be relocated such that its new resting place is entirely bounded by the walls of the metallic cooking pan.",adversarial,,0.0,4.6177,-3.7411,0.1628,False,64,generated_adversarial
put stuffedduck in pan,"The fabric avian replica, which is currently situated outside of the cookware, ought to be lifted and subsequently lowered directly into the center of the pan.",adversarial,,0.1482086086689147,5.0918,-2.2566,0.1792,False,64,generated_adversarial
put stuffedduck in pan,Move the soft toy bird over to the pan.,natural,,0.1954727650555893,5.243,-2.0921,0.1723,False,64,generated_natural
put stuffedduck in pan,put the yellow toy in the metal pan,search,,0.2038667400251818,5.2698,-2.2874,0.1622,False,64,search_boards
put stuffedduck in pan,put the yellow toy duck in the metal pan,search,,0.2870425192431492,5.5359,-2.2016,0.1421,False,64,search_boards
put stuffedduck in pan,put the yellow duck in the pan,search,,0.4263103705573465,5.9813,-1.339,0.1366,False,64,search_boards
put stuffedduck in pan,place the yellow toy duck in the pot,search,,0.4570641882832607,6.0797,-1.7979,0.1099,False,64,search_boards
put stuffedduck in pan,"If you would be so kind, please secure the soft toy shaped like a quacking bird and proceed to deposit it directly into the shallow piece of cookware.",adversarial,,0.4571686183332114,6.08,-1.871,0.107,False,64,generated_adversarial
put stuffedduck in pan,put the yellow toy duck in the pot,search,,0.4641760662449434,6.1025,-1.8321,0.1066,False,64,search_boards
put stuffedduck in pan,place the yellow duck in the pan,search,,0.4944689281667537,6.1994,-1.317,0.1182,False,64,search_boards
put stuffedduck in pan,"Direct your actuators to acquire the stuffed replica of a quacking fowl, subsequently depositing it inside the metallic vessel intended for sautéing.",adversarial,,0.5508458579250128,6.3797,-1.5408,0.0935,False,64,generated_adversarial
put stuffedduck in pan,Drop the yellow plushie into the cooking pan.,natural,,0.5723232349514558,6.4484,-0.9096,0.1122,False,64,generated_natural
put stuffedduck in pan,place yellow duck in pot,search,,0.6101279253433529,6.5693,-1.3988,0.0823,False,64,search_boards
put stuffedduck in pan,I need you to transfer the toy duck into the pan.,natural,,0.6383361029777933,6.6595,-0.9899,0.0904,False,64,generated_natural
put stuffedduck in pan,Pop the little plush duck into the pan.,natural,,0.651842511756754,6.7027,-0.6905,0.0984,False,64,generated_natural
put stuffedduck in pan,Can you grab the plush duck and set it inside the frying pan?,natural,,0.7377550760092815,6.9775,-0.6601,0.0753,False,64,generated_natural
put stuffedduck in pan,"Put the stuffed animal in the pan, please.",natural,,0.8458493994042457,7.3233,-0.1538,0.0646,False,64,generated_natural
put stuffedduck in pan,Take the stuffed duck and leave it right in the pan.,natural,,0.8674762592263494,7.3925,0.1698,0.0712,False,64,generated_natural
put stuffedduck in pan,Place the stuffed duck into the pan.,natural,,0.974009538020056,7.7332,0.3986,0.0501,False,64,generated_natural
put stuffedduck in pan,put stuffedduck in pan,original,,1.0,7.8164,0.5557,0.0489,False,64,search_boards
put stuffedpig in pan,"Should it be within your operational parameters, kindly grasp the miniature cotton-filled swine and convey it into the interior of the shallow metal vessel typically used for frying.",adversarial,,0.0,6.035,-2.054,0.1038,False,64,generated_adversarial
put stuffedpig in pan,place the pink plush toy inside the pot,search,,0.0213382926870859,6.0655,-2.2874,0.0919,False,64,search_boards
put stuffedpig in pan,Relocate the inanimate plush swine such that it comes to rest completely within the confines of the metallic cooking receptacle.,adversarial,,0.0282519040003036,6.0753,-1.9049,0.1061,False,64,generated_adversarial
put stuffedpig in pan,put the little pink pig in the pot,search,,0.1156289309683341,6.2001,-1.8735,0.0963,False,64,search_boards
put stuffedpig in pan,place the pink pig toy in the cooking pot,search,,0.1547284248715629,6.2559,-1.7986,0.0943,False,64,search_boards
put stuffedpig in pan,put the pink toy pig in the cooking pot,search,,0.1883107847213495,6.3039,-1.7028,0.0938,False,64,search_boards
put stuffedpig in pan,place the pink stuffed animal inside the pot,search,,0.2683434608849781,6.4181,-1.6994,0.0839,False,64,search_boards
put stuffedpig in pan,put the small pink pig in the pot,search,,0.3362444273579956,6.5151,-1.3669,0.0884,False,64,search_boards
put stuffedpig in pan,Move the little pink pig over to the pan.,natural,,0.3793189797236884,6.5766,-0.852,0.1032,False,64,generated_natural
put stuffedpig in pan,"If it is not too much trouble, please acquire the soft toy shaped like an animal that oinks and ensure its final resting place is inside the pan.",adversarial,,0.3910435992956717,6.5933,-1.2329,0.0867,False,64,generated_adversarial
put stuffedpig in pan,place the pink plush toy in the pan,search,,0.5010247574675214,6.7503,-1.0136,0.0815,False,64,search_boards
put stuffedpig in pan,Could you put the toy pig inside the pan for me?,natural,,0.5306224038064314,6.7926,-0.7575,0.0878,False,64,generated_natural
put stuffedpig in pan,Pop the cuddly pig right into the cooking pan.,natural,,0.5353519840354088,6.7994,-0.6259,0.0924,False,64,generated_natural
put stuffedpig in pan,Grab the plush pig and drop it in the cooking pan.,natural,,0.5625593147600502,6.8382,-0.7191,0.0853,False,64,generated_natural
put stuffedpig in pan,Stick the soft pig toy into that pan.,natural,,0.6311436351311506,6.9361,-0.6315,0.0801,False,64,generated_natural
put stuffedpig in pan,"The stuffed porcine replica, which currently sits on the surface, is to be lifted and subsequently deposited such that it is completely contained by the pan.",adversarial,,0.7425690625127265,7.0952,-0.4654,0.0725,False,64,generated_adversarial
put stuffedpig in pan,place the stuffed pig toy inside the cooking pot,search,,0.7863706466176179,7.1577,-0.2597,0.0751,False,64,search_boards
put stuffedpig in pan,Take the stuffed pig and leave it resting in the pan.,natural,,0.8435666727314238,7.2394,0.1561,0.0842,False,64,generated_natural
put stuffedpig in pan,Set the stuffed animal in the pan.,natural,,0.8571538950010568,7.2588,-0.1235,0.0715,False,64,generated_natural
put stuffedpig in pan,Place the stuffed pig into the pan.,natural,,0.985891007882715,7.4426,0.309,0.0722,False,64,generated_natural
put stuffedpig in pan,put stuffedpig in pan,original,,1.0,7.4628,0.3992,0.074,False,64,search_boards
put sushi in pot cardboard fence,"Should your operational parameters permit, kindly hoist the traditional serving of nori and rice, subsequently guiding its trajectory until it is nestled firmly within the corrugated paper palisade that currently circumscribes the cooking pot.",adversarial,,0.0,2.0788,-7.0426,0.2574,False,64,generated_adversarial
put sushi in pot cardboard fence,"Ensuring that its trajectory remains unimpeded, relocate the Japanese seafood delicacy so that it comes to rest completely within the paper-based perimeter encircling the cooking vessel.",adversarial,,0.132362838943895,2.9152,-6.0304,0.2233,False,64,generated_adversarial
put sushi in pot cardboard fence,"Provided you have secured a grip on the portion of vinegared rice and fish, proceed to alter its coordinates such that it is ultimately deposited entirely within the confines of the pot's corrugated paper barricade.",adversarial,,0.6031232083425687,5.8898,-2.5581,0.0968,False,64,generated_adversarial
put sushi in pot cardboard fence,"If it is not an insurmountable burden, I politely request that the item traditionally consumed with chopsticks and soy sauce be conveyed directly into the cardboard fence structure belonging to the pot.",adversarial,,0.6888263555786224,6.4313,-1.5353,0.0892,False,64,generated_adversarial
put sushi in pot cardboard fence,put the sushi in the container,search,,0.8038184373770022,7.1579,-0.2687,0.0747,False,64,search_boards
put sushi in pot cardboard fence,put the sushi in the orange cup,search,,0.8094063877067337,7.1932,-0.1085,0.0779,False,64,search_boards
put sushi in pot cardboard fence,place sushi in the orange cup,search,,0.8124448008643013,7.2124,0.0146,0.081,False,64,search_boards
put sushi in pot cardboard fence,put the sushi in the bowl,search,,0.8166715104176979,7.2391,-0.1868,0.0708,False,64,search_boards
put sushi in pot cardboard fence,put the sushi in the orange plastic cup,search,,0.8243710082713218,7.2878,0.0654,0.0764,False,64,search_boards
put sushi in pot cardboard fence,put the sushi in the cup,search,,0.8299595975259435,7.3231,0.0525,0.0727,False,64,search_boards
put sushi in pot cardboard fence,Can you move the fish and rice roll into the cardboard fence around the pot?,natural,,0.8333362342001481,7.3444,0.3176,0.0813,False,64,generated_natural
put sushi in pot cardboard fence,Please transfer the sushi over to the pot cardboard fence.,natural,,0.9238890571696576,7.9166,1.1992,0.0653,False,64,generated_natural
put sushi in pot cardboard fence,Put the sushi roll in the brown cardboard pot fence.,natural,,0.9314292808211208,7.9642,1.2993,0.065,False,64,generated_natural
put sushi in pot cardboard fence,Place the piece of sushi into the pot's cardboard fence.,natural,,0.9364711090201034,7.9961,1.4992,0.0701,False,64,generated_natural
put sushi in pot cardboard fence,Slide the sushi right into the little cardboard fence by the pot.,natural,,0.940998156708887,8.0247,1.3749,0.0627,False,64,generated_natural
put sushi in pot cardboard fence,Grab the sushi and put it in the cardboard fence pot.,natural,,0.9633435048556118,8.1659,1.5781,0.0582,False,64,generated_natural
put sushi in pot cardboard fence,Set the toy sushi down inside the cardboard fencing for the pot.,natural,,0.9633826421215892,8.1661,1.4609,0.0536,False,64,generated_natural
put sushi in pot cardboard fence,Drop the sushi inside the cardboard pot enclosure.,natural,,0.9798565529769072,8.2702,1.5111,0.0463,False,64,generated_natural
put sushi in pot cardboard fence,put sushi in pot cardboard fence,original,,1.0,8.3975,1.8189,0.0472,False,64,search_boards
put sushi in pot or pan,move the red sushi into the metal pot,search,,0.0,5.2529,-3.5556,0.1139,False,64,search_boards
put sushi in pot or pan,put red sushi inside the metal pot,search,,0.1172548088662694,5.5706,-3.3507,0.0939,False,64,search_boards
put sushi in pot or pan,"Should you find yourself capable of manipulating the traditional Japanese rice and fish dish, I require that you lift it and subsequently deposit it within the confines of either the pot or the pan.",adversarial,,0.1374963198665943,5.6255,-2.5441,0.1207,False,64,generated_adversarial
put sushi in pot or pan,put the sushi inside the metal pot,search,,0.1481368998795871,5.6543,-3.4665,0.082,False,64,search_boards
put sushi in pot or pan,put red sushi in the silver pot,search,,0.2088056279183973,5.8187,-2.8636,0.0911,False,64,search_boards
put sushi in pot or pan,place the red sushi in the pot,search,,0.2442844282013186,5.9149,-2.5431,0.0952,False,64,search_boards
put sushi in pot or pan,place the red sushi inside the pot,search,,0.2492222120054366,5.9282,-2.4966,0.0959,False,64,search_boards
put sushi in pot or pan,put the red sushi in the pot,search,,0.3517164962002568,6.206,-2.0971,0.087,False,64,search_boards
put sushi in pot or pan,place the sushi in the pot,search,,0.4887368044165046,6.5773,-1.6213,0.0729,False,64,search_boards
put sushi in pot or pan,"With regards to the sushi currently situated before you, it is imperative that this item be relocated such that its final resting place is inside one of the two metal cooking vessels, namely the pot or the pan.",adversarial,,0.6493270254023011,7.0125,-0.6831,0.0713,False,64,generated_adversarial
put sushi in pot or pan,"I would be most grateful if you could see to it that the sushi is conveyed into whichever of the two stovetop receptacles, the pot or the pan, is more convenient.",adversarial,,0.6632917245756995,7.0503,-0.5957,0.0714,False,64,generated_adversarial
put sushi in pot or pan,Transfer the piece of sushi to the cooking pot or the frying pan.,natural,,0.7848593983147507,7.3797,0.1046,0.0698,False,64,generated_natural
put sushi in pot or pan,"Notwithstanding any other operational priorities, you are instructed to execute a grasping maneuver on the sushi, subsequently conveying it to be deposited inside either the pot or the pan.",adversarial,,0.8403730734614158,7.5302,0.2363,0.0617,False,64,generated_adversarial
put sushi in pot or pan,Can you drop the sushi in the pan or the pot?,natural,,0.8549470175616353,7.5697,0.4098,0.065,False,64,generated_natural
put sushi in pot or pan,"Into the pot or the pan, please put the sushi.",natural,,0.8986135520590691,7.688,0.7511,0.0679,False,64,generated_natural
put sushi in pot or pan,Just leave the sushi in the pot or the pan.,natural,,0.9280113655883075,7.7676,0.7605,0.0613,False,64,generated_natural
put sushi in pot or pan,Toss the sushi into the pot or pan for me.,natural,,0.9328022070215948,7.7806,0.7838,0.061,False,64,generated_natural
put sushi in pot or pan,Grab the sushi and set it down inside a pot or pan.,natural,,0.9429746316562732,7.8082,0.8076,0.0595,False,64,generated_natural
put sushi in pot or pan,I need you to move the sushi over to the pot or the pan.,natural,,0.9453815788133886,7.8147,0.7241,0.0557,False,64,generated_natural
put sushi in pot or pan,Place the sushi into either the pot or the pan.,natural,,0.9912969883593472,7.9391,1.0187,0.0562,False,64,generated_natural
put sushi in pot or pan,put sushi in pot or pan,original,,1.0,7.9627,1.2117,0.0617,False,64,search_boards
put sushi on plate,"Given the current arrangement of the workspace, it is required that the rolled rice and fish be elevated and subsequently deposited directly atop the circular piece of dishware.",adversarial,,0.0,3.4864,-5.7688,0.1831,False,64,generated_adversarial
put sushi on plate,"If you would be so kind, please take the item traditionally eaten with chopsticks and ensure its immediate relocation to the surface of the flat dining receptacle.",adversarial,,0.1750681836726302,4.2832,-4.7231,0.1538,False,64,generated_adversarial
put sushi on plate,"Should you be prepared to receive your next directive, I ask that you acquire the vinegared rice delicacy and convey it through the environment until it is stationed securely upon the shallow dining vessel.",adversarial,,0.2820916295761914,4.7702,-4.0515,0.1371,False,64,generated_adversarial
put sushi on plate,Transfer the fish and rice roll to the flat serving dish.,natural,,0.4735952611134326,5.6418,-2.7002,0.1132,False,64,generated_natural
put sushi on plate,Grab that piece of sushi and set it on the ceramic dish.,natural,,0.5504778703138561,5.9917,-1.8056,0.1174,False,64,generated_natural
put sushi on plate,"Disregarding all other objects in your immediate vicinity, initiate a secure grasp on the sushi and translate its physical coordinates until it is fully supported by the flat surface of the plate.",adversarial,,0.6203416454048256,6.3096,-1.2273,0.112,False,64,generated_adversarial
put sushi on plate,put red and white sushi on the blue plate,search,,0.7882783361329977,7.0739,-0.0553,0.0905,False,64,search_boards
put sushi on plate,put the red sushi onto the blue plate,search,,0.7990943034299894,7.1231,-0.011,0.0879,False,64,search_boards
put sushi on plate,put the red sushi on the blue plate,search,,0.8120106911986916,7.1819,0.0953,0.0869,False,64,search_boards
put sushi on plate,place the red sushi on the blue plate,search,,0.8179679534274112,7.209,0.0933,0.0844,False,64,search_boards
put sushi on plate,move the sushi onto the blue plate,search,,0.8582800415046105,7.3925,0.3931,0.08,False,64,search_boards
put sushi on plate,place sushi onto the blue plate,search,,0.8775018193929833,7.4799,0.5109,0.0769,False,64,search_boards
put sushi on plate,Just drop the sushi on that plate for me.,natural,,0.8859978654123818,7.5186,0.6284,0.0781,False,64,generated_natural
put sushi on plate,Can you move the sushi over to the plate?,natural,,0.9088236372583955,7.6225,0.9544,0.0817,False,64,generated_natural
put sushi on plate,"On the plate, please put the sushi.",natural,,0.910767266905936,7.6313,0.6665,0.0696,False,64,generated_natural
put sushi on plate,Go ahead and rest the sushi on the plate.,natural,,0.9523719461145024,7.8207,1.1708,0.0727,False,64,generated_natural
put sushi on plate,Set the sushi down on the plate.,natural,,0.9687581363638764,7.8952,1.2626,0.0697,False,64,generated_natural
put sushi on plate,Place the sushi onto the plate.,natural,,0.9713245988686228,7.9069,1.2508,0.0682,False,64,generated_natural
put sushi on plate,put sushi on plate,original,,1.0,8.0374,1.4545,0.0647,False,64,search_boards
put sweet potato in pan which is on stove,put sweet potato in pot,search,,0.0,5.434,-0.4208,0.221,False,64,search_boards
put sweet potato in pan which is on stove,"Regarding the receptacle positioned on the stovetop, it is strictly required that the sweet potato be relocated and deposited directly inside of it.",adversarial,,0.3885833132578442,5.9179,-0.9227,0.1586,False,64,generated_adversarial
put sweet potato in pan which is on stove,place the sweet potato into the silver pot,search,,0.4548943456948089,6.0005,-0.2851,0.1763,False,64,search_boards
put sweet potato in pan which is on stove,"If you would be so kind, please transport the starchy orange tuber into the metallic cooking vessel currently resting upon the heating element.",adversarial,,0.5439117229695878,6.1113,-1.1199,0.1337,False,64,generated_adversarial
put sweet potato in pan which is on stove,put the sweet potato into the silver pot,search,,0.5646089604983372,6.1371,-0.1565,0.1693,False,64,search_boards
put sweet potato in pan which is on stove,place the sweet potato in the silver pot,search,,0.5742979182505185,6.1491,-0.2894,0.163,False,64,search_boards
put sweet potato in pan which is on stove,"Ensuring it ends up within the confines of the stove-mounted pan, execute a relocation of the sweet potato.",adversarial,,0.6339762321536185,6.2235,-0.0547,0.1657,False,64,generated_adversarial
put sweet potato in pan which is on stove,place sweet potato in the metal pot,search,,0.679947883814877,6.2807,-0.2902,0.1514,False,64,search_boards
put sweet potato in pan which is on stove,Transfer that sweet potato over to the pan sitting on the cooktop.,natural,,0.6839285664600314,6.2857,-0.4411,0.145,False,64,generated_natural
put sweet potato in pan which is on stove,put the sweet potato in the silver metal pot,search,,0.6916187795410423,6.2952,-0.7102,0.1336,False,64,search_boards
put sweet potato in pan which is on stove,Grab the sweet potato and drop it in the skillet on the burner.,natural,,0.7257990727487035,6.3378,-0.3627,0.1435,False,64,generated_natural
put sweet potato in pan which is on stove,"Notwithstanding any other items in the workspace, you are instructed to physically convey the sweet potato into the interior of the pan situated on the stove.",adversarial,,0.7512900786897667,6.3695,-0.1904,0.1474,False,64,generated_adversarial
put sweet potato in pan which is on stove,Toss the sweet potato into the stovetop pan.,natural,,0.7898490799270266,6.4175,0.2144,0.1591,False,64,generated_natural
put sweet potato in pan which is on stove,"In the pan on the stove, please put the sweet potato.",natural,,0.8210910039385219,6.4564,0.2353,0.1565,False,64,generated_natural
put sweet potato in pan which is on stove,Move the orange root vegetable into the cooking pan on the stove.,natural,,0.8394001577302252,6.4792,-0.0359,0.1438,False,64,generated_natural
put sweet potato in pan which is on stove,put the sweet potato in the silver pot,search,,0.846596458134461,6.4882,-0.1462,0.1387,False,64,search_boards
put sweet potato in pan which is on stove,Can you set the sweet potato inside the pan on the stove?,natural,,0.8474826661234226,6.4893,0.3383,0.1576,False,64,generated_natural
put sweet potato in pan which is on stove,put the sweet potato into the metal pan,search,,0.8807097508988265,6.5307,-0.1914,0.1332,False,64,search_boards
put sweet potato in pan which is on stove,put the sweet potato into the silver pan,search,,0.8921639370815385,6.545,-0.1798,0.1324,False,64,search_boards
put sweet potato in pan which is on stove,put the sweet potato in the silver pan,search,,0.9462220685172994,6.6123,-0.2787,0.1225,False,64,search_boards
put sweet potato in pan which is on stove,Take the sweet potato and stick it in the pan that's currently on the stove.,natural,,0.9482373036711012,6.6148,0.3595,0.1474,False,64,generated_natural
put sweet potato in pan which is on stove,Place the sweet potato into the pan on the stove.,natural,,0.961167986216702,6.6309,0.4896,0.151,False,64,generated_natural
put sweet potato in pan which is on stove,put sweet potato in pan which is on stove,original,,1.0,6.6792,0.5223,0.1481,False,64,search_boards
put sweet potato in pot,"The deep receptacle generally used for boiling water is precisely where the sweet potato, which currently sits outside of it, must be relocated.",adversarial,,0.0,5.0939,-2.6706,0.1627,False,64,generated_adversarial
put sweet potato in pot,Execute a physical transfer operation whereby the orange-fleshed root vegetable becomes situated entirely within the confines of the pot.,adversarial,,0.1100389037802482,5.325,-2.6641,0.1426,False,64,generated_adversarial
put sweet potato in pot,"If it would not be too much trouble, please ensure that the starchy orange tuber finds its way into the metallic cooking vessel.",adversarial,,0.3759276286358354,5.8836,-1.7385,0.1296,False,64,generated_adversarial
put sweet potato in pot,Drop the orange root vegetable inside the cooking pot.,natural,,0.4462257732317529,6.0313,-1.4923,0.1262,False,64,generated_natural
put sweet potato in pot,"Regarding the sweet potato, taking hold of it and subsequently depositing it into the pot is the sole action required of you at this juncture.",adversarial,,0.6388012103225067,6.4358,-0.5827,0.1262,False,64,generated_adversarial
put sweet potato in pot,Take the sweet potato and drop it into the pot.,natural,,0.7974398542713264,6.7691,-0.1051,0.1155,False,64,generated_natural
put sweet potato in pot,Grab the sweet potato and stick it in the pot.,natural,,0.8157630248782448,6.8076,-0.1223,0.1114,False,64,generated_natural
put sweet potato in pot,Could you toss that sweet potato in the pot for me?,natural,,0.8379530410723601,6.8542,0.0039,0.1122,False,64,generated_natural
put sweet potato in pot,The sweet potato needs to go in the pot.,natural,,0.8448097588471597,6.8686,0.0312,0.112,False,64,generated_natural
put sweet potato in pot,Put a sweet potato in the pot.,natural,,0.8520806490705757,6.8839,0.2049,0.1175,False,64,generated_natural
put sweet potato in pot,Transfer the sweet potato over to the pot.,natural,,0.8732394123565188,6.9283,0.0867,0.1089,False,64,generated_natural
put sweet potato in pot,place the sweet potato in the pot,search,,0.914690748450204,7.0154,0.269,0.1084,False,64,search_boards
put sweet potato in pot,place the sweet potato inside the pot,search,,0.9193813192552766,7.0253,0.276,0.1078,False,64,search_boards
put sweet potato in pot,place the sweet potato into the pot,search,,0.9426441191793616,7.0741,0.3324,0.1057,False,64,search_boards
put sweet potato in pot,Place the sweet potato into the pot.,natural,,0.9433845171650308,7.0757,0.3978,0.1081,False,64,generated_natural
put sweet potato in pot,put sweet potato into the pot,search,,0.9797908358664524,7.1522,0.4735,0.1044,False,64,search_boards
put sweet potato in pot,put sweet potato in pot,original,,1.0,7.1946,0.4946,0.1014,False,64,search_boards
put sweet potato in pot which is in sink,"If it is not too much trouble, I require the orange tuber to be deposited directly into the cooking vessel currently occupying the sink basin.",adversarial,,0.0,4.3032,-1.8485,0.2649,False,64,generated_adversarial
put sweet potato in pot which is in sink,"Regarding the pot situated where we wash the dishes, ensure that the sweet root vegetable is safely relocated to its interior.",adversarial,,0.1359658164809211,4.5706,-2.0486,0.2334,False,64,generated_adversarial
put sweet potato in pot which is in sink,Put the orange root vegetable inside the cooking pot located in the sink.,natural,,0.2522241067252675,4.7992,-1.5086,0.2344,False,64,generated_natural
put sweet potato in pot which is in sink,put the orange sweet potato in the silver pot,search,,0.4221551422076374,5.1334,-0.9796,0.2256,False,64,search_boards
put sweet potato in pot which is in sink,"Given the presence of a pot within the sink area, your objective is to transport the sweet potato until it rests completely inside of it.",adversarial,,0.5625729249673823,5.4095,-0.7782,0.2092,False,64,generated_adversarial
put sweet potato in pot which is in sink,place the orange sweet potato in the metal pot,search,,0.6153038947382393,5.5132,-0.7603,0.2007,False,64,search_boards
put sweet potato in pot which is in sink,The cooking receptacle currently residing in the sink is the designated destination into which the sweet potato must immediately be transferred.,adversarial,,0.6186969102216348,5.5199,-0.7797,0.1994,False,64,generated_adversarial
put sweet potato in pot which is in sink,Take the sweet potato and leave it in the pot down in the sink.,natural,,0.7708324229364295,5.8191,-0.1422,0.198,False,64,generated_natural
put sweet potato in pot which is in sink,Grab the sweet potato and drop it in the pot that's resting in the sink.,natural,,0.7951927204603542,5.867,-0.1093,0.195,False,64,generated_natural
put sweet potato in pot which is in sink,place the sweet potato in the silver pot inside the sink,search,,0.8216813832663101,5.9191,-0.1091,0.1904,False,64,search_boards
put sweet potato in pot which is in sink,put sweet potato in pot which is in sink,original,,0.8266063776003476,5.9287,0.3726,0.2085,False,64,search_boards
put sweet potato in pot which is in sink,"There is a pot in the sink, put the sweet potato inside it.",natural,,0.8305771609550244,5.9366,-0.2006,0.1853,False,64,generated_natural
put sweet potato in pot which is in sink,Toss that sweet potato into the sink's pot.,natural,,0.8460737331607847,5.967,-0.0138,0.1899,False,64,generated_natural
put sweet potato in pot which is in sink,Could you move the sweet potato over to the pot inside the sink?,natural,,0.8511942638093123,5.9771,-0.1833,0.1824,False,64,generated_natural
put sweet potato in pot which is in sink,put the sweet potato in the metal pot inside the sink,search,,0.8541876848475901,5.983,-0.0593,0.1867,False,64,search_boards
put sweet potato in pot which is in sink,put the sweet potato inside the silver pot inside the sink,search,,0.8614058107174246,5.9972,-0.1183,0.1832,False,64,search_boards
put sweet potato in pot which is in sink,place the sweet potato in the metal pot inside the sink,search,,0.8760461413817241,6.026,-0.0244,0.1843,False,64,search_boards
put sweet potato in pot which is in sink,Transfer the sweet potato into the pot currently sitting in the sink.,natural,,0.9389780060784216,6.1497,0.0153,0.1749,False,64,generated_natural
put sweet potato in pot which is in sink,Place the sweet potato into the pot in the sink.,natural,,0.9691223227384,6.209,0.0552,0.1713,False,64,generated_natural
put sweet potato in pot which is in sink,put the sweet potato in the pot inside the sink,search,,1.0,6.2697,0.1012,0.1677,False,64,search_boards
put the ball in the cup,stack the yellow block on the blue block,search,,0.0,2.6947,-4.4253,0.3058,False,64,search_boards
put the ball in the cup,stack yellow block on top of blue block,search,,0.0537603756407582,2.9498,-4.216,0.2915,False,64,search_boards
put the ball in the cup,place the yellow block on top of the blue block,search,,0.137018186557307,3.3447,-3.8111,0.2725,False,64,search_boards
put the ball in the cup,"If it is not too much trouble, kindly secure the spherical plaything and deposit it directly into the cylindrical drinking vessel.",adversarial,,0.1431905477818666,3.374,-4.182,0.2553,False,64,generated_adversarial
put the ball in the cup,Ensure that the perfectly round object is relocated so that it rests entirely within the confines of the item from which one would typically consume a beverage.,adversarial,,0.1698342313352499,3.5004,-4.2152,0.2429,False,64,generated_adversarial
put the ball in the cup,"Assuming you have successfully located the spherical object, your immediate objective is to manually transfer it until it is fully contained within the small vessel meant for holding beverages.",adversarial,,0.2088344505510754,3.6854,-3.8093,0.2424,False,64,generated_adversarial
put the ball in the cup,"Without further ado, kindly direct your end-effector to apprehend the globe-shaped item, subsequently conveying and releasing it inside the hollow receptacle provided for drinking.",adversarial,,0.2411758123264588,3.8389,-3.8293,0.2281,False,64,generated_adversarial
put the ball in the cup,Move the small sphere into the drinking cup.,natural,,0.3119740191035521,4.1747,-3.1366,0.2256,False,64,generated_natural
put the ball in the cup,Can you put that round ball into the empty cup?,natural,,0.3152353626459027,4.1902,-3.1711,0.2229,False,64,generated_natural
put the ball in the cup,Grab the ball and set it inside the cup.,natural,,0.4269893839021808,4.7204,-2.5474,0.2006,False,64,generated_natural
put the ball in the cup,Just drop the ball into the cup.,natural,,0.4854068643849228,4.9975,-2.0724,0.1947,False,64,generated_natural
put the ball in the cup,Pick up the ball and drop it in the cup.,natural,,0.4968317973310927,5.0517,-2.4411,0.1755,False,64,generated_natural
put the ball in the cup,Pop the ball right into the cup.,natural,,0.5575864460600131,5.3399,-2.0247,0.1664,False,64,generated_natural
put the ball in the cup,I need you to put the ball in the cup for me.,natural,,0.5750116323311931,5.4226,-1.6943,0.172,False,64,generated_natural
put the ball in the cup,Place the ball inside the cup.,natural,,0.7558353060980788,6.2804,-0.7536,0.1332,False,64,generated_natural
put the ball in the cup,put the ball in the cup,original,,1.0,7.4387,0.8307,0.0931,False,64,search_boards
put the blue figure on the top edge of the cloth,Position the blue toy right on the top margin of the textile.,natural,,0.0,1.8894,-6.828,0.2826,False,64,generated_natural
put the blue figure on the top edge of the cloth,Grab the blue object and put it on the upper boundary of the material.,natural,,0.0044098167837556,1.9148,-6.9509,0.2755,False,64,generated_natural
put the blue figure on the top edge of the cloth,place the blue block at the top edge of the towel,search,,0.0847593229982459,2.3778,-5.6581,0.2854,False,64,search_boards
put the blue figure on the top edge of the cloth,put the blue block on the top section of the cloth,search,,0.0853948275020656,2.3814,-5.1871,0.3035,False,64,search_boards
put the blue figure on the top edge of the cloth,I need the blue figure moved to the topmost edge of the rag.,natural,,0.0875130464272487,2.3936,-6.2827,0.2594,False,64,generated_natural
put the blue figure on the top edge of the cloth,put the blue block at the top edge of the cloth,search,,0.0973721058347912,2.4505,-5.361,0.2906,False,64,search_boards
put the blue figure on the top edge of the cloth,place the blue block on the upper edge of the cloth,search,,0.1255694416483953,2.6129,-5.0477,0.2886,False,64,search_boards
put the blue figure on the top edge of the cloth,"It is imperative that the sapphire-tinted effigy be conveyed to, and subsequently deposited upon, the most superior latitudinal margin of the draped material.",adversarial,,0.1596658046435825,2.8094,-5.9009,0.2377,False,64,generated_adversarial
put the blue figure on the top edge of the cloth,"If it is not too much trouble, kindly take the azure statuette and deposit it carefully along the uppermost hem of the woven material.",adversarial,,0.1738563891461149,2.8912,-6.1781,0.2196,False,64,generated_adversarial
put the blue figure on the top edge of the cloth,place the blue block on the top edge of the cloth,search,,0.2423843165498429,3.286,-4.1628,0.2639,False,64,search_boards
put the blue figure on the top edge of the cloth,Can you set the blue piece along the cloth's top edge?,natural,,0.2787336414813379,3.4955,-4.9042,0.2162,False,64,generated_natural
put the blue figure on the top edge of the cloth,Move the blue figurine to the top border of the fabric.,natural,,0.295508902499131,3.5921,-4.496,0.2237,False,64,generated_natural
put the blue figure on the top edge of the cloth,Take the blue shape and leave it at the upper edge of the cloth.,natural,,0.2965202854751397,3.598,-4.8432,0.2096,False,64,generated_natural
put the blue figure on the top edge of the cloth,place the blue block onto the top edge of the cloth,search,,0.3026407796578457,3.6332,-3.73,0.2502,False,64,search_boards
put the blue figure on the top edge of the cloth,"Provided you have located the fabric, transport the uniquely sky-colored figurine so that it comes to rest exactly on its highest border.",adversarial,,0.3324615082685977,3.8051,-4.4784,0.2056,False,64,generated_adversarial
put the blue figure on the top edge of the cloth,"Initiate a sequence to apprehend the cerulean miniature and orchestrate its relocation, terminating the operation only when the item is resting perfectly flush against the maximal upper perimeter of the fabric.",adversarial,,0.3417798598160656,3.8588,-4.0512,0.2176,False,64,generated_adversarial
put the blue figure on the top edge of the cloth,Just set that blue figure down on the top end of the cloth.,natural,,0.5986709580237716,5.339,-1.8271,0.1742,False,64,generated_natural
put the blue figure on the top edge of the cloth,Place the blue figure on the upper edge of the cloth.,natural,,0.6714031596100208,5.7581,-1.5558,0.1478,False,64,generated_natural
put the blue figure on the top edge of the cloth,put the blue figure on the top edge of the cloth,original,,1.0,7.6516,0.8147,0.0736,False,64,search_boards
put the silver lid on the silver pot,"Regarding the unpainted metallic cookware, be so good as to transport the correspondingly shiny cover from its current location to a resting position completely atop the aforementioned receptacle.",adversarial,,0.0,1.0642,-7.2607,0.3385,False,64,generated_adversarial
put the silver lid on the silver pot,"Assuming you have located the silver vessel in which one might boil water, I would ask that you proceed to obscure its top opening by positioning the circular silver piece directly upon it.",adversarial,,0.2207024339417024,2.5311,-6.9228,0.2222,False,64,generated_adversarial
put the silver lid on the silver pot,Be so kind as to elevate the silver closure and lower it gently until it perfectly obstructs the upward-facing aperture of the matching silver cooking basin.,adversarial,,0.2921789664653836,3.0062,-5.4758,0.237,False,64,generated_adversarial
put the silver lid on the silver pot,"In the event that you can identify the shiny metallic vessel used for making stews, please lift the corresponding silver-coloured cover and affix it to the uppermost rim of said vessel.",adversarial,,0.3784631077909783,3.5796,-4.7016,0.2168,False,64,generated_adversarial
put the silver lid on the silver pot,Take the silver lid and place it onto the shiny metal pot.,natural,,0.81897781506774,6.5075,-0.4169,0.1264,False,64,generated_natural
put the silver lid on the silver pot,Could you set the silver cover down on the silver pot?,natural,,0.8310809112624501,6.5879,-0.1672,0.1291,False,64,generated_natural
put the silver lid on the silver pot,"On the silver pot, place the silver lid.",natural,,0.8356525573365492,6.6183,-0.0788,0.1298,False,64,generated_natural
put the silver lid on the silver pot,Grab that silver lid and put it on the metallic pot.,natural,,0.843259625831357,6.6689,-0.2541,0.1185,False,64,generated_natural
put the silver lid on the silver pot,put the lid on the metal pot,search,,0.8787778052244144,6.9049,-0.3709,0.093,False,64,search_boards
put the silver lid on the silver pot,place the silver lid on the metal bowl,search,,0.879870672498187,6.9122,-0.2665,0.0965,False,64,search_boards
put the silver lid on the silver pot,put the silver lid on the metal pot,search,,0.9078831731415417,7.0984,0.0776,0.0936,False,64,search_boards
put the silver lid on the silver pot,Cover the silver pot with the silver lid.,natural,,0.9161120759536988,7.1531,0.2422,0.0952,False,64,generated_natural
put the silver lid on the silver pot,put the silver lid on top of the pot,search,,0.9249645954181996,7.2119,0.0296,0.0817,False,64,search_boards
put the silver lid on the silver pot,put the silver lid on the silver bowl,search,,0.9283474531857996,7.2344,0.2801,0.0895,False,64,search_boards
put the silver lid on the silver pot,Place the silver lid onto the silver pot.,natural,,0.9368299867548916,7.2908,0.2404,0.083,False,64,generated_natural
put the silver lid on the silver pot,Position the silver lid on top of the silver pot.,natural,,0.937731839570199,7.2968,0.1765,0.0799,False,64,generated_natural
put the silver lid on the silver pot,Just pop the silver lid onto the silver pot.,natural,,0.9417877133630488,7.3237,0.2892,0.082,False,64,generated_natural
put the silver lid on the silver pot,put the silver lid on the silver pot,original,,1.0,7.7106,0.9793,0.0749,False,64,search_boards
put the yellow duck in the drawer,take out the yellow cloth,search,,0.0,1.2414,-8.3235,0.2811,False,64,search_boards
put the yellow duck in the drawer,take the yellow rag out of the dryer,search,,0.0882238753774814,1.8085,-8.2502,0.2339,False,64,search_boards
put the yellow duck in the drawer,get the yellow cloth out,search,,0.1409771901619763,2.1476,-7.2404,0.2436,False,64,search_boards
put the yellow duck in the drawer,Your immediate objective involves locating the lemon-hued aquatic bird figurine and subsequently effectuating its transfer into the interior of the pull-out drawer.,adversarial,,0.2445220583325212,2.8133,-6.5549,0.2117,False,64,generated_adversarial
put the yellow duck in the drawer,take the yellow cloth,search,,0.2446626383380246,2.8142,-6.5599,0.2114,False,64,search_boards
put the yellow duck in the drawer,"Notwithstanding any other items on the workspace, kindly see to it that the golden-hued aquatic bird figurine is fully enclosed within the sliding storage receptacle.",adversarial,,0.2755197004767731,3.0125,-7.4225,0.16,False,64,generated_adversarial
put the yellow duck in the drawer,pick up the yellow cloth,search,,0.2846966256378182,3.0715,-5.9558,0.2124,False,64,search_boards
put the yellow duck in the drawer,slide the yellow bath toy into the drawer,natural,,0.3457914163886832,3.4643,-4.978,0.2161,False,64,generated_natural
put the yellow duck in the drawer,"Regarding the pull-out drawer, it is imperative that the bright yellow replica of a waterfowl be relocated so as to rest entirely within it.",adversarial,,0.3722631692610235,3.6344,-5.1357,0.1949,False,64,generated_adversarial
put the yellow duck in the drawer,"Should the sliding storage compartment be currently accessible, please secure the yellow object resembling a water bird by depositing it therein.",adversarial,,0.3755646132708967,3.6557,-6.0535,0.1569,False,64,generated_adversarial
put the yellow duck in the drawer,move that yellow rubber duck into the drawer,natural,,0.4065300520802765,3.8547,-4.7305,0.1913,False,64,generated_natural
put the yellow duck in the drawer,take the yellow duck and put it away in the drawer,natural,,0.4301478242112248,4.0066,-4.567,0.1843,False,64,generated_natural
put the yellow duck in the drawer,Grab the yellow duck and leave it in the drawer.,natural,,0.4383133180186338,4.059,-4.4837,0.183,False,64,generated_natural
put the yellow duck in the drawer,stick the duck in the drawer please,natural,,0.5216571763376767,4.5948,-4.2815,0.1436,False,64,generated_natural
put the yellow duck in the drawer,the drawer is where the yellow duck needs to go,natural,,0.5614732068978318,4.8508,-3.806,0.1396,False,64,generated_natural
put the yellow duck in the drawer,drop the yellow duck into the drawer for me,natural,,0.7511402054884616,6.07,-2.0525,0.1008,False,64,generated_natural
put the yellow duck in the drawer,place the yellow duck inside the drawer,natural,,0.8882540973946332,6.9515,-0.4799,0.0847,False,64,generated_natural
put the yellow duck in the drawer,put the yellow duck in the drawer,original,,1.0,7.6698,1.0063,0.0796,False,64,search_boards
right pepper shaker,"If it is not too much trouble, please extend your manipulator to secure the vessel containing ground black spice that currently occupies the rightmost position.",adversarial,,0.0,1.1299,-8.7329,0.2749,False,64,generated_adversarial
right pepper shaker,"Provided it is within your operational constraints, secure the starboard-side culinary cylinder whose primary function is to distribute dark ground spice.",adversarial,,0.0730655591343973,1.592,-7.7579,0.2723,False,64,generated_adversarial
right pepper shaker,move the grey container to the right,search,,0.0849109632092735,1.667,-8.9669,0.2182,False,64,search_boards
right pepper shaker,Fetch the right-hand pepper dispenser.,natural,,0.0939395243800833,1.7241,-7.0912,0.2868,False,64,generated_natural
right pepper shaker,move the grey bottle to the top right,search,,0.1025490418684186,1.7785,-8.611,0.2224,False,64,search_boards
right pepper shaker,Direct your end-effector to acquire the dextral condiment dispenser specifically tasked with containing crushed black peppercorns.,adversarial,,0.1859036506580285,2.3057,-7.0152,0.2384,False,64,generated_adversarial
right pepper shaker,put the grey shaker next to the dial,search,,0.2120002023194681,2.4708,-7.6429,0.1992,False,64,search_boards
right pepper shaker,move the grey shaker next to the dial,search,,0.2277487838584317,2.5704,-7.3329,0.2026,False,64,search_boards
right pepper shaker,put the grey shaker next to the stove dial,search,,0.2463946580070032,2.6883,-7.7977,0.1739,False,64,search_boards
right pepper shaker,Get the right pepper mill for me.,natural,,0.279365129930324,2.8969,-6.6163,0.2019,False,64,generated_natural
right pepper shaker,"Disregarding the one on the left, proceed to grasp the specific seasoning shaker intended for peppercorns that occupies the right-hand coordinate.",adversarial,,0.5485673267359265,4.5996,-3.4814,0.1746,False,64,generated_adversarial
right pepper shaker,put the grey shaker on the right,search,,0.571565279437452,4.745,-3.9173,0.1446,False,64,search_boards
right pepper shaker,Can you pass me the rightmost pepper shaker?,natural,,0.9003126631857505,6.8243,0.1216,0.1195,False,64,generated_natural
right pepper shaker,Pick up the pepper shaker located on your right.,natural,,0.946681098699578,7.1176,0.4093,0.1049,False,64,generated_natural
right pepper shaker,"I need the right pepper shaker, please.",natural,,0.9489563693645088,7.132,0.403,0.1034,False,64,generated_natural
right pepper shaker,Hand me the pepper shaker from the right side.,natural,,0.9665521480910468,7.2433,0.4869,0.0968,False,64,generated_natural
right pepper shaker,Grab the pepper shaker on the right.,natural,,0.9818024268476644,7.3397,0.5896,0.0923,False,64,generated_natural
right pepper shaker,Move the pepper shaker sitting on the right.,natural,,0.9892695432524844,7.387,0.6035,0.0887,False,64,generated_natural
right pepper shaker,right pepper shaker,original,,1.0,7.4548,0.838,0.0919,False,64,search_boards
sweep into pile,sweep the beans to the center,search,,0.0,6.4596,-1.6516,0.0821,False,64,search_boards
sweep into pile,"Disregarding their current dispersed arrangement, I require you to corral the entirety of the loose materials utilizing lateral movements until a singular mound is formed.",adversarial,,0.1380406636233279,6.7374,-1.4115,0.067,False,64,generated_adversarial
sweep into pile,Make a pile out of all the loose items here.,natural,,0.153411198221945,6.7683,-1.1107,0.0761,False,64,generated_natural
sweep into pile,"I entreat you to employ sustained sweeping motions to herd the dispersed elements before you into a solitary, elevated cluster.",adversarial,,0.3279894889710153,7.1197,-0.7292,0.06,False,64,generated_adversarial
sweep into pile,Push the scattered pieces together so they form a heap.,natural,,0.4351015384470169,7.3352,-0.8165,0.0375,False,64,generated_natural
sweep into pile,brush the black beans into a heap,search,,0.441855303802951,7.3488,-0.8973,0.0332,False,64,search_boards
sweep into pile,Can you push this mess together into one pile?,natural,,0.467129941630566,7.3997,-0.5632,0.0418,False,64,generated_natural
sweep into pile,"Should you find the workspace currently littered with disparate fragments, kindly execute a sweeping maneuver to consolidate them all into a solitary, centralized accumulation.",adversarial,,0.4871035256117603,7.4399,-0.564,0.0382,False,64,generated_adversarial
sweep into pile,Brush everything into a neat little pile.,natural,,0.4893088106885649,7.4443,-0.3106,0.0478,False,64,generated_natural
sweep into pile,sweep all the beans together,search,,0.539562432177761,7.5455,-0.1375,0.0456,False,64,search_boards
sweep into pile,Gather the scattered objects into a single heap.,natural,,0.5583756980721725,7.5833,-0.316,0.0353,False,64,generated_natural
sweep into pile,brush the black beans into a pile,search,,0.5768908391369932,7.6206,-0.4002,0.0287,False,64,search_boards
sweep into pile,sweep the coffee beans together,search,,0.6370022815403313,7.7416,-0.1167,0.0291,False,64,search_boards
sweep into pile,"By means of continuous sweeping actions, please ensure the currently scattered elements are merged into an integrated heap.",adversarial,,0.6982173934404226,7.8648,0.112,0.0272,False,64,generated_adversarial
sweep into pile,sweep the black beans into one heap,search,,0.7110674313555286,7.8906,0.205,0.0286,False,64,search_boards
sweep into pile,Collect everything and sweep it into a mound.,natural,,0.8136006100012315,8.097,0.6429,0.0275,False,64,generated_natural
sweep into pile,Sweep the pieces into a pile.,natural,,0.8344722995487045,8.139,0.727,0.0271,False,64,generated_natural
sweep into pile,Please sweep all of these bits into a single pile.,natural,,0.886521649332613,8.2438,0.8462,0.0226,False,64,generated_natural
sweep into pile,sweep into pile,original,,1.0,8.4721,1.2781,0.0193,False,64,search_boards
take banana out of colander,Kindly divest the perforated draining basin of the crescent-shaped yellow fruit currently resting inside it.,adversarial,,0.0,2.5493,-6.1315,0.2516,False,64,generated_adversarial
take banana out of colander,"Disregarding any other items on the workspace, your immediate objective is to physically relocate the peelable yellow fruit such that it is no longer contained within the bowl used for straining liquids.",adversarial,,0.347932806043385,4.5255,-4.9222,0.1245,False,64,generated_adversarial
take banana out of colander,Grab the yellow fruit from the strainer.,natural,,0.3492185253501463,4.5328,-4.2099,0.1519,False,64,generated_natural
take banana out of colander,Reach into the colander and take out the banana.,natural,,0.5446200066789117,5.6426,-1.747,0.1505,False,64,generated_natural
take banana out of colander,I would be most appreciative if you could extract the elongated yellow fruit from within the confines of the perforated bowl.,adversarial,,0.5827182016024776,5.859,-2.9793,0.083,False,64,generated_adversarial
take banana out of colander,"Operating under the assumption that the target is accessible, proceed to ensure the banana is no longer occupying the interior space of the colander.",adversarial,,0.59292364494513,5.9169,-2.4712,0.0979,False,64,generated_adversarial
take banana out of colander,Could you get the banana out of the draining bowl?,natural,,0.7640726960065356,6.889,-0.9787,0.0706,False,64,generated_natural
take banana out of colander,Pick the banana out of the strainer.,natural,,0.7748218980888458,6.9501,-1.0407,0.0628,False,64,generated_natural
take banana out of colander,Lift the banana clear of the colander.,natural,,0.895551272330653,7.6358,0.3871,0.0582,False,64,generated_natural
take banana out of colander,grab the banana and remove it from the colander,search,,0.9419384610152676,7.8992,0.8734,0.0541,False,64,search_boards
take banana out of colander,get the banana and remove it from the colander,search,,0.9439256028122216,7.9105,0.8952,0.0539,False,64,search_boards
take banana out of colander,grab the banana and take it out of the colander,search,,0.9493666115120156,7.9414,0.9359,0.0528,False,64,search_boards
take banana out of colander,pick up the banana out of the colander,search,,0.9578346848869798,7.9895,0.9565,0.0494,False,64,search_boards
take banana out of colander,get the yellow banana out of the colander,search,,0.9596928231113662,8.0001,0.9802,0.0494,False,64,search_boards
take banana out of colander,get the banana out of the colander,search,,0.9679267797614916,8.0468,1.1327,0.0512,False,64,search_boards
take banana out of colander,Get that banana out of the colander for me.,natural,,0.9723619818451156,8.072,1.1336,0.049,False,64,generated_natural
take banana out of colander,Pull the banana out of the colander.,natural,,0.9763000236197646,8.0944,1.1302,0.0469,False,64,generated_natural
take banana out of colander,remove the banana from the colander,search,,0.9797088891863128,8.1137,1.1881,0.0475,False,64,search_boards
take banana out of colander,Remove the banana from the colander.,natural,,0.9819684146215516,8.1266,1.2156,0.0474,False,64,generated_natural
take banana out of colander,take banana out of colander,original,,1.0,8.229,1.4062,0.0459,False,64,search_boards
take banana out of colander,"Execute the necessary spatial maneuvers to extricate the curved, potassium-rich fruit from within the cavity of the perforated culinary sieve.",adversarial,,,,,,True,80,generated_adversarial
take beet from pot sink,I would be immensely grateful if you could direct your manipulators to the sink and relieve the metal receptacle located there of its resident beetroot.,adversarial,,0.0,1.9704,-7.0702,0.2659,False,64,generated_adversarial
take beet from pot sink,"Should you find a stewpot situated in the dishwashing basin, your objective is to seize the maroon root crop contained therein.",adversarial,,0.0709710595026406,2.4125,-6.0137,0.2683,False,64,generated_adversarial
take beet from pot sink,Reach into the pot in the sink and take out the beet.,natural,,0.3090387499242962,3.8958,-2.9007,0.2595,False,64,generated_natural
take beet from pot sink,Retrieve the dark red root vegetable from the sink's pot.,natural,,0.4369008562464681,4.6924,-2.9428,0.1875,False,64,generated_natural
take beet from pot sink,"Upon locating the water basin, identify the culinary vessel situated inside it and proceed to physically withdraw the purplish-red root vegetable from its depths.",adversarial,,0.4716733287839553,4.909,-3.6849,0.1392,False,64,generated_adversarial
take beet from pot sink,Please remove the beetroot from the cooking pot located in the sink.,natural,,0.5172159239863686,5.1928,-2.0361,0.1789,False,64,generated_natural
take beet from pot sink,"Assuming there is a cooking vessel stationed within the washbasin, proceed to extract the purple root vegetable from its interior.",adversarial,,0.5531244776301253,5.4165,-3.2257,0.1124,False,64,generated_adversarial
take beet from pot sink,"Out of the pot resting in the sink, fetch the beetroot.",natural,,0.565378224291772,5.4928,-3.0029,0.1144,False,64,generated_natural
take beet from pot sink,Pick up the beet that is sitting inside the pot in the sink.,natural,,0.8411772702398084,7.2112,-0.5216,0.0601,False,64,generated_natural
take beet from pot sink,Get the beet out of the pot that's currently in the washbasin.,natural,,0.8877422680217214,7.5013,0.0618,0.0574,False,64,generated_natural
take beet from pot sink,Grab the beet out of the pot in the sink.,natural,,0.9127455309711378,7.657,0.3451,0.0547,False,64,generated_natural
take beet from pot sink,pick up the beet from the pot inside the sink,search,,0.9145797075522027,7.6685,0.2343,0.0494,False,64,search_boards
take beet from pot sink,Lift that beet from the pot sink.,natural,,0.921129841974458,7.7093,0.7078,0.0643,False,64,generated_natural
take beet from pot sink,lift beet from pot sink,search,,0.9240132547389556,7.7272,0.5879,0.058,False,64,search_boards
take beet from pot sink,take the beet from the orange cup in the sink,search,,0.9373599712022486,7.8104,0.5095,0.0476,False,64,search_boards
take beet from pot sink,take the beet out of the pot in the sink,search,,0.9684618748413786,8.0042,0.8396,0.0435,False,64,search_boards
take beet from pot sink,take beet from orange pot sink,search,,0.9811405068418318,8.0832,1.1037,0.0469,False,64,search_boards
take beet from pot sink,take the beet from pot sink,search,,0.9855918799568762,8.1109,1.115,0.0449,False,64,search_boards
take beet from pot sink,take beet from pot sink,original,,1.0,8.2007,1.2293,0.0414,False,64,search_boards
take beet from pot sink,"Direct your end effector toward the drainage fixture, identify the cookware resting within its bounds, and liberate the crimson taproot contained therein.",adversarial,,,,,,True,80,generated_adversarial
take blueberries off plate sink,Please place the blue fruit currently on the plate into the sink.,natural,,0.0,0.4142,-7.6991,0.3787,False,64,generated_natural
take blueberries off plate sink,"Regarding the small spherical blue fruits currently resting upon the flat ceramic dish, I require you to physically relocate all of them into the plumbing basin.",adversarial,,0.0054439200192133,0.4523,-8.1152,0.359,False,64,generated_adversarial
take blueberries off plate sink,The sink is where the blueberries on the plate need to go.,natural,,0.0206603322950431,0.5586,-7.5962,0.37,False,64,generated_natural
take blueberries off plate sink,"Provided that the plate has not yet been entirely cleared, it would be immensely helpful if you could rid it of its blueberries by depositing them directly into the sink.",adversarial,,0.3268917750734784,2.6981,-5.6618,0.2569,False,64,generated_adversarial
take blueberries off plate sink,"If it is not too much trouble, liberate the flat dining surface from its burden of indigo fruit by depositing the latter into the washing basin.",adversarial,,0.365142563963144,2.9654,-6.5592,0.1981,False,64,generated_adversarial
take blueberries off plate sink,"Before undertaking any further kitchen duties, redirect your end-effector to the flat serving ware and convey the entirety of the blueberries from its surface directly into the washing basin.",adversarial,,0.4739834876918812,3.7258,-4.5555,0.2096,False,64,generated_adversarial
take blueberries off plate sink,Transfer the blueberries from the plate into the kitchen sink.,natural,,0.4758401763872868,3.7388,-3.4471,0.252,False,64,generated_natural
take blueberries off plate sink,Move the blueberries from the plate to the sink.,natural,,0.5070895396111166,3.9571,-3.3903,0.2349,False,64,generated_natural
take blueberries off plate sink,Pick up the blueberries from the plate and set them down in the sink.,natural,,0.7716659230878111,5.8056,-1.921,0.1293,False,64,generated_natural
take blueberries off plate sink,grab the grapes out of the sink plate,search,,0.7797209602965766,5.8619,-2.227,0.1123,False,64,search_boards
take blueberries off plate sink,Clear the berries off that dish and put them in the sink.,natural,,0.7838434714676246,5.8907,-2.2633,0.1083,False,64,generated_natural
take blueberries off plate sink,Take those blueberries off the plate and drop them in the basin.,natural,,0.7870138984924178,5.9129,-1.7181,0.1278,False,64,generated_natural
take blueberries off plate sink,remove the grapes from the plate inside the sink,search,,0.7995356778092543,6.0003,-2.1204,0.1043,False,64,search_boards
take blueberries off plate sink,remove the grapes from the sink plate,search,,0.8117153968246097,6.0854,-1.9484,0.1035,False,64,search_boards
take blueberries off plate sink,grab the grapes off the plate in the sink,search,,0.8455142833717167,6.3216,-1.6778,0.0933,False,64,search_boards
take blueberries off plate sink,Empty the blueberries from the plate right into the sink.,natural,,0.9121496982948468,6.7871,-0.8737,0.0837,False,64,generated_natural
take blueberries off plate sink,take blueberries off plate sink,original,,1.0,7.4009,0.2996,0.0756,False,64,search_boards
take bowl off plate,Move the bowl so it is no longer sitting on the plate.,natural,,0.0,-1.2645,-7.0116,0.554,False,64,generated_natural
take bowl off plate,"Assuming the dishware is currently stacked, I would be much obliged if you could elevate the concave vessel so that it ceases to rest upon the flat ceramic dish.",adversarial,,0.182540856325247,0.5361,-8.3304,0.3431,False,64,generated_adversarial
take bowl off plate,"Directing your attention to the stacked dishware, please grasp the upper, deeper container and transfer it off of the flattened dish below.",adversarial,,0.3187216392485338,1.8793,-7.2074,0.2686,False,64,generated_adversarial
take bowl off plate,"Should you find the deep eating receptacle situated atop the flat piece of crockery, your objective is to separate the two by hoisting the former completely away from the latter.",adversarial,,0.4762118269131372,3.4327,-6.252,0.1688,False,64,generated_adversarial
take bowl off plate,"Without disturbing the flat serving dish positioned beneath it, carefully extract the receptacle designed for holding liquids from its current resting place.",adversarial,,0.5461000804055602,4.1221,-5.1079,0.1529,False,64,generated_adversarial
take bowl off plate,Pick up the soup bowl from the dinner plate.,natural,,0.732096693815017,5.9567,-1.7008,0.1246,False,64,generated_natural
take bowl off plate,remove the blue bowl from the yellow coaster,search,,0.7345532893613217,5.9809,-2.3585,0.0966,False,64,search_boards
take bowl off plate,remove the blue bowl from the coaster,search,,0.7698560715466258,6.3291,-1.6941,0.092,False,64,search_boards
take bowl off plate,lift the blue bowl off the yellow coaster,search,,0.7888688021067031,6.5167,-1.7796,0.072,False,64,search_boards
take bowl off plate,take the blue bowl off the yellow coaster,search,,0.8028213854417884,6.6543,-1.3137,0.0782,False,64,search_boards
take bowl off plate,take the blue bowl off the coaster,search,,0.8224144834430918,6.8475,-0.7124,0.0847,False,64,search_boards
take bowl off plate,lift the blue bowl off the yellow plate,search,,0.8935111457989253,7.5488,0.3796,0.0656,False,64,search_boards
take bowl off plate,lift the blue bowl off the plate,search,,0.973047636026914,8.3333,1.427,0.0375,False,64,search_boards
take bowl off plate,remove the bowl from its plate,search,,0.9834034521441972,8.4355,1.5107,0.0317,False,64,search_boards
take bowl off plate,Please remove the bowl from the plate.,natural,,0.9864420044672996,8.4655,1.6547,0.0347,False,64,generated_natural
take bowl off plate,Unstack the bowl from the plate.,natural,,0.988307123000534,8.4839,1.5665,0.0296,False,64,generated_natural
take bowl off plate,Grab the bowl and take it off the plate.,natural,,0.9912248146360886,8.5126,1.746,0.0341,False,64,generated_natural
take bowl off plate,Lift that bowl off the plate.,natural,,0.9923028163407968,8.5233,1.688,0.0309,False,64,generated_natural
take bowl off plate,Clear the bowl off of the plate.,natural,,0.9935959027453032,8.536,1.6261,0.0274,False,64,generated_natural
take bowl off plate,Get the bowl off the plate.,natural,,0.9986454529675736,8.5858,1.7295,0.027,False,64,generated_natural
take bowl off plate,take bowl off plate,original,,1.0,8.5992,1.8917,0.0322,False,64,search_boards
take bowl off plate cardboard fence,Elevate the hemispherical dining receptacle so that it is no longer supported by the flat serving surface situated near the miniature corrugated barrier.,adversarial,,0.0,0.6745,-8.5804,0.3211,False,64,generated_adversarial
take bowl off plate cardboard fence,Pick up the bowl sitting on the plate by the cardboard fence.,natural,,0.2776336326645171,2.8804,-3.1537,0.3393,False,64,generated_natural
take bowl off plate cardboard fence,"Should you perceive a flat serving dish situated in the proximity of the temporary paperboard enclosure, your objective is to grasp and entirely remove the deep culinary vessel stationed upon it.",adversarial,,0.3280120597486997,3.2807,-5.8923,0.1964,False,64,generated_adversarial
take bowl off plate cardboard fence,"Assuming you have identified the flat dish located in the vicinity of the makeshift cardboard barrier, kindly execute a vertical extraction of the bowl resting atop it.",adversarial,,0.3548229598739449,3.4937,-5.2807,0.2016,False,64,generated_adversarial
take bowl off plate cardboard fence,remove the blue bowl from the green saucer,search,,0.5977940304899376,5.4242,-2.8838,0.1252,False,64,search_boards
take bowl off plate cardboard fence,take the blue cup off the green saucer,search,,0.6019667866452083,5.4574,-2.9555,0.1194,False,64,search_boards
take bowl off plate cardboard fence,The vessel designed for holding soup must be immediately separated and removed from the surface of the plate that lies near the small fence made of cardboard.,adversarial,,0.6100115488955064,5.5213,-3.0482,0.1101,False,64,generated_adversarial
take bowl off plate cardboard fence,remove the blue cup from the green plate,search,,0.6329959171657599,5.7039,-2.802,0.1037,False,64,search_boards
take bowl off plate cardboard fence,take the blue cup off the green plate,search,,0.6833468807303233,6.104,-2.0833,0.0966,False,64,search_boards
take bowl off plate cardboard fence,lift the blue bowl off the green saucer,search,,0.7448493979448113,6.5926,-1.3869,0.0807,False,64,search_boards
take bowl off plate cardboard fence,take the blue bowl off the green saucer,search,,0.7833428195572028,6.8985,-0.9955,0.0691,False,64,search_boards
take bowl off plate cardboard fence,move the blue bowl off the green plate,search,,0.8184789885187254,7.1777,-0.2902,0.0721,False,64,search_boards
take bowl off plate cardboard fence,Get that bowl off the plate next to the cardboard fence.,natural,,0.9144321325258804,7.94,0.9614,0.0539,False,64,generated_natural
take bowl off plate cardboard fence,Grab the bowl off the plate located at the cardboard fence.,natural,,0.9324365729264912,8.0831,1.0304,0.044,False,64,generated_natural
take bowl off plate cardboard fence,Please move the bowl off the plate by the cardboard enclosure.,natural,,0.940199909618677,8.1448,1.1767,0.0443,False,64,generated_natural
take bowl off plate cardboard fence,Can you lift the bowl off the plate within the cardboard fence?,natural,,0.947137344884025,8.1999,1.2228,0.0412,False,64,generated_natural
take bowl off plate cardboard fence,Clear the bowl from the plate that is next to the cardboard fence.,natural,,0.9550407871293368,8.2627,1.2561,0.037,False,64,generated_natural
take bowl off plate cardboard fence,Remove the bowl from the plate near the cardboard fence.,natural,,0.9591487173367744,8.2953,1.329,0.037,False,64,generated_natural
take bowl off plate cardboard fence,Take the bowl away from the plate and the cardboard fence.,natural,,0.9696109036706652,8.3785,1.5833,0.0396,False,64,generated_natural
take bowl off plate cardboard fence,take bowl off plate cardboard fence,original,,1.0,8.6199,1.8255,0.0278,False,64,search_boards
take broccoli out of pan,I would be most grateful if you could see to it that the miniature green tree-like flora is no longer residing within the metallic cooking vessel.,adversarial,,0.0,1.5942,-8.7055,0.2349,False,64,generated_adversarial
take broccoli out of pan,"Divest the shallow metallic skillet of its verdant, crown-shaped botanical contents by elevating the vegetable until it is completely free of the cookware.",adversarial,,0.1787918627307154,2.7067,-6.7737,0.2125,False,64,generated_adversarial
take broccoli out of pan,"Provided that the pan currently contains the cruciferous vegetable, proceed to execute a sequence of motions that results in its complete extraction.",adversarial,,0.5297851805660213,4.8906,-3.5442,0.1464,False,64,generated_adversarial
take broccoli out of pan,Can you grab the green vegetable out of the pan for me?,natural,,0.6074562637857522,5.3739,-3.1186,0.1204,False,64,generated_natural
take broccoli out of pan,"Regarding the pan's current contents, perform a grasping maneuver to entirely extricate the stalky green vegetable from the cookware.",adversarial,,0.6461581905383453,5.6147,-2.4962,0.1236,False,64,generated_adversarial
take broccoli out of pan,pick up the green broccoli from the pot,search,,0.7767330928236413,6.4271,-1.6822,0.0838,False,64,search_boards
take broccoli out of pan,grab the green broccoli from the pot,search,,0.8098217626127077,6.633,-1.3845,0.0773,False,64,search_boards
take broccoli out of pan,lift the green broccoli from the pot,search,,0.8409979045725826,6.827,-1.1544,0.0692,False,64,search_boards
take broccoli out of pan,remove the green broccoli from the pot,search,,0.8470051579953475,6.8644,-0.843,0.0781,False,64,search_boards
take broccoli out of pan,pick up the broccoli from the pot,search,,0.871383451126742,7.016,-0.5646,0.0756,False,64,search_boards
take broccoli out of pan,grab the broccoli from the pot,search,,0.8718983328272446,7.0192,-0.5525,0.0758,False,64,search_boards
take broccoli out of pan,remove broccoli from metal pot,search,,0.9158310629039996,7.2926,0.066,0.076,False,64,search_boards
take broccoli out of pan,Pick up the broccoli that is currently sitting in the pan.,natural,,0.9333879280872042,7.4018,0.0649,0.0663,False,64,generated_natural
take broccoli out of pan,Pull the broccoli out of the pan.,natural,,0.9774363459958676,7.6759,0.6351,0.0644,False,64,generated_natural
take broccoli out of pan,Fetch the broccoli from inside the pan.,natural,,0.9809043747185532,7.6975,0.6169,0.0618,False,64,generated_natural
take broccoli out of pan,Clear the broccoli out of the pan.,natural,,0.9867885753662826,7.7341,0.6602,0.0603,False,64,generated_natural
take broccoli out of pan,Remove the broccoli from the pan.,natural,,0.9872182714566664,7.7368,0.7515,0.0636,False,64,generated_natural
take broccoli out of pan,Extract the broccoli from that pan.,natural,,0.9881359881034034,7.7425,0.7505,0.0631,False,64,generated_natural
take broccoli out of pan,Please lift the broccoli out of the cooking pan.,natural,,0.9899175885861048,7.7536,0.6675,0.0588,False,64,generated_natural
take broccoli out of pan,take broccoli out of pan,original,,1.0,7.8163,0.8972,0.0623,False,64,search_boards
take carrot off plate,Direct your manipulator to elevate the orange taproot until it ceases all physical contact with the shallow dining vessel.,adversarial,,0.0,2.9016,-5.7957,0.2337,False,64,generated_adversarial
take carrot off plate,Displace the tapered orange vegetable such that it is no longer making any physical contact with the flat dining receptacle.,adversarial,,0.1175711082141045,3.5208,-5.131,0.2051,False,64,generated_adversarial
take carrot off plate,"Assuming you have identified the flat ceramic serving vessel, execute a maneuver to entirely disengage the elongated orange root from its surface.",adversarial,,0.1476321412750616,3.6791,-5.4663,0.1779,False,64,generated_adversarial
take carrot off plate,Move the root vegetable off the dish.,natural,,0.3054465865453143,4.5103,-4.9774,0.1237,False,64,generated_natural
take carrot off plate,Clear the orange vegetable from the plate.,natural,,0.5686628471928371,5.8965,-2.4227,0.1016,False,64,generated_natural
take carrot off plate,Can you pick the carrot up off the dish?,natural,,0.7360265503749865,6.778,-0.2609,0.1086,False,64,generated_natural
take carrot off plate,Retrieve the carrot from the flat dish.,natural,,0.8164149565308413,7.2014,-0.1843,0.0742,False,64,generated_natural
take carrot off plate,grasp the carrot and lift it up from the plate,search,,0.8196640355840599,7.2185,0.4142,0.0962,False,64,search_boards
take carrot off plate,grab the orange carrot from the green plate,search,,0.820664152118712,7.2237,-0.0076,0.0791,False,64,search_boards
take carrot off plate,Would you be so kind as to reach out and completely separate the carrot from the plate upon which it is presently situated.,adversarial,,0.8493232895145397,7.3747,0.2089,0.0743,False,64,generated_adversarial
take carrot off plate,grasp the orange carrot and lift it off the plate,search,,0.8717427773880766,7.4927,0.4056,0.0716,False,64,search_boards
take carrot off plate,Please grab the carrot that is on the plate.,natural,,0.8857364373212039,7.5664,0.6949,0.0765,False,64,generated_natural
take carrot off plate,grab the carrot from the green plate,search,,0.8952748698295085,7.6167,0.5203,0.0652,False,64,search_boards
take carrot off plate,pick up the carrot from the plate,search,,0.942687138737023,7.8664,0.8716,0.0569,False,64,search_boards
take carrot off plate,grasp the carrot and lift it off the plate,search,,0.9489972591162106,7.8996,0.9459,0.0569,False,64,search_boards
take carrot off plate,Lift the carrot away from the plate.,natural,,0.9670229836089902,7.9945,1.0071,0.0509,False,64,generated_natural
take carrot off plate,pick the carrot up off the plate,search,,0.9703151858844452,8.0119,1.0472,0.0509,False,64,search_boards
take carrot off plate,Get the carrot off the plate.,natural,,0.9787837124466988,8.0565,1.1107,0.0495,False,64,generated_natural
take carrot off plate,Remove the carrot from the plate.,natural,,0.9863819814679377,8.0965,1.1166,0.0462,False,64,generated_natural
take carrot off plate,take carrot off plate,original,,1.0,8.1682,1.27,0.0459,False,64,search_boards
take carrot off plate,Please initiate a sequence of grasping and lifting motions aimed at the beta-carotene-rich vegetable in order to completely unburden the circular porcelain dish of its presence.,adversarial,,,,,,True,80,generated_adversarial
take carrot out of pot cardboard fence,"Should it be the case that your manipulators are free, I would be most grateful if you could extract the elongated orange taproot from its current receptacle, which happens to be the pot situated within the corrugated paper boundary.",adversarial,,0.0,2.7723,-5.6747,0.2499,False,64,generated_adversarial
take carrot out of pot cardboard fence,"Disregarding all other items in the workspace, execute a sequence of motions to liberate the cylindrical, orange culinary root from the interior of the cooking vessel that happens to be sequestered behind a miniature fortification crafted from corrugated cellulose.",adversarial,,0.4164455214359738,5.1019,-3.8371,0.1162,False,64,generated_adversarial
take carrot out of pot cardboard fence,"Initiate a grasping maneuver to retrieve the conical, beta-carotene-rich item from the confines of the cookware encircled by a corrugated paper enclosure.",adversarial,,0.4249751332333805,5.1496,-3.5475,0.1234,False,64,generated_adversarial
take carrot out of pot cardboard fence,"Provided the workspace is clear, please proceed to separate the crunchy orange vegetable from the confines of the cooking vessel that is presently guarded by a makeshift barrier of cardboard.",adversarial,,0.7256192197215091,6.8314,-1.0557,0.0727,False,64,generated_adversarial
take carrot out of pot cardboard fence,take carrot out of the cup,search,,0.734613875407579,6.8817,-0.4594,0.0916,False,64,search_boards
take carrot out of pot cardboard fence,move the carrot out of the pot,search,,0.7806873773724187,7.1394,-0.6475,0.0615,False,64,search_boards
take carrot out of pot cardboard fence,move carrot out of the pot,search,,0.8117429224651943,7.3132,-0.3175,0.0591,False,64,search_boards
take carrot out of pot cardboard fence,Please pick up the orange root vegetable from the pot enclosed by cardboard.,natural,,0.8269797099019771,7.3984,-0.057,0.0618,False,64,generated_natural
take carrot out of pot cardboard fence,get the carrot out of the pot,search,,0.8694968255975744,7.6362,0.1386,0.0484,False,64,search_boards
take carrot out of pot cardboard fence,take carrot out of pot,search,,0.8724295901471508,7.6526,0.1277,0.0466,False,64,search_boards
take carrot out of pot cardboard fence,Can you grab the orange vegetable out of the pot with the cardboard fence?,natural,,0.8772010319433058,7.6793,0.2891,0.0506,False,64,generated_natural
take carrot out of pot cardboard fence,Extract the carrot that is sitting in the cardboard fence pot.,natural,,0.9882968008074756,8.3008,1.1485,0.0294,False,64,generated_natural
take carrot out of pot cardboard fence,Retrieve the carrot from inside the pot with the cardboard fence.,natural,,0.9885803219282008,8.3024,1.2086,0.0316,False,64,generated_natural
take carrot out of pot cardboard fence,take carrot out of pot cardboard fence,original,,0.9891893930375488,8.3058,1.3814,0.0381,False,64,search_boards
take carrot out of pot cardboard fence,Remove the carrot from the pot inside the cardboard fence.,natural,,0.9913793539089728,8.318,1.1909,0.0295,False,64,generated_natural
take carrot out of pot cardboard fence,Get that carrot out of the cardboard fence's pot.,natural,,0.9924932933528244,8.3243,1.1525,0.0275,False,64,generated_natural
take carrot out of pot cardboard fence,Take the carrot out of the pot by the cardboard fence.,natural,,0.9962044031840256,8.345,1.2296,0.0287,False,64,generated_natural
take carrot out of pot cardboard fence,Pull the carrot out of the pot in the cardboard fence.,natural,,1.0,8.3663,1.2445,0.0274,False,64,generated_natural
take clothes out of laundry machine,take the cloth out of the dryer,search,,0.0,-0.3897,-10.1389,0.3539,False,64,search_boards
take clothes out of laundry machine,It would be most helpful if you were to extricate the wearable items from the interior cavity of the laundering appliance.,adversarial,,0.1409955013563599,0.8145,-9.0139,0.2917,False,64,generated_adversarial
take clothes out of laundry machine,take cloth out of dryer,search,,0.3012626726330196,2.1833,-6.5198,0.2687,False,64,search_boards
take clothes out of laundry machine,"Should you find yourself available, please reach into the mechanized basin used for cleansing fabrics and extract the articles of daily attire housed within it.",adversarial,,0.3197986338069293,2.3416,-7.8064,0.2042,False,64,generated_adversarial
take clothes out of laundry machine,"Assuming the cycle has concluded, liberate the woven garments from the confines of the washing apparatus.",adversarial,,0.7594687163125303,6.0966,-2.2383,0.0911,False,64,generated_adversarial
take clothes out of laundry machine,Get the laundry out of the washer.,natural,,0.7953222559465933,6.4029,-1.6049,0.0889,False,64,generated_natural
take clothes out of laundry machine,Proceed to withdraw the fabric materials intended for dressing oneself from the machine utilized for their automated washing.,adversarial,,0.7994921495364298,6.4385,-1.8601,0.0758,False,64,generated_adversarial
take clothes out of laundry machine,pull cloth out of washing machine,search,,0.8085309968735052,6.5157,-1.8665,0.0687,False,64,search_boards
take clothes out of laundry machine,Take the clean laundry out of the washing machine.,natural,,0.8197704462498435,6.6117,-1.1012,0.0903,False,64,generated_natural
take clothes out of laundry machine,remove cloth from washing machine,search,,0.8812280191022089,7.1366,-0.3259,0.0744,False,64,search_boards
take clothes out of laundry machine,remove white cloth from washing machine,search,,0.8909368003730245,7.2195,-0.1925,0.0723,False,64,search_boards
take clothes out of laundry machine,remove the cloth from the washing machine,search,,0.8956964193210567,7.2601,-0.1801,0.0692,False,64,search_boards
take clothes out of laundry machine,Empty the clothes out of the washer.,natural,,0.9014417160264614,7.3092,-0.0392,0.0704,False,64,generated_natural
take clothes out of laundry machine,Can you grab the garments from the machine?,natural,,0.9028409520843782,7.3211,-0.3411,0.0574,False,64,generated_natural
take clothes out of laundry machine,"From the washer, please take out all the clothes.",natural,,0.9249552149450356,7.51,0.1325,0.0594,False,64,generated_natural
take clothes out of laundry machine,Pull the clothes from the washing machine.,natural,,0.9587719390607752,7.7988,0.4883,0.0478,False,64,generated_natural
take clothes out of laundry machine,Unload the clothes from the washing machine.,natural,,0.974933310355721,7.9369,0.677,0.043,False,64,generated_natural
take clothes out of laundry machine,Remove the clothing from the laundry machine.,natural,,0.9907417259042752,8.0719,0.8992,0.0398,False,64,generated_natural
take clothes out of laundry machine,take clothes out of laundry machine,original,,1.0,8.151,1.0218,0.0377,False,64,search_boards
take corn out of bowl sink,Direct your attention to the concave culinary vessel stationed inside the washbasin and proceed to relieve it of the yellow maize it currently harbors.,adversarial,,0.0,1.32,-7.6147,0.302,False,64,generated_adversarial
take corn out of bowl sink,I would be exceedingly grateful if you could somehow manage to liberate the ear of corn from its temporary resting place inside the sink's bowl.,adversarial,,0.1832885429600594,2.4665,-6.0431,0.2624,False,64,generated_adversarial
take corn out of bowl sink,Reach into the bowl in the sink and pull out the corn.,natural,,0.3921491445810166,3.773,-4.3241,0.2145,False,64,generated_natural
take corn out of bowl sink,"Out of the bowl in the sink, fetch the corn.",natural,,0.5674968919072105,4.8698,-3.2759,0.1588,False,64,generated_natural
take corn out of bowl sink,Execute a physical extraction of the maize from within the confines of the concave dish currently residing in the plumbing fixture.,adversarial,,0.6263283113839849,5.2378,-3.9633,0.0993,False,64,generated_adversarial
take corn out of bowl sink,"Provided that the yellow, kernel-covered vegetable is currently occupying the concave receptacle located within the washbasin, proceed to extract it from that vessel.",adversarial,,0.692105882378682,5.6492,-3.3513,0.0869,False,64,generated_adversarial
take corn out of bowl sink,Lift the yellow cob out of the bowl sitting inside the sink.,natural,,0.7558757415835591,6.0481,-2.0102,0.1044,False,64,generated_natural
take corn out of bowl sink,Get the yellow vegetable out of that bowl in the sink.,natural,,0.8073013316095307,6.3698,-1.3804,0.1007,False,64,generated_natural
take corn out of bowl sink,Pick up the corn from the bowl that is in the washbasin.,natural,,0.8673899659803498,6.7456,-1.052,0.0804,False,64,generated_natural
take corn out of bowl sink,Please grab the ear of corn out of the sink's bowl.,natural,,0.8728696584156458,6.7799,-0.9109,0.0829,False,64,generated_natural
take corn out of bowl sink,take the corn out of the blue cup,search,,0.8833983156124929,6.8458,-0.8619,0.079,False,64,search_boards
take corn out of bowl sink,get the corn from the blue bowl,search,,0.909137217103462,7.0068,-0.6236,0.0741,False,64,search_boards
take corn out of bowl sink,Remove the corn from the bowl in the sink.,natural,,0.9273161137291686,7.1205,-0.1757,0.0817,False,64,generated_natural
take corn out of bowl sink,take corn from blue bowl,search,,0.9297133856231556,7.1355,-0.3625,0.073,False,64,search_boards
take corn out of bowl sink,take corn out of bowl,search,,0.9357033118821728,7.173,-0.4723,0.0654,False,64,search_boards
take corn out of bowl sink,Take the piece of corn out of the sink bowl.,natural,,0.9366557076530448,7.1789,-0.3116,0.0712,False,64,generated_natural
take corn out of bowl sink,take corn out of the blue bowl,search,,0.9548471252768448,7.2927,-0.0828,0.0701,False,64,search_boards
take corn out of bowl sink,take corn out of bowl sink,original,,1.0,7.5751,0.3409,0.0618,False,64,search_boards
take cucumber out of cup,"Displace the elongated, water-rich botanical specimen from its present enclosure within the confines of the liquid-holding vessel.",adversarial,,0.0,-0.037,-9.476,0.3488,False,64,generated_adversarial
take cucumber out of cup,"If it is not too much trouble, could you please extract the elongated green salad ingredient from the vessel typically used for drinking?",adversarial,,0.6887417898088888,5.4924,-4.1839,0.0681,False,64,generated_adversarial
take cucumber out of cup,Lift the green vegetable out of the cup.,natural,,0.7570512436613988,6.0408,-2.4783,0.0866,False,64,generated_natural
take cucumber out of cup,Reach inside the cup and pull out the cucumber.,natural,,0.8170848725054651,6.5228,-1.8545,0.0685,False,64,generated_natural
take cucumber out of cup,Commence the extraction of the cucumber that is presently contained within the cylindrical drinking vessel.,adversarial,,0.8223406247626327,6.565,-1.6901,0.0713,False,64,generated_adversarial
take cucumber out of cup,pull the green cucumber out of the red cup,search,,0.8341931135310442,6.6601,-1.5437,0.0686,False,64,search_boards
take cucumber out of cup,"Ensuring that no other items are disturbed, take the cucumber that is currently residing within the confines of the cup and separate it from that container.",adversarial,,0.8407039412562496,6.7124,-1.648,0.0599,False,64,generated_adversarial
take cucumber out of cup,pull the green cucumber out of the cup,search,,0.8745151147455233,6.9838,-0.9131,0.0648,False,64,search_boards
take cucumber out of cup,lift the green cucumber out of the cup,search,,0.8907920460389308,7.1145,-0.9475,0.0519,False,64,search_boards
take cucumber out of cup,Can you grab the cucumber out of that cup for me?,natural,,0.9060995270474858,7.2374,-0.6389,0.0531,False,64,generated_natural
take cucumber out of cup,pick up the cucumber from inside the cup,search,,0.9222353913426872,7.3669,-0.4053,0.0509,False,64,search_boards
take cucumber out of cup,Pluck the cucumber from inside the cup.,natural,,0.9312361115078872,7.4392,-0.2171,0.0519,False,64,generated_natural
take cucumber out of cup,take the cucumber out of the red cup,search,,0.944501532083122,7.5457,-0.0528,0.0489,False,64,search_boards
take cucumber out of cup,pull the cucumber out of the cup,search,,0.9455812723643184,7.5544,-0.0441,0.0485,False,64,search_boards
take cucumber out of cup,Pull the cucumber out of the cup.,natural,,0.9595670850469354,7.6667,0.1617,0.0467,False,64,generated_natural
take cucumber out of cup,Get the cucumber from the cup.,natural,,0.961863782490225,7.6851,0.2123,0.047,False,64,generated_natural
take cucumber out of cup,Take the cucumber out of the drinking cup.,natural,,0.9682788251402968,7.7366,0.2802,0.0451,False,64,generated_natural
take cucumber out of cup,Remove the cucumber from the cup.,natural,,0.9729938732971302,7.7745,0.3705,0.0453,False,64,generated_natural
take cucumber out of cup,take cucumber out of cup,original,,1.0,7.9913,0.745,0.0409,False,64,search_boards
take cup off plate,Pick up the cup that's sitting on the plate.,natural,,0.0,-0.6557,-7.6667,0.4745,False,64,generated_natural
take cup off plate,"Regarding the vessel typically used for consuming beverages, please elevate it such that it is no longer resting upon the flat ceramic serving dish.",adversarial,,0.1247949445706384,0.3955,-8.2118,0.3602,False,64,generated_adversarial
take cup off plate,I would be most obliged if you could see to it that the handled drinking vessel is promptly hoisted away from the shallow glazed platter currently serving as its base.,adversarial,,0.1738991819281975,0.8091,-8.3935,0.3165,False,64,generated_adversarial
take cup off plate,Ensure that the cylindrical drinking vessel is entirely physically separated from the flat ceramic dish currently supporting it.,adversarial,,0.2849085608213887,1.7442,-6.6828,0.3011,False,64,generated_adversarial
take cup off plate,"If it would not be too much of an imposition, I require you to extract the drinking container from atop the circular platter situated immediately beneath it.",adversarial,,0.3637273132319323,2.4081,-6.6056,0.2455,False,64,generated_adversarial
take cup off plate,Grab the coffee mug from the dinner plate.,natural,,0.7038730636709657,5.2734,-2.7039,0.1456,False,64,generated_natural
take cup off plate,Lift the mug off the dish.,natural,,0.704173805301866,5.2759,-2.5992,0.1495,False,64,generated_natural
take cup off plate,Take the cup away from the dish it is resting on.,natural,,0.8453239763578969,6.4649,-1.6045,0.0835,False,64,generated_natural
take cup off plate,remove the orange cup from the yellow plate,search,,0.8570961426291175,6.5641,-0.9354,0.101,False,64,search_boards
take cup off plate,remove orange cup from yellow plate,search,,0.8712609010728729,6.6834,-0.8602,0.0934,False,64,search_boards
take cup off plate,take the orange cup away from the yellow plate,search,,0.8774421520500226,6.7355,-0.8961,0.0874,False,64,search_boards
take cup off plate,take the orange cup off the yellow plate,search,,0.8970718806825762,6.9008,-0.6006,0.0844,False,64,search_boards
take cup off plate,remove orange cup from plate,search,,0.8980723033093931,6.9093,-0.4402,0.0899,False,64,search_boards
take cup off plate,take orange cup off yellow plate,search,,0.9193598743727468,7.0886,-0.2638,0.081,False,64,search_boards
take cup off plate,pick up the orange cup off the plate,search,,0.951745695501956,7.3614,0.2089,0.0755,False,64,search_boards
take cup off plate,grab the orange cup from the plate,search,,0.9575797674317522,7.4105,0.204,0.071,False,64,search_boards
take cup off plate,take orange cup off plate,search,,0.9582049374724324,7.4158,0.3104,0.0747,False,64,search_boards
take cup off plate,I need that cup moved off the plate.,natural,,0.9598753229550002,7.4299,0.192,0.0688,False,64,generated_natural
take cup off plate,grab the orange cup off the plate,search,,0.9637889017235904,7.4628,0.2476,0.068,False,64,search_boards
take cup off plate,Could you move the cup off the plate for me?,natural,,0.9772655111531716,7.5763,0.3595,0.0624,False,64,generated_natural
take cup off plate,Get the cup off of that plate.,natural,,0.98819344288458,7.6684,0.8171,0.0723,False,64,generated_natural
take cup off plate,Please remove the cup from the plate.,natural,,0.9995599802096669,7.7641,0.848,0.065,False,64,generated_natural
take cup off plate,take cup off plate,original,,1.0,7.7679,1.0137,0.0712,False,64,search_boards
take cup off plate,"Direct your manipulators to the item from which one might sip tea, and separate it vertically from the shallow, flat dish presently bearing its weight.",adversarial,,,,,,True,80,generated_adversarial
take lid off pot,"Provided that you are ready to proceed, I would be deeply obliged if you could locate the vessel primarily used for boiling water and liberate it from its circular capping enclosure.",adversarial,,0.0,3.7996,-5.4296,0.1687,False,64,generated_adversarial
take lid off pot,"To facilitate access to the interior of the cookware, gently but firmly elevate the removable topmost barrier until it is no longer resting upon the rim.",adversarial,,0.0375686816671119,3.9488,-5.4473,0.1549,False,64,generated_adversarial
take lid off pot,can you uncover the saucepan for me,natural,,0.2209148288872441,4.6771,-3.6295,0.1619,False,64,generated_natural
take lid off pot,"Should your current operational parameters allow, please apprehend the protective circular canopy resting atop the primary boiling vessel and completely disengage it from the rim.",adversarial,,0.3374531416555508,5.14,-3.9053,0.1102,False,64,generated_adversarial
take lid off pot,"Regarding the deep cookware situated before you, it is necessary that you grasp its removable ceiling and separate it completely from the main vessel.",adversarial,,0.3451613563581905,5.1706,-3.6709,0.1167,False,64,generated_adversarial
take lid off pot,the lid on that pot needs to be removed,natural,,0.6614809687515993,6.4271,-1.0614,0.1081,False,64,generated_natural
take lid off pot,lift up the orange lid from the pot,search,,0.699518321764082,6.5782,-0.8448,0.1033,False,64,search_boards
take lid off pot,pick up the orange lid from the pot,search,,0.726724955696833,6.6863,-0.625,0.1024,False,64,search_boards
take lid off pot,remove the lid from the pot,natural,,0.7866119852547553,6.9242,-0.5578,0.084,False,64,generated_natural
take lid off pot,open the pot by taking off the lid,natural,,0.7866709565146192,6.9244,-0.4123,0.0897,False,64,generated_natural
take lid off pot,lift the cover off the cooking pot,natural,,0.8006550584854718,6.9799,-0.2822,0.0899,False,64,generated_natural
take lid off pot,remove orange lid from pot,search,,0.811089494467966,7.0214,-0.1202,0.0926,False,64,search_boards
take lid off pot,grab the lid and lift it off the pot,natural,,0.8123235675415096,7.0263,0.0502,0.0989,False,64,generated_natural
take lid off pot,take the top off the pot,natural,,0.833819965990548,7.1117,-0.0594,0.087,False,64,generated_natural
take lid off pot,take the orange lid off the pot,search,,0.8840003408472706,7.311,0.2062,0.0798,False,64,search_boards
take lid off pot,Pop the lid off that pot.,natural,,0.8962866656221243,7.3598,0.2553,0.0774,False,64,generated_natural
take lid off pot,lift orange lid off the pot,search,,0.8978095929748173,7.3658,0.2932,0.0784,False,64,search_boards
take lid off pot,remove orange lid off pot,search,,0.9211685949232428,7.4586,0.3437,0.0722,False,64,search_boards
take lid off pot,take lid off pot,original,,1.0,7.7718,1.1845,0.0775,False,64,search_boards
take lid off pot or pan,Divest the primary culinary basin of its uppermost sealing plate by hoisting said component entirely away from the rim.,adversarial,,0.0,3.3058,-4.8497,0.2351,False,64,generated_adversarial
take lid off pot or pan,Proceed to detach the covering component currently affixed to the top of the stovetop cookware.,adversarial,,0.1824407835696864,4.0087,-4.406,0.1905,False,64,generated_adversarial
take lid off pot or pan,I would be most appreciative if you could grasp the circular covering situated atop the culinary pot and remove it entirely.,adversarial,,0.2766752269949635,4.3718,-3.1127,0.2092,False,64,generated_adversarial
take lid off pot or pan,"Provided that the cooking receptacle is presently concealed, kindly elevate its uppermost barrier and separate it from the vessel.",adversarial,,0.4002552446133486,4.8479,-2.9427,0.1738,False,64,generated_adversarial
take lid off pot or pan,remove the metal lid from the pot,search,,0.4262009553654753,4.9478,-2.8402,0.169,False,64,search_boards
take lid off pot or pan,take the lid off the silver pot,search,,0.4434344454043001,5.0142,-2.9361,0.1593,False,64,search_boards
take lid off pot or pan,remove the lid of the silver pot,search,,0.4569768370374887,5.0664,-2.6591,0.1656,False,64,search_boards
take lid off pot or pan,take off the metal lid from the pot,search,,0.4786466628222931,5.1499,-2.7043,0.1565,False,64,search_boards
take lid off pot or pan,take off the lid of the silver pot,search,,0.4855780183140105,5.1766,-2.7086,0.1539,False,64,search_boards
take lid off pot or pan,Grab the lid and remove it from the pot.,natural,,0.5380669550646454,5.3788,-2.456,0.146,False,64,generated_natural
take lid off pot or pan,take the metal lid off the pot,search,,0.544788182974952,5.4047,-2.4519,0.1439,False,64,search_boards
take lid off pot or pan,Uncover the pot by lifting the lid away.,natural,,0.5669553302779847,5.4901,-2.0288,0.1529,False,64,generated_natural
take lid off pot or pan,Take the top off the saucepan.,natural,,0.6374451935489321,5.7617,-2.2511,0.1202,False,64,generated_natural
take lid off pot or pan,Please lift the cover off the cooking pot.,natural,,0.8552187436010883,6.6007,-0.7972,0.1032,False,64,generated_natural
take lid off pot or pan,Can you take the lid off the pan for me?,natural,,0.8579172536899133,6.6111,-0.4207,0.117,False,64,generated_natural
take lid off pot or pan,Remove the lid from the pan.,natural,,0.8899184700004334,6.7344,-0.3068,0.1106,False,64,generated_natural
take lid off pot or pan,Pull the lid off the pan.,natural,,0.9356886909177548,6.9107,-0.254,0.0971,False,64,generated_natural
take lid off pot or pan,Pop the lid off the cooking pan.,natural,,0.9567017360545224,6.9917,0.0182,0.1007,False,64,generated_natural
take lid off pot or pan,take lid off pot or pan,original,,1.0,7.1585,0.6893,0.1123,False,64,search_boards
take spatula off plate sink,Grab the cooking flipper that's resting on the plate and place it in the sink.,natural,,0.0,-0.6718,-8.9696,0.4247,False,64,generated_natural
take spatula off plate sink,"The utensil one typically utilizes to flip pancakes, which at this exact moment happens to be stationed atop the plate, ought to be promptly relocated into the metallic receptacle where dirty dishes are cleansed.",adversarial,,0.082417181625893,0.0089,-8.313,0.3904,False,64,generated_adversarial
take spatula off plate sink,"With the objective of clearing the dishware, lift the flat-edged flipping tool away from the circular dining platter and deposit it securely into the plumbing fixture meant for washing.",adversarial,,0.2285877100636262,1.2161,-7.0545,0.3332,False,64,generated_adversarial
take spatula off plate sink,Put the spatula into the kitchen sink after picking it up off the plate.,natural,,0.2497163261802504,1.3906,-5.9617,0.3607,False,64,generated_natural
take spatula off plate sink,"Assuming the role of a kitchen assistant, your immediate prerogative is to liberate the flat-bladed turning utensil from its current location atop the dining dish, subsequently abandoning it within the confines of the washing receptacle.",adversarial,,0.2728250902008358,1.5814,-7.0492,0.3011,False,64,generated_adversarial
take spatula off plate sink,"If it is not too much trouble, kindly separate the broad, flat cooking implement from the ceramic dish it currently rests upon and deposit it directly into the basin used for washing up.",adversarial,,0.2818551543925922,1.656,-7.4611,0.2783,False,64,generated_adversarial
take spatula off plate sink,Clear the plate by taking the spatula and dropping it into the washing basin.,natural,,0.3321972608217483,2.0718,-6.1,0.2951,False,64,generated_natural
take spatula off plate sink,Can you toss the spatula from the dish into the sink?,natural,,0.414064380315571,2.7479,-4.6892,0.2907,False,64,generated_natural
take spatula off plate sink,remove the spatula from the yellow plate,search,,0.8043861955500646,5.9715,-0.9922,0.1511,False,64,search_boards
take spatula off plate sink,lift the green spatula off the plate,search,,0.8160904227989714,6.0682,-1.0347,0.1409,False,64,search_boards
take spatula off plate sink,pick up the green spatula off the plate,search,,0.8300071579136722,6.1831,-0.9965,0.1322,False,64,search_boards
take spatula off plate sink,grab the green spatula off the plate,search,,0.8399741838072771,6.2654,-0.6888,0.1371,False,64,search_boards
take spatula off plate sink,take the green spatula from the plate,search,,0.8407741551889709,6.272,-0.717,0.1354,False,64,search_boards
take spatula off plate sink,take the green spatula off the plate,search,,0.8518793766676875,6.3637,-0.5482,0.1339,False,64,search_boards
take spatula off plate sink,grab the spatula from the plate,search,,0.8739912780890902,6.5464,-0.3428,0.1258,False,64,search_boards
take spatula off plate sink,Move the spatula from the plate into the sink.,natural,,0.9103558758668526,6.8467,0.0417,0.1144,False,64,generated_natural
take spatula off plate sink,Remove the spatula from the plate and leave it in the sink.,natural,,0.9520677780770922,7.1912,0.5805,0.1051,False,64,generated_natural
take spatula off plate sink,Please take the spatula off the plate and put it in the sink basin.,natural,,0.9632358950633528,7.2834,0.5958,0.0976,False,64,generated_natural
take spatula off plate sink,Transfer the spatula off the plate to the sink.,natural,,0.9854692805729324,7.467,0.7339,0.0868,False,64,generated_natural
take spatula off plate sink,take spatula off plate sink,original,,1.0,7.587,1.1792,0.0937,False,64,search_boards
take spoon out of bowl sink,Grab the metal spoon that is sitting inside the bowl in the sink.,natural,,0.0,2.2037,-6.0147,0.2867,False,64,generated_natural
take spoon out of bowl sink,Execute the extraction of the soup-sipping utensil from the interior volume of the hemispherical dish situated within the confines of the plumbed washing basin.,adversarial,,0.2056518402012804,3.2314,-5.9087,0.2001,False,64,generated_adversarial
take spoon out of bowl sink,"Prior to any other action, your objective is to withdraw the metallic stirring implement from the rounded receptacle situated inside the kitchen sink.",adversarial,,0.2584460661495001,3.4952,-5.6781,0.1859,False,64,generated_adversarial
take spoon out of bowl sink,It is required that you separate the oval-headed dining implement from the confines of the deep dish occupying the washbasin.,adversarial,,0.4007964118242672,4.2065,-5.4542,0.1318,False,64,generated_adversarial
take spoon out of bowl sink,"If you would be so kind, please extract the utensil typically used for eating soup from the concave dish currently residing within the wash basin.",adversarial,,0.5221192622158117,4.8128,-4.5053,0.1155,False,64,generated_adversarial
take spoon out of bowl sink,pick up the grey spoon from the blue bowl in the sink,search,,0.5630642249543034,5.0174,-4.2581,0.1072,False,64,search_boards
take spoon out of bowl sink,pick the spoon up from the blue bowl in the sink,search,,0.5631645459637429,5.0179,-3.4496,0.1389,False,64,search_boards
take spoon out of bowl sink,pick up spoon from the blue bowl in the sink,search,,0.5873413574134325,5.1387,-3.3831,0.1308,False,64,search_boards
take spoon out of bowl sink,pick up the spoon from the blue bowl in the sink,search,,0.6194926351095524,5.2994,-3.5249,0.111,False,64,search_boards
take spoon out of bowl sink,take the spoon from the blue bowl in the sink,search,,0.6680613253900608,5.5421,-2.7254,0.121,False,64,search_boards
take spoon out of bowl sink,take the spoon out of the blue bowl,search,,0.7261211866060227,5.8322,-2.638,0.0988,False,64,search_boards
take spoon out of bowl sink,Lift the silver spoon out of the sink's bowl.,natural,,0.8051651756062039,6.2272,-1.6533,0.1026,False,64,generated_natural
take spoon out of bowl sink,Can you fetch the spoon from the bowl resting in the sink?,natural,,0.8125711013339064,6.2642,-1.7076,0.0972,False,64,generated_natural
take spoon out of bowl sink,Pick up the spoon from the bowl located in the sink.,natural,,0.8243856779036695,6.3232,-1.5396,0.0985,False,64,generated_natural
take spoon out of bowl sink,Please get the spoon out of the sink bowl.,natural,,0.8481541816207088,6.442,-1.3737,0.0946,False,64,generated_natural
take spoon out of bowl sink,Pull the spoon out of that bowl in the sink.,natural,,0.8676132986043552,6.5392,-1.0346,0.0993,False,64,generated_natural
take spoon out of bowl sink,remove the spoon from the bowl in the sink,search,,0.881345043044589,6.6079,-1.1166,0.09,False,64,search_boards
take spoon out of bowl sink,Remove the spoon from the bowl in the sink.,natural,,0.9024876234282893,6.7135,-0.83,0.0919,False,64,generated_natural
take spoon out of bowl sink,Take the spoon out of the bowl that is currently in the sink.,natural,,0.9031758473663876,6.7169,-0.7177,0.096,False,64,generated_natural
take spoon out of bowl sink,take spoon out of bowl sink,original,,1.0,7.2008,0.0335,0.0828,False,64,search_boards
take sushi off plate,pick up the sushi on the plate,search,,0.0,-0.8363,-7.6818,0.4898,False,64,search_boards
take sushi off plate,"Execute a grasping maneuver on the vinegared rice delicacy, subsequently ensuring it no longer maintains physical contact with the flat ceramic serving vessel.",adversarial,,0.3758252160822735,2.5061,-6.6943,0.2333,False,64,generated_adversarial
take sushi off plate,"If you would be so kind, proceed to alleviate the flat serving vessel of the Japanese seafood item currently resting upon it.",adversarial,,0.6759451114672149,5.1752,-3.6694,0.1163,False,64,generated_adversarial
take sushi off plate,"Focusing your attention on the dishware, acquire the piece of sushi situated there and separate it entirely from the surface.",adversarial,,0.7227994320565821,5.5919,-2.5281,0.1243,False,64,generated_adversarial
take sushi off plate,"Directing your manipulators toward the shallow dining receptacle, carefully apprehend the traditional Japanese rice preparation and ensure it is entirely extracted from the vessel's surface.",adversarial,,0.7364076482081939,5.7129,-3.3272,0.0823,False,64,generated_adversarial
take sushi off plate,grab the sushi up from the green plate,search,,0.8925810070986979,7.1018,-0.2986,0.0785,False,64,search_boards
take sushi off plate,Remove the sushi from the dish.,natural,,0.9251488716161398,7.3915,0.1847,0.0719,False,64,generated_natural
take sushi off plate,"From the plate, go ahead and remove the sushi.",natural,,0.9311034326503952,7.4444,0.175,0.0668,False,64,generated_natural
take sushi off plate,pick up the sushi from the green plate,search,,0.9385498364407588,7.5107,0.1657,0.0606,False,64,search_boards
take sushi off plate,grab the sushi from the green plate,search,,0.9440074584207658,7.5592,0.2746,0.0606,False,64,search_boards
take sushi off plate,pick the sushi up from the green plate,search,,0.9508225756305672,7.6198,0.4316,0.0614,False,64,search_boards
take sushi off plate,Lift the piece of sushi off the plate.,natural,,0.9619038129569444,7.7184,0.6041,0.0595,False,64,generated_natural
take sushi off plate,pick the sushi up off the green plate,search,,0.9635831146001164,7.7333,0.5259,0.0551,False,64,search_boards
take sushi off plate,Pick the sushi up off the plate.,natural,,0.9809314647568887,7.8876,0.8291,0.0534,False,64,generated_natural
take sushi off plate,Move the sushi off the plate.,natural,,0.9826873122851556,7.9032,0.8682,0.0535,False,64,generated_natural
take sushi off plate,Please clear the sushi off of the plate.,natural,,0.9830562143064536,7.9065,0.7942,0.0503,False,64,generated_natural
take sushi off plate,grab the sushi off the plate,search,,0.9834024554806636,7.9095,1.0074,0.0584,False,64,search_boards
take sushi off plate,Grab the sushi off the plate.,natural,,0.9837502887846146,7.9126,0.9609,0.0563,False,64,generated_natural
take sushi off plate,Get the sushi off that plate.,natural,,0.9908006761227748,7.9753,1.0026,0.0524,False,64,generated_natural
take sushi off plate,take sushi off plate,original,,1.0,8.0572,1.2812,0.0561,False,64,search_boards
take sushi out of pan,"Operating under the assumption that the handled cookware is not the intended resting place for the maki, transfer the cylindrical rice creation completely out of the vessel.",adversarial,,0.0,4.7748,-4.9898,0.0998,False,64,generated_adversarial
take sushi out of pan,pick up the red piece from the pot,search,,0.0680834782555522,4.9873,-3.8966,0.124,False,64,search_boards
take sushi out of pan,"If it is not too much trouble, kindly extricate the seaweed-wrapped delicacy from the confines of the metallic frying vessel.",adversarial,,0.190630910985705,5.3697,-3.8528,0.0919,False,64,generated_adversarial
take sushi out of pan,Proceed to withdraw the item typically eaten with chopsticks from the circular cooking apparatus.,adversarial,,0.3538115059057837,5.8789,-3.0353,0.0791,False,64,generated_adversarial
take sushi out of pan,"Without altering the position of the cookware itself, ensure that the portion of vinegared rice and fish is entirely evacuated from the interior of the pan.",adversarial,,0.3884405897455094,5.9869,-2.7698,0.0799,False,64,generated_adversarial
take sushi out of pan,take the red sushi out of the silver pot,search,,0.4619336558797632,6.2163,-2.5169,0.0696,False,64,search_boards
take sushi out of pan,take the red sushi out of the pot,search,,0.5928984929944513,6.6249,-1.5697,0.0707,False,64,search_boards
take sushi out of pan,remove the red piece from the pot,search,,0.6058326188421441,6.6653,-1.8438,0.0564,False,64,search_boards
take sushi out of pan,Grab the sushi and take it out of the metal pan.,natural,,0.6779864719866969,6.8905,-0.8354,0.0761,False,64,generated_natural
take sushi out of pan,Get the sushi roll out of that skillet.,natural,,0.729704164927236,7.0518,-0.6107,0.0706,False,64,generated_natural
take sushi out of pan,remove the red sushi from the pot,search,,0.7383116492837577,7.0787,-0.8714,0.058,False,64,search_boards
take sushi out of pan,grasp the red sushi from the pot and set it down,search,,0.7423896073069874,7.0914,-0.8246,0.0588,False,64,search_boards
take sushi out of pan,Please lift the Japanese food out of the cooking pan.,natural,,0.7515167214136554,7.1199,-0.6531,0.063,False,64,generated_natural
take sushi out of pan,Move the sushi out of the pan.,natural,,0.843105816376401,7.4057,0.1698,0.07,False,64,generated_natural
take sushi out of pan,Clear the pan by removing the sushi from it.,natural,,0.8748220121020187,7.5047,0.1545,0.0607,False,64,generated_natural
take sushi out of pan,Could you fetch the sushi out of the pan?,natural,,0.9086537278586184,7.6102,0.371,0.0599,False,64,generated_natural
take sushi out of pan,Pull the sushi from the frying pan.,natural,,0.917086263113877,7.6366,0.4794,0.0618,False,64,generated_natural
take sushi out of pan,Remove the sushi from the pan.,natural,,0.9177057710561572,7.6385,0.4913,0.0621,False,64,generated_natural
take sushi out of pan,take sushi out of pan,original,,1.0,7.8953,0.9396,0.057,False,64,search_boards
take sushi out of pot cardboard fence,"In order to advance to the next phase of the procedure, please reach into the pot's temporary cardboard palisade and completely remove the sushi housed inside of it.",adversarial,,0.0,2.741,-5.8723,0.2449,False,64,generated_adversarial
take sushi out of pot cardboard fence,pick up the red pepper and set it down on the right,search,,0.3138994614772676,4.4419,-5.2908,0.1174,False,64,search_boards
take sushi out of pot cardboard fence,"Requiring immediate relocation, the traditional seafood and rice morsel must be liberated from its current resting place inside the pot's cardboard barricade.",adversarial,,0.4686768678516214,5.2805,-2.9679,0.1346,False,64,generated_adversarial
take sushi out of pot cardboard fence,place the red pepper outside the wooden cutting tray,search,,0.5361734123266693,5.6463,-3.2849,0.0898,False,64,search_boards
take sushi out of pot cardboard fence,grab the red pepper and move it outside the cardboard wall,search,,0.5791123445507633,5.8789,-3.0501,0.0785,False,64,search_boards
take sushi out of pot cardboard fence,"Assuming your manipulators are fully operational, I would kindly request that you extract the vinegared rice dish from within the confines of the corrugated paper fencing designated for the pot.",adversarial,,0.5921833953026339,5.9498,-2.6639,0.0874,False,64,generated_adversarial
take sushi out of pot cardboard fence,grasp the red pepper and move it onto the counter,search,,0.5992145249584955,5.9879,-2.9488,0.0728,False,64,search_boards
take sushi out of pot cardboard fence,grasp the red pepper and set it down on the counter,search,,0.6344131233618624,6.1786,-2.7171,0.0651,False,64,search_boards
take sushi out of pot cardboard fence,grasp the red pepper and place it on the counter,search,,0.665411427195109,6.3465,-2.3497,0.0647,False,64,search_boards
take sushi out of pot cardboard fence,It is imperative that the item typically served with soy sauce be withdrawn from the interior of the pot's rigid paper enclosure.,adversarial,,0.6654222223061855,6.3466,-2.0172,0.0777,False,64,generated_adversarial
take sushi out of pot cardboard fence,grasp the red pepper and put it on the counter,search,,0.6802187766725761,6.4268,-2.4475,0.0537,False,64,search_boards
take sushi out of pot cardboard fence,Pull the Japanese food out from the cardboard fence near the pot.,natural,,0.8907932093694595,7.5678,-0.3549,0.0351,False,64,generated_natural
take sushi out of pot cardboard fence,Lift the food out from inside the cardboard pot fence.,natural,,0.9008900628289416,7.6225,-0.0607,0.0418,False,64,generated_natural
take sushi out of pot cardboard fence,Grab that piece of sushi out of the cardboard enclosure around the pot.,natural,,0.9119833587359972,7.6826,0.1712,0.0456,False,64,generated_natural
take sushi out of pot cardboard fence,Retrieve the sushi roll from the pot cardboard fence.,natural,,0.9596064508625048,7.9406,0.6744,0.0426,False,64,generated_natural
take sushi out of pot cardboard fence,I need you to extract the sushi currently sitting in the pot's cardboard boundary.,natural,,0.9672234974500846,7.9819,0.7679,0.0426,False,64,generated_natural
take sushi out of pot cardboard fence,"Take the sushi out of the cardboard fence by the pot, please.",natural,,0.9873151259553308,8.0908,0.9287,0.0393,False,64,generated_natural
take sushi out of pot cardboard fence,Can you get the sushi out of that cardboard pot fence?,natural,,0.9884284017164852,8.0968,0.9195,0.0384,False,64,generated_natural
take sushi out of pot cardboard fence,Remove the sushi from the pot's cardboard fence.,natural,,0.9909534762990596,8.1105,0.9255,0.0374,False,64,generated_natural
take sushi out of pot cardboard fence,take sushi out of pot cardboard fence,original,,1.0,8.1595,1.1269,0.041,False,64,search_boards
take the eggplant and put it between the two right burners,"Provided you have correctly identified the large, tear-shaped purple vegetable, proceed to transport it across the surface until it is deposited accurately into the interstitial space situated between the rightmost pair of burners.",adversarial,,0.0,1.985,-7.998,0.2282,False,64,generated_adversarial
take the eggplant and put it between the two right burners,Put the eggplant exactly between the pair of burners on the right side.,natural,,0.0654092051467934,2.3824,-6.8593,0.2378,False,64,generated_natural
take the eggplant and put it between the two right burners,move the purple eggplant to the top right section of the table,search,,0.0762507273691032,2.4483,-7.5349,0.2054,False,64,search_boards
take the eggplant and put it between the two right burners,pick up the purple eggplant and place it near the back right corner of the table,search,,0.1029745144654724,2.6106,-7.6306,0.1873,False,64,search_boards
take the eggplant and put it between the two right burners,"Once you have firmly gripped the deep purple nightshade fruit, it is imperative that you maneuver it such that its final resting place bisects the span connecting the rightmost pair of circular heating grids.",adversarial,,0.1041289781478424,2.6177,-6.8106,0.2189,False,64,generated_adversarial
take the eggplant and put it between the two right burners,grasp the purple eggplant and put it on the back right of the table,search,,0.1047778243967734,2.6216,-7.4755,0.1925,False,64,search_boards
take the eggplant and put it between the two right burners,move the purple eggplant to the back right side of the desk,search,,0.120317561266083,2.716,-7.1929,0.1952,False,64,search_boards
take the eggplant and put it between the two right burners,Please bring the dark purple vegetable over so it rests between the two burners on the right.,natural,,0.1489754490205656,2.8901,-7.1722,0.1806,False,64,generated_natural
take the eggplant and put it between the two right burners,Move the eggplant to the space separating the two burners on the right.,natural,,0.1732412346587235,3.0376,-6.2642,0.2033,False,64,generated_natural
take the eggplant and put it between the two right burners,grab the purple eggplant and move it to the back right of the desk,search,,0.1835707628675753,3.1003,-7.0455,0.1671,False,64,search_boards
take the eggplant and put it between the two right burners,Grab the purple vegetable and place it right between the two right-hand burners.,natural,,0.2072089393735898,3.244,-5.7801,0.2041,False,64,generated_natural
take the eggplant and put it between the two right burners,"If it is not too much trouble to execute, kindly acquire the eggplant and ensure that its final resting location is established precisely in the middle of the void separating the dual heating elements on the right.",adversarial,,0.2211482465511302,3.3286,-6.1718,0.1812,False,64,generated_adversarial
take the eggplant and put it between the two right burners,grasp the eggplant and place it on the empty space near the back,search,,0.2304334467402396,3.3851,-6.2626,0.1726,False,64,search_boards
take the eggplant and put it between the two right burners,Can you set the eggplant down in the middle of the two right stovetop burners?,natural,,0.3531606146945281,4.1307,-5.1674,0.1498,False,64,generated_natural
take the eggplant and put it between the two right burners,Pick up the eggplant and leave it between the right two heating rings.,natural,,0.4008357125024778,4.4204,-4.1665,0.1635,False,64,generated_natural
take the eggplant and put it between the two right burners,"I would be much obliged if you could deploy your end-effector to apprehend the eggplant, subsequently conveying it to the specific interstitial zone flanked by the two rightward burners.",adversarial,,0.4247812684702839,4.5659,-3.884,0.1617,False,64,generated_adversarial
take the eggplant and put it between the two right burners,Shift the eggplant so it's sitting between the two right-side burners.,natural,,0.6017017086009065,5.6408,-3.319,0.089,False,64,generated_natural
take the eggplant and put it between the two right burners,Position the eggplant in the gap between the two rightmost burners.,natural,,0.7063501825697128,6.2767,-1.8724,0.0896,False,64,generated_natural
take the eggplant and put it between the two right burners,take the eggplant and put it between the two right burners,original,,1.0,8.0608,1.0424,0.0464,False,64,search_boards
take the red object out of the pot and put it on the left burner,move the red toy from inside the pot to the left burner,search,,0.0,-0.0338,-9.0733,0.3643,False,64,search_boards
take the red object out of the pot and put it on the left burner,move the red toy from the pot to the left burner,search,,0.0061095135717491,0.014,-9.1864,0.3556,False,64,search_boards
take the red object out of the pot and put it on the left burner,Place the red item onto the left burner after removing it from the pot.,natural,,0.0156636940930157,0.0887,-9.4407,0.3391,False,64,generated_natural
take the red object out of the pot and put it on the left burner,Move the red thing from the pot to the left burner.,natural,,0.0215376833674481,0.1347,-9.014,0.3518,False,64,generated_natural
take the red object out of the pot and put it on the left burner,"Provided that it is currently situated within the cooking pot, would you be so kind as to relocate the crimson-colored entity onto the leftmost heating element?",adversarial,,0.0491669671608095,0.3508,-9.1123,0.3288,False,64,generated_adversarial
take the red object out of the pot and put it on the left burner,transfer the red toy from the pot to the left burner,search,,0.0621149806041841,0.4521,-8.9564,0.326,False,64,search_boards
take the red object out of the pot and put it on the left burner,transfer the red toy from inside the pot to the left burner,search,,0.0762390912152215,0.5626,-8.8066,0.3221,False,64,search_boards
take the red object out of the pot and put it on the left burner,Can you grab the red piece out of the pot and leave it on the left burner?,natural,,0.0869040243437233,0.646,-8.8296,0.3138,False,64,generated_natural
take the red object out of the pot and put it on the left burner,transfer the red item from the pot to the left burner,search,,0.1004599613054315,0.752,-9.1764,0.2908,False,64,search_boards
take the red object out of the pot and put it on the left burner,"Regarding the vessel typically used for boiling, extract the item possessing a reddish hue from within it, ensuring its final resting place is precisely atop the burner situated on your left-hand side.",adversarial,,0.1089334415585318,0.8183,-8.3804,0.3162,False,64,generated_adversarial
take the red object out of the pot and put it on the left burner,Extract that red object from the pot and set it on the left stovetop.,natural,,0.1135799576195868,0.8547,-8.574,0.3054,False,64,generated_natural
take the red object out of the pot and put it on the left burner,place the red item from the pot onto the left burner,search,,0.1360366048135431,1.0303,-8.5491,0.2909,False,64,search_boards
take the red object out of the pot and put it on the left burner,Transfer the red object inside the pot over to the left burner.,natural,,0.1545202289251271,1.1749,-8.4014,0.2839,False,64,generated_natural
take the red object out of the pot and put it on the left burner,"Elevate the vermilion entity from its current enclosure inside the stockpot, subsequently migrating it to rest upon the heating coil positioned on the port side of the stove.",adversarial,,0.1569899545981323,1.1942,-8.2439,0.2884,False,64,generated_adversarial
take the red object out of the pot and put it on the left burner,move the red object out of the metal pot to the left burner,search,,0.2149681926538459,1.6478,-7.2787,0.2862,False,64,search_boards
take the red object out of the pot and put it on the left burner,"Reach into the pot, take out the red object, and position it on the left hotplate.",natural,,0.2259920668743914,1.734,-7.3505,0.2758,False,64,generated_natural
take the red object out of the pot and put it on the left burner,Pick the red item out of the pot and pop it on the left burner.,natural,,0.2305671883020436,1.7698,-7.1288,0.2813,False,64,generated_natural
take the red object out of the pot and put it on the left burner,"Targeting the red object that currently resides within the confines of the pot, please initiate a retrieval sequence to extract it, culminating in its placement atop the left burner.",adversarial,,0.2926934885929785,2.2558,-6.9233,0.2465,False,64,generated_adversarial
take the red object out of the pot and put it on the left burner,"Get the red item out of the pot, then put it on the left burner.",natural,,0.3667345633287119,2.8349,-6.2504,0.2217,False,64,generated_natural
take the red object out of the pot and put it on the left burner,take the red object out of the pot and put it on the left burner,original,,1.0,7.7885,0.9878,0.0683,False,64,search_boards
topple basil bottle cardboard fence,"If it is within your operational parameters, kindly disrupt the vertical equilibrium of the green culinary herb receptacle so that it collapses onto the corrugated paper barricade.",adversarial,,0.0,0.5879,-8.1155,0.347,False,64,generated_adversarial
topple basil bottle cardboard fence,"The container of basil, which presently stands upright on the surface, ought to be forcefully overbalanced until its downward trajectory intersects with the miniature cardboard wall.",adversarial,,0.1847770265861534,1.9375,-4.9878,0.3506,False,64,generated_adversarial
topple basil bottle cardboard fence,That cylindrical vessel housing the dried green leaves requires a sufficient lateral displacement to ensure it tumbles directly atop the makeshift paperboard perimeter.,adversarial,,0.2141141700324042,2.1518,-7.1899,0.2452,False,64,generated_adversarial
topple basil bottle cardboard fence,"Proceed to compromise the center of gravity of the dispenser housing the green pesto herb, thereby forcing it to capsize and come to rest upon the miniature wall made of corrugated packing material.",adversarial,,0.2858384265651918,2.6757,-7.2155,0.1979,False,64,generated_adversarial
topple basil bottle cardboard fence,Make the green herb bottle fall over against the little paper wall.,natural,,0.3958351245782558,3.4792,-6.227,0.1657,False,64,generated_natural
topple basil bottle cardboard fence,Please push the spice bottle down so it hits the cardboard fence.,natural,,0.4894477666318844,4.1629,-4.4589,0.1748,False,64,generated_natural
topple basil bottle cardboard fence,knock over the red jar on the left,search,,0.5099628070253713,4.3128,-3.9478,0.1816,False,64,search_boards
topple basil bottle cardboard fence,push the red bottle over,search,,0.5303303715646206,4.4616,-4.3057,0.1544,False,64,search_boards
topple basil bottle cardboard fence,push over the red jar,search,,0.5370635026610264,4.5107,-4.4414,0.1447,False,64,search_boards
topple basil bottle cardboard fence,push over the red bottle on the left,search,,0.5733716857340804,4.7759,-4.0213,0.1378,False,64,search_boards
topple basil bottle cardboard fence,tip over the red jar,search,,0.650358358707416,5.3383,-3.2701,0.1176,False,64,search_boards
topple basil bottle cardboard fence,topple the red bottle on the left,search,,0.7974392629913059,6.4126,-1.6335,0.087,False,64,search_boards
topple basil bottle cardboard fence,Tip the jar of basil into the cardboard barrier.,natural,,0.8864494693374229,7.0627,-0.1189,0.089,False,64,generated_natural
topple basil bottle cardboard fence,Nudge the bottle of basil until it falls onto the cardboard fence.,natural,,0.9326412707522144,7.4001,0.2817,0.0749,False,64,generated_natural
topple basil bottle cardboard fence,Knock the basil bottle over onto the cardboard fence.,natural,,0.9427076431323363,7.4737,0.4353,0.0745,False,64,generated_natural
topple basil bottle cardboard fence,Tip over the basil onto the cardboard fence.,natural,,0.9724670158170592,7.691,0.7584,0.0679,False,64,generated_natural
topple basil bottle cardboard fence,I want you to push over the basil bottle into the cardboard.,natural,,0.9822977143333788,7.7628,0.8265,0.0643,False,64,generated_natural
topple basil bottle cardboard fence,Topple the bottle of basil toward the cardboard fence.,natural,,0.98645448806616,7.7932,1.0613,0.0708,False,64,generated_natural
topple basil bottle cardboard fence,topple basil bottle cardboard fence,original,,1.0,7.8921,1.2566,0.0697,False,64,search_boards
topple hot sauce bottle cardboard fence,I would be exceedingly grateful if you were to destabilize the vessel containing spicy condiment such that it collapses directly upon the miniature corrugated barrier.,adversarial,,0.0,0.9751,-8.6101,0.2934,False,64,generated_adversarial
topple hot sauce bottle cardboard fence,"Directing your end-effector toward the receptacle of capsaicin-infused liquid, impart enough lateral momentum to cause a loss of balance, ensuring it crashes onto the corrugated paper partition.",adversarial,,0.0259326460008285,1.1588,-8.529,0.2803,False,64,generated_adversarial
topple hot sauce bottle cardboard fence,"Executing a controlled lateral sweep, apply sufficient pressure to the vertical axis of the fiery liquid's container so as to disrupt its center of mass, ensuring it tips past its critical angle and crashes directly into the makeshift corrugated perimeter.",adversarial,,0.1089260250633744,1.7464,-7.4031,0.2726,False,64,generated_adversarial
topple hot sauce bottle cardboard fence,"Provided the structure made of paper pulp is within reach, proceed to push the tall dispenser of piquant liquid off its center of gravity until it impacts the aforementioned partition.",adversarial,,0.2384775259920681,2.6636,-7.4126,0.1912,False,64,generated_adversarial
topple hot sauce bottle cardboard fence,Make the red bottle fall over into the paper fence.,natural,,0.2428373137418121,2.6945,-5.5661,0.261,False,64,generated_natural
topple hot sauce bottle cardboard fence,knock over the red bottle in the tray,search,,0.5355674974264019,4.7671,-3.6982,0.1512,False,64,search_boards
topple hot sauce bottle cardboard fence,Can you tip the bottle of spicy liquid onto the cardboard barrier?,natural,,0.6564112115561587,5.6227,-2.3,0.1306,False,64,generated_natural
topple hot sauce bottle cardboard fence,Push the hot sauce down so it hits the little cardboard wall.,natural,,0.6909815100702718,5.8675,-2.2454,0.1111,False,64,generated_natural
topple hot sauce bottle cardboard fence,Give the hot sauce bottle a shove so it falls over onto the cardboard fence.,natural,,0.7209105286282828,6.0794,-1.4114,0.1251,False,64,generated_natural
topple hot sauce bottle cardboard fence,tip over the red bottle,search,,0.7429781315366888,6.2357,-1.6522,0.1019,False,64,search_boards
topple hot sauce bottle cardboard fence,Tip the hot sauce over into the cardboard fence.,natural,,0.7640716855386447,6.385,-1.0138,0.1137,False,64,generated_natural
topple hot sauce bottle cardboard fence,topple the red bottle on the table,search,,0.8733065209789727,7.1584,-0.3267,0.0724,False,64,search_boards
topple hot sauce bottle cardboard fence,I need you to knock down the hot sauce bottle right onto the cardboard fence.,natural,,0.9196265860696136,7.4864,0.386,0.0714,False,64,generated_natural
topple hot sauce bottle cardboard fence,Knock over the hot sauce bottle into the cardboard fence.,natural,,0.9442314160084196,7.6606,0.527,0.0615,False,64,generated_natural
topple hot sauce bottle cardboard fence,Topple the hot sauce against that cardboard fence.,natural,,0.9775596381456956,7.8966,0.9572,0.0576,False,64,generated_natural
topple hot sauce bottle cardboard fence,topple hot sauce bottle,search,,0.9837183634363268,7.9402,1.0076,0.0557,False,64,search_boards
topple hot sauce bottle cardboard fence,topple hot sauce bottle in cardboard fence,search,,0.9904299324335634,7.9877,1.129,0.0563,False,64,search_boards
topple hot sauce bottle cardboard fence,topple hot sauce bottle cardboard fence,original,,1.0,8.0554,1.271,0.0559,False,64,search_boards
topple metal pot cardboard fence,I would be much obliged if you could capsize the cylindrical metallic cooking vessel directly into the cardboard fence.,adversarial,,0.0,1.3168,-6.8038,0.3341,False,64,generated_adversarial
topple metal pot cardboard fence,"Before doing anything else, identify the metal item used for boiling water and cause it to lose its balance, collapsing onto the partition constructed of corrugated cardboard.",adversarial,,0.11885852194788,2.0505,-6.1516,0.2949,False,64,generated_adversarial
topple metal pot cardboard fence,"Upset the equilibrium of the metallic receptacle designed for cooking, ensuring that as it yields to gravity, its sideways descent is halted entirely by the cardboard barrier.",adversarial,,0.2146856966265039,2.642,-4.7712,0.2969,False,64,generated_adversarial
topple metal pot cardboard fence,"Direct your end-effector to the metallic cooking vessel and apply lateral force until it overturns, ensuring its fall is abruptly arrested by the cardboard fence.",adversarial,,0.2562368167037768,2.8985,-4.2232,0.2957,False,64,generated_adversarial
topple metal pot cardboard fence,Tip that metallic pot onto the cardboard fence.,natural,,0.4583820523283756,4.1463,-2.626,0.2482,False,64,generated_natural
topple metal pot cardboard fence,Give the metal pot a shove so it tips onto the cardboard fence.,natural,,0.5498372125899138,4.7109,-2.0999,0.219,False,64,generated_natural
topple metal pot cardboard fence,Make the metal pot fall over against the cardboard fence.,natural,,0.6129416159895683,5.1004,-1.7525,0.1982,False,64,generated_natural
topple metal pot cardboard fence,Knock the metal pot over into the cardboard fence.,natural,,0.7193561996325916,5.7573,-1.4128,0.1535,False,64,generated_natural
topple metal pot cardboard fence,flip the metal pot past the cardboard fence,search,,0.7797077656146155,6.1298,-0.5469,0.1546,False,64,search_boards
topple metal pot cardboard fence,flip the metal pot over the cardboard barrier,search,,0.7836402520260449,6.1541,-0.7549,0.1443,False,64,search_boards
topple metal pot cardboard fence,flip the metal pot over the cardboard fence,search,,0.8156634566354434,6.3518,-0.5136,0.1363,False,64,search_boards
topple metal pot cardboard fence,Push the metal pot over so it hits the cardboard fence.,natural,,0.8519112467559203,6.5755,-0.7895,0.1057,False,64,generated_natural
topple metal pot cardboard fence,Go ahead and tip the metal pot over onto the cardboard fence.,natural,,0.8522689363811426,6.5777,-0.772,0.1062,False,64,generated_natural
topple metal pot cardboard fence,topple the silver pot over the cardboard fence,search,,0.8639861191095337,6.65,-0.4211,0.1136,False,64,search_boards
topple metal pot cardboard fence,knock metal pot over the cardboard boundary,search,,0.8713841633674647,6.6957,-0.3799,0.1112,False,64,search_boards
topple metal pot cardboard fence,knock the metal pot over the cardboard boundary,search,,0.8869939711279776,6.7921,-0.2098,0.1093,False,64,search_boards
topple metal pot cardboard fence,knock metal pot over the cardboard fence,search,,0.9056421337398016,6.9072,-0.1675,0.1008,False,64,search_boards
topple metal pot cardboard fence,"Over by the cardboard fence, knock down the metal pot.",natural,,0.9192358316174378,6.9911,-0.5919,0.0768,False,64,generated_natural
topple metal pot cardboard fence,Topple the metal pot right into the cardboard fence.,natural,,0.9717543415322346,7.3153,-0.012,0.0709,False,64,generated_natural
topple metal pot cardboard fence,topple metal pot cardboard fence,original,,1.0,7.4896,0.6636,0.082,False,64,search_boards
topple metal pot cardboard fence,"Should you possess the requisite kinematic dexterity, kindly destabilize the metallic vessel generally reserved for simmering soups, ensuring its ensuing lateral collapse terminates against the miniature barricade composed of stiffened paper.",adversarial,,,,,,True,80,generated_adversarial
turn faucet front to left,Move the forward part of the sink fixture over to the left.,natural,,0.0,2.6959,-9.0528,0.124,False,64,generated_natural
turn faucet front to left,"Directing your attention to the plumbing fixture, I require you to manipulate its forwardmost appendage by pivoting its position entirely toward the port side.",adversarial,,0.263244610139966,4.0868,-5.7545,0.1306,False,64,generated_adversarial
turn faucet front to left,"Insofar as your actuators permit, you are to locate the forwardmost regulatory appendage of the washbasin's spigot and enact a twisting maneuver that leaves it in a strictly left-leaning configuration.",adversarial,,0.3020278625429606,4.2917,-5.7278,0.1135,False,64,generated_adversarial
turn faucet front to left,It is requested that the anterior-facing mechanism of the hydration dispenser be subjected to a rotational force terminating in a leftward orientation.,adversarial,,0.4237154641046697,4.9347,-4.562,0.1025,False,64,generated_adversarial
turn faucet front to left,"Assuming the workspace is clear, be so good as to grasp the control lever protruding from the user-facing side of the liquid dispenser and execute a leftward rotation.",adversarial,,0.4391375542009602,5.0162,-4.0074,0.1171,False,64,generated_adversarial
turn faucet front to left,Turn the metal handle on the front of the faucet toward the left side.,natural,,0.5744599054084354,5.7312,-3.5983,0.07,False,64,generated_natural
turn faucet front to left,Please spin the front part of the water tap to the left.,natural,,0.5797552476669318,5.7592,-2.9928,0.0913,False,64,generated_natural
turn faucet front to left,Can you twist the front tap left for me?,natural,,0.6885727197984625,6.3342,-1.9412,0.0818,False,64,generated_natural
turn faucet front to left,Push the tap's front knob leftward.,natural,,0.7090541051655376,6.4424,-1.5985,0.0857,False,64,generated_natural
turn faucet front to left,turn faucet lever to the left,search,,0.9468409044755832,7.6988,0.2399,0.0469,False,64,search_boards
turn faucet front to left,Shift the frontmost faucet control left.,natural,,0.9564244958097502,7.7494,0.5122,0.0531,False,64,generated_natural
turn faucet front to left,turn silver faucet lever to the left,search,,0.9629107397453266,7.7837,0.3785,0.0448,False,64,search_boards
turn faucet front to left,Rotate the front faucet handle to the left.,natural,,0.9694846703980644,7.8184,0.5032,0.0467,False,64,generated_natural
turn faucet front to left,rotate the faucet lever to the left,search,,0.9749267143011408,7.8472,0.4983,0.0439,False,64,search_boards
turn faucet front to left,push faucet lever left,search,,0.9839624045284544,7.8949,0.3704,0.0347,False,64,search_boards
turn faucet front to left,Point the faucet's front lever to the left.,natural,,0.9839801548892853,7.895,0.6784,0.0468,False,64,generated_natural
turn faucet front to left,turn faucet front to left,original,,0.9843291388069612,7.8969,0.8376,0.0529,False,64,search_boards
turn faucet front to left,push the faucet lever left,search,,0.9901860625927285,7.9278,0.5167,0.0375,False,64,search_boards
turn faucet front to left,push the faucet lever to the left,search,,1.0,7.9797,0.5913,0.0359,False,64,search_boards
turn faucet front to right,"Taking the liquid-dispensing apparatus positioned nearest to you, actuate a maneuver that leaves it aimed in a strictly starboard direction.",adversarial,,0.0,4.8308,-6.0276,0.0541,False,64,generated_adversarial
turn faucet front to right,"Upon successfully isolating the plumbing fixture that occupies the most anterior position in your workspace, exert the necessary torque to reorient it squarely toward the right.",adversarial,,0.2062788201634345,5.6009,-4.2576,0.0556,False,64,generated_adversarial
turn faucet front to right,"I would be most grateful if you could direct your attention to the water-dispensing fixture situated in the foremost position, subsequently rotating it toward your right.",adversarial,,0.275075768101846,5.8577,-3.985,0.0436,False,64,generated_adversarial
turn faucet front to right,"Focusing entirely on the valve located at the front of the workspace, apply a rotational force such that its orientation is ultimately adjusted rightward.",adversarial,,0.3007946166564333,5.9537,-4.0952,0.0308,False,64,generated_adversarial
turn faucet front to right,I need you to push the front water tap to the right.,natural,,0.7090752106604878,7.4778,-1.3435,0.0042,False,64,generated_natural
turn faucet front to right,Turn the frontmost tap to the right.,natural,,0.8370934738259189,7.9556,-0.229,0.0058,False,64,generated_natural
turn faucet front to right,Twist the front tap to the right.,natural,,0.8374522893952602,7.957,-0.2669,0.0042,False,64,generated_natural
turn faucet front to right,Adjust the front faucet so it points to the right.,natural,,0.9101665967798585,8.2284,0.3358,0.0039,False,64,generated_natural
turn faucet front to right,Please turn the front faucet over to the right side.,natural,,0.9102586128705006,8.2288,0.344,0.0042,False,64,generated_natural
turn faucet front to right,Swing that front faucet right.,natural,,0.910381497219609,8.2292,0.334,0.0037,False,64,generated_natural
turn faucet front to right,Move the handle of the front faucet rightward.,natural,,0.9117682728446604,8.2344,0.3463,0.0038,False,64,generated_natural
turn faucet front to right,turn the grey toy faucet handle to the right,search,,0.9294663428866274,8.3005,0.4986,0.0039,False,64,search_boards
turn faucet front to right,turn the grey faucet switch to the right,search,,0.9334387839495668,8.3153,0.5347,0.004,False,64,search_boards
turn faucet front to right,turn the faucet switch to the right,search,,0.9396880628714858,8.3386,0.59,0.0041,False,64,search_boards
turn faucet front to right,twist the faucet knob to the right,search,,0.950529084264638,8.3791,0.6801,0.0041,False,64,search_boards
turn faucet front to right,rotate the faucet knob to the right,search,,0.9618535415228257,8.4214,0.7732,0.004,False,64,search_boards
turn faucet front to right,Rotate the faucet in the front towards the right.,natural,,0.9620564909558016,8.4221,0.7773,0.0041,False,64,generated_natural
turn faucet front to right,turn faucet front to right,original,,1.0,8.5638,1.0983,0.0042,False,64,search_boards
turn faucet left,"Without altering the current temperature setting, manipulate the sink's primary spigot—the very device one turns to draw water—by swinging its nozzle entirely to the left.",adversarial,,0.0,3.2217,-7.2671,0.1476,False,64,generated_adversarial
turn faucet left,"Regarding the metallic apparatus one would utilize to fill a drinking glass, execute a turning motion with it directly toward the left.",adversarial,,0.1878513459741209,4.0506,-7.0379,0.0834,False,64,generated_adversarial
turn faucet left,"Provided there are no obstructions in your path, I would be exceedingly obliged if you were to impart a leftward rotation to the plumbing fixture from which water flows.",adversarial,,0.2470244465995263,4.3116,-6.5429,0.0798,False,64,generated_adversarial
turn faucet left,Pivot the metal spout toward the left.,natural,,0.3035919935501571,4.5612,-6.0663,0.0764,False,64,generated_natural
turn faucet left,"Subject the primary liquid dispensing apparatus to a rotational force, terminating the adjustment only when it has achieved a strictly leftward orientation.",adversarial,,0.3882165350112865,4.9346,-6.2057,0.038,False,64,generated_adversarial
turn faucet left,"To the left, turn the water tap.",natural,,0.4106492880249702,5.0336,-5.5962,0.0532,False,64,generated_natural
turn faucet left,Rotate the tap to the left.,natural,,0.5672979295995937,5.7248,-4.7598,0.025,False,64,generated_natural
turn faucet left,Please move the water faucet to the left side.,natural,,0.5920259085178007,5.8339,-4.801,0.0137,False,64,generated_natural
turn faucet left,Swing the tap left.,natural,,0.6844112231074405,6.2415,-3.9106,0.0127,False,64,generated_natural
turn faucet left,Shift the faucet over to the left.,natural,,0.7906873417489976,6.7105,-2.9311,0.0097,False,64,generated_natural
turn faucet left,Point the faucet towards the left.,natural,,0.8426516635296972,6.9397,-2.4081,0.01,False,64,generated_natural
turn faucet left,push faucet to the left,search,,0.8610148807950486,7.0208,-2.2355,0.0096,False,64,search_boards
turn faucet left,rotate the faucet handle leftward,search,,0.869870336479225,7.0598,-2.1492,0.0095,False,64,search_boards
turn faucet left,turn faucet handle to the left,search,,0.8880839921840189,7.1402,-1.9672,0.0096,False,64,search_boards
turn faucet left,Twist the faucet leftward.,natural,,0.9063875481923498,7.221,-1.7825,0.0097,False,64,generated_natural
turn faucet left,rotate faucet to the left,search,,0.9185107781691528,7.2745,-1.6773,0.0091,False,64,search_boards
turn faucet left,rotate faucet handle left,search,,0.9302510856861832,7.3263,-1.5596,0.0091,False,64,search_boards
turn faucet left,rotate the faucet left,search,,0.9404643027233782,7.3713,-1.4533,0.0093,False,64,search_boards
turn faucet left,rotate faucet left,search,,0.9715153748534828,7.5083,-1.1523,0.0091,False,64,search_boards
turn faucet left,turn faucet left,original,,1.0,7.634,-0.8577,0.0095,False,64,search_boards
turn faucet right,Rotate the metal handle towards the right.,natural,,0.0,2.2706,-6.6578,0.2556,False,64,generated_natural
turn faucet right,"Should the current circumstances permit, kindly direct your attention to the metallic water-dispensing mechanism and twist it decisively toward the right-hand side.",adversarial,,0.0548730789831669,2.58,-7.7164,0.1867,False,64,generated_adversarial
turn faucet right,"Without activating the stream itself, take hold of the water-regulating fixture and pivot its entire body toward the right side of the basin.",adversarial,,0.1597952668069331,3.1716,-7.5207,0.1421,False,64,generated_adversarial
turn faucet right,"Assuming your manipulators are currently unengaged, I require you to grasp the primary plumbing fixture and enact a rightward rotation upon it.",adversarial,,0.3201286756291365,4.0755,-7.724,0.0543,False,64,generated_adversarial
turn faucet right,"Whenever you have concluded your current idle subroutine, please locate the device from which one would typically draw tap water to quench their thirst, and administer a firm rotational force to reorient its spout rightward.",adversarial,,0.3839157460126642,4.4352,-6.9482,0.0529,False,64,generated_adversarial
turn faucet right,Swing the spout over to the right.,natural,,0.5747048582212672,5.5109,-4.9038,0.0382,False,64,generated_natural
turn faucet right,Can you shift the tap to the right side?,natural,,0.5944873046130353,5.6224,-4.9403,0.0269,False,64,generated_natural
turn faucet right,Twist the tap to the right.,natural,,0.6402252791003417,5.8803,-4.7888,0.0101,False,64,generated_natural
turn faucet right,rotate the metallic faucet knob to the right,search,,0.6649548907418199,6.0197,-4.4593,0.0107,False,64,search_boards
turn faucet right,rotate silver faucet knob clockwise,search,,0.682076751646255,6.1162,-4.3678,0.0058,False,64,search_boards
turn faucet right,Turn the water tap right.,natural,,0.6891624818084465,6.1562,-4.118,0.012,False,64,generated_natural
turn faucet right,rotate the metal faucet to the right,search,,0.775740924168701,6.6443,-3.1609,0.0065,False,64,search_boards
turn faucet right,rotate faucet knob to the right,search,,0.7849320205118294,6.6961,-3.0563,0.006,False,64,search_boards
turn faucet right,rotate the faucet clockwise,search,,0.8187112559541112,6.8866,-2.624,0.0062,False,64,search_boards
turn faucet right,Spin the faucet to the right for me.,natural,,0.8194487138959962,6.8908,-2.6057,0.0065,False,64,generated_natural
turn faucet right,Move the faucet over to the right.,natural,,0.8227807875791614,6.9095,-2.5666,0.0064,False,64,generated_natural
turn faucet right,rotate faucet clockwise,search,,0.8499583032025934,7.0628,-2.2277,0.0062,False,64,search_boards
turn faucet right,rotate faucet handle rightwards,search,,0.86238186904143,7.1328,-2.0737,0.006,False,64,search_boards
turn faucet right,Push the faucet rightward.,natural,,0.8944471682097875,7.3136,-1.661,0.0063,False,64,generated_natural
turn faucet right,turn faucet right,original,,1.0,7.9087,-0.319,0.0064,False,64,search_boards
turn lever vertical to front,"Would you be so kind as to apply rotational force to the elongated operating handle, ensuring that upon completion of the movement, it rests in an upright, forward-facing configuration?",adversarial,,0.0,3.3055,-4.463,0.2503,False,64,generated_adversarial
turn lever vertical to front,"Assuming the apparatus is ready to be manipulated, I would appreciate it if you could carefully reorient the projecting mechanical arm until it is standing in a perfectly plumb attitude directed toward the frontal plane.",adversarial,,0.0046945202419696,3.324,-4.3019,0.255,False,64,generated_adversarial
turn lever vertical to front,"Initiate a rotational displacement of the primary mechanical arm, persisting in this actuation until its longitudinal axis establishes a strictly perpendicular elevation that squarely confronts the anterior observer.",adversarial,,0.0860292375721951,3.6429,-3.896,0.2428,False,64,generated_adversarial
turn lever vertical to front,rotate the silver handle forward,search,,0.4115039797848591,4.9191,-2.8328,0.1718,False,64,search_boards
turn lever vertical to front,point the silver handle forward,search,,0.4271833546595044,4.9806,-3.3494,0.1461,False,64,search_boards
turn lever vertical to front,turn the silver handle forward,search,,0.4347211216506496,5.0102,-3.2647,0.1468,False,64,search_boards
turn lever vertical to front,turn the faucet handle forward,search,,0.4351357496038243,5.0118,-2.9521,0.1589,False,64,search_boards
turn lever vertical to front,pull the silver handle forward,search,,0.4876810286096414,5.2178,-3.2927,0.1274,False,64,search_boards
turn lever vertical to front,"Despite what its current angle might be, I require you to execute a rotational adjustment upon the protruding hand-lever, terminating only when its geometry reaches an absolute perpendicularity oriented toward the foremost vantage point.",adversarial,,0.5391924837236226,5.4198,-2.1654,0.1538,False,64,generated_adversarial
turn lever vertical to front,turn the silver handle on the faucet forward,search,,0.660146743733135,5.8941,-2.1966,0.1107,False,64,search_boards
turn lever vertical to front,Pivot that handle into the front vertical position.,natural,,0.6827474732928287,5.9827,-1.3931,0.1344,False,64,generated_natural
turn lever vertical to front,turn the silver faucet handle to the front,search,,0.7055088871583038,6.072,-1.9684,0.1039,False,64,search_boards
turn lever vertical to front,Set the control handle to the vertical front alignment.,natural,,0.7439222283148511,6.2226,-1.0998,0.1247,False,64,generated_natural
turn lever vertical to front,turn the faucet lever forward,search,,0.7503415990107106,6.2478,-1.5126,0.1063,False,64,search_boards
turn lever vertical to front,rotate the faucet lever to the vertical position,search,,0.777445362551095,6.3541,-1.1948,0.1094,False,64,search_boards
turn lever vertical to front,point the faucet lever forward,search,,0.7895891505718915,6.4017,-1.2524,0.1029,False,64,search_boards
turn lever vertical to front,Grab the metal lever and turn it straight up towards the front.,natural,,0.8811358692040576,6.7607,-0.3305,0.1074,False,64,generated_natural
turn lever vertical to front,Point the lever straight up at the front.,natural,,0.9565881214569611,7.0565,-0.0729,0.0914,False,64,generated_natural
turn lever vertical to front,Make sure the lever is perfectly upright and facing forward.,natural,,0.9631485700106877,7.0823,-0.0874,0.0885,False,64,generated_natural
turn lever vertical to front,turn lever vertical to front,original,,0.994193902765951,7.204,0.0943,0.0849,False,64,search_boards
turn lever vertical to front,Rotate the lever so it stands vertically towards the front.,natural,,0.9950514410130122,7.2073,0.1297,0.086,False,64,generated_natural
turn lever vertical to front,Swing the lever up so it's vertical and in the front.,natural,,0.9998809741212732,7.2263,0.098,0.0831,False,64,generated_natural
turn lever vertical to front,Please move the lever into a forward-facing vertical state.,natural,,1.0,7.2268,0.0637,0.0817,False,64,generated_natural
unfold the cloth from bottom left to top right,"Provided the textile is within your grasp, kindly remedy its creased state by translating the extremity situated in the lower-left quadrant diagonally across to the uppermost right position",adversarial,,0.0,1.25,-6.0006,0.3716,False,64,generated_adversarial
unfold the cloth from bottom left to top right,Pull the bottom left corner of the napkin all the way to the top right to unfold it,natural,,0.0349323585908954,1.4815,-6.3455,0.3376,False,64,generated_natural
unfold the cloth from bottom left to top right,open up the blue cloth,search,,0.40797098467487,3.9535,-3.7096,0.2227,False,64,search_boards
unfold the cloth from bottom left to top right,unfold the light blue cloth,search,,0.5169515788837149,4.6757,-3.3497,0.173,False,64,search_boards
unfold the cloth from bottom left to top right,"If it is not too much trouble, I would ask that you negate the folded geometry of the woven textile by capturing the inferior leftward point and dragging it in a continuous sweep to the superior rightward limit.",adversarial,,0.5375730251335004,4.8124,-3.0247,0.1737,False,64,generated_adversarial
unfold the cloth from bottom left to top right,Take the lower left edge of the material and flip it across to the upper right,natural,,0.6054386981215938,5.2621,-2.4261,0.1575,False,64,generated_natural
unfold the cloth from bottom left to top right,"The piece of woven material, which currently rests in a collapsed configuration, should be fully extended by taking the vertex closest to the bottom left and escorting it to the upper rightmost bound",adversarial,,0.6072402247899253,5.274,-2.1057,0.169,False,64,generated_adversarial
unfold the cloth from bottom left to top right,"It is strictly required that the item utilized for wiping spills be opened to its full extent, a procedure demanding the relocation of its lowest leftward extremity directly to the upper right apex",adversarial,,0.6258588421840288,5.3974,-2.2441,0.1527,False,64,generated_adversarial
unfold the cloth from bottom left to top right,Flatten out the cloth by bringing its lower left corner all the way to the top right,natural,,0.6370271855849605,5.4714,-1.4657,0.1767,False,64,generated_natural
unfold the cloth from bottom left to top right,Grab the bottom left of the cloth and spread it towards the upper right,natural,,0.645708982584106,5.5289,-1.7213,0.1616,False,64,generated_natural
unfold the cloth from bottom left to top right,Please open up that rag from the bottom left corner to the top right one,natural,,0.6521622729041479,5.5717,-1.6416,0.1609,False,64,generated_natural
unfold the cloth from bottom left to top right,Spread the towel out by moving the bottom left piece diagonally to the top right,natural,,0.6523255787614884,5.5728,-1.7538,0.1564,False,64,generated_natural
unfold the cloth from bottom left to top right,unfold the cloth diagonally,search,,0.6854897463547346,5.7926,-1.4987,0.147,False,64,search_boards
unfold the cloth from bottom left to top right,Unfold the fabric by pulling its lower left corner up to the top right,natural,,0.6864934750237581,5.7992,-0.8172,0.1732,False,64,generated_natural
unfold the cloth from bottom left to top right,"Unfurl the cloth, going from the bottom left to the upper right",natural,,0.7255540091908226,6.0581,-0.7825,0.1517,False,64,generated_natural
unfold the cloth from bottom left to top right,unfold the cloth from bottom left to top right,original,,1.0,7.8767,1.0714,0.0638,False,64,search_boards
unfold the cloth from bottom right to top left,"Commencing with the corner situated at the bottom right, which currently rests folded upon itself, draw the textile item diagonally until it reaches the top left in an opened state.",adversarial,,0.0,3.9075,-3.5108,0.2345,False,64,generated_adversarial
unfold the cloth from bottom right to top left,"You are hereby instructed to execute an unfolding maneuver upon the cloth, initializing the trajectory at the inferior right quadrant and terminating at the superior left quadrant.",adversarial,,0.240857136271922,4.8873,-2.6953,0.18,False,64,generated_adversarial
unfold the cloth from bottom right to top left,"Assuming your manipulators are unencumbered, locate the lower right section of the item one would use to wipe up a spill, and resolve its folded state by dragging that section to the upper left.",adversarial,,0.3431997137081838,5.3037,-2.3426,0.1571,False,64,generated_adversarial
unfold the cloth from bottom right to top left,"If it would not be too much trouble, could you kindly ensure the woven material is fully extended by taking its lowermost rightmost extremity and conveying it toward the uppermost left.",adversarial,,0.3483343875691898,5.3246,-2.0838,0.1654,False,64,generated_adversarial
unfold the cloth from bottom right to top left,Grab the lower right corner of the fabric and fold it open towards the upper left.,natural,,0.4369186490296116,5.685,-1.7284,0.1475,False,64,generated_natural
unfold the cloth from bottom right to top left,Flatten out the cloth by pulling the bottom right over to the top left.,natural,,0.5697407353852021,6.2253,-1.0288,0.1273,False,64,generated_natural
unfold the cloth from bottom right to top left,Take the bottom right edge of the cloth and unfold it towards the upper left.,natural,,0.5745885750724367,6.245,-1.1693,0.12,False,64,generated_natural
unfold the cloth from bottom right to top left,Unfurl that piece of material diagonally from the lower right up to the top left.,natural,,0.6215887366820204,6.4362,-0.5274,0.1283,False,64,generated_natural
unfold the cloth from bottom right to top left,Open up the cloth starting from the lower right and going up to the top left.,natural,,0.6289577051258385,6.4662,-0.6979,0.119,False,64,generated_natural
unfold the cloth from bottom right to top left,"Spread out the fabric, moving from the bottom right corner to the top left corner.",natural,,0.6733636579809785,6.6469,-0.5797,0.1076,False,64,generated_natural
unfold the cloth from bottom right to top left,Open the material from the bottom right-hand side up to the top left.,natural,,0.6990158756534697,6.7512,-0.3722,0.1066,False,64,generated_natural
unfold the cloth from bottom right to top left,unfold the yellow cloth towards the top left,search,,0.6990666698523154,6.7514,-0.8055,0.0895,False,64,search_boards
unfold the cloth from bottom right to top left,"From the bottom right to the top left, please unfold the cloth.",natural,,0.7264787763604317,6.8629,-0.3441,0.0978,False,64,generated_natural
unfold the cloth from bottom right to top left,open up the yellow cloth from bottom right to top left,search,,0.7687324963601309,7.0348,-0.3364,0.0829,False,64,search_boards
unfold the cloth from bottom right to top left,unfold the yellow cloth starting from bottom right to top left,search,,0.8219527131494642,7.2513,-0.1059,0.0728,False,64,search_boards
unfold the cloth from bottom right to top left,unfold the yellow cloth from bottom right to top left,search,,0.900875052722753,7.5724,0.2941,0.0602,False,64,search_boards
unfold the cloth from bottom right to top left,unfold the cloth from bottom right to top left,original,,1.0,7.9757,1.0096,0.0527,False,64,search_boards
unfold the cloth from bottom to top,"The fabric, which currently rests in a collapsed state, requires you to draw its downward-facing hem upward until the entirety of the piece is laid bare.",adversarial,,0.0,0.6923,-6.9237,0.3846,False,64,generated_adversarial
unfold the cloth from bottom to top,Please open out the cloth by moving its lower half upwards.,natural,,0.1437469527034753,1.6753,-6.1578,0.3278,False,64,generated_natural
unfold the cloth from bottom to top,"To maximize the exposed surface area of the fibrous material, execute an unfolding maneuver that initiates at the base and terminates at the zenith.",adversarial,,0.1765828129170112,1.8999,-6.1653,0.3077,False,64,generated_adversarial
unfold the cloth from bottom to top,"If you would be so kind, take the lowest extremity of the woven textile and elevate it towards the apex in order to fully expand its surface.",adversarial,,0.2227314793212536,2.2155,-5.2024,0.3176,False,64,generated_adversarial
unfold the cloth from bottom to top,"Assuming the item typically used for wiping spills is currently doubled over, reverse this state by transporting its inferior boundary in a strictly superior direction.",adversarial,,0.2397746358915934,2.332,-5.4538,0.2974,False,64,generated_adversarial
unfold the cloth from bottom to top,Pull the lower hem of the fabric upward to lay it completely open.,natural,,0.2411642922497622,2.3415,-5.1014,0.3104,False,64,generated_natural
unfold the cloth from bottom to top,Grab the bottom edge of the fabric and pull it up to unfold it.,natural,,0.2860120743612764,2.6482,-4.7737,0.2962,False,64,generated_natural
unfold the cloth from bottom to top,Lift the bottom of the material all the way to the top so it lies flat.,natural,,0.3050328328422955,2.7783,-4.5549,0.2933,False,64,generated_natural
unfold the cloth from bottom to top,"Starting at the lowest edge, unfold the material upwards.",natural,,0.3321756211179985,2.9639,-4.0965,0.2949,False,64,generated_natural
unfold the cloth from bottom to top,Unfold this cloth by taking the bottom part and flipping it up to the top edge.,natural,,0.4571548540566139,3.8186,-3.9002,0.2271,False,64,generated_natural
unfold the cloth from bottom to top,"Open up the cloth, moving the bottom edge toward the top.",natural,,0.4810363518700352,3.9819,-3.7157,0.2199,False,64,generated_natural
unfold the cloth from bottom to top,flatten the orange rag from bottom to top,search,,0.5975563523691216,4.7787,-3.0026,0.1775,False,64,search_boards
unfold the cloth from bottom to top,"Spread the rag out, starting from the bottom and going up.",natural,,0.6093037169215576,4.859,-3.3232,0.1579,False,64,generated_natural
unfold the cloth from bottom to top,flatten the orange cloth from bottom to top,search,,0.7046794816179649,5.5112,-2.0444,0.1505,False,64,search_boards
unfold the cloth from bottom to top,open up the orange towel from bottom to top,search,,0.7051876865291775,5.5147,-2.1311,0.1467,False,64,search_boards
unfold the cloth from bottom to top,open up the orange cloth from bottom to top,search,,0.7726148394097674,5.9758,-1.4577,0.1324,False,64,search_boards
unfold the cloth from bottom to top,open up the cloth from bottom to top,search,,0.8560672705583854,6.5465,-0.5908,0.1161,False,64,search_boards
unfold the cloth from bottom to top,unfold orange cloth from bottom to top,search,,0.8656064985416226,6.6117,-0.6601,0.1076,False,64,search_boards
unfold the cloth from bottom to top,unfold the cloth from bottom to top,original,,1.0,7.5308,0.6723,0.0787,False,64,search_boards
unfold the cloth from left to right,Grab the left edge of the cotton and pull it right to unfold it.,natural,,0.0,3.4023,-4.8631,0.2261,False,64,generated_natural
unfold the cloth from left to right,Please flatten out the textile by opening the left flap over to the right.,natural,,0.0284524632348462,3.5209,-4.3683,0.235,False,64,generated_natural
unfold the cloth from left to right,"Assuming the item is currently doubled over, would you be so kind as to extend its leftmost boundary towards the opposite lateral direction until it lies flat?",adversarial,,0.0871238103283717,3.7655,-4.4412,0.2106,False,64,generated_adversarial
unfold the cloth from left to right,"The piece of material, which presently rests in a compacted configuration, requires you to grasp its westernmost edge and deploy it toward the east to reveal its full surface.",adversarial,,0.2228835846371378,4.3314,-3.5315,0.1963,False,64,generated_adversarial
unfold the cloth from left to right,"Commencing at the port side and proceeding starboard, initiate the unfurling procedure upon the woven textile.",adversarial,,0.3172828661795784,4.725,-2.7148,0.1936,False,64,generated_adversarial
unfold the cloth from left to right,"Unfurl this piece of cloth, moving from left to right.",natural,,0.3491649280859354,4.8579,-2.793,0.1788,False,64,generated_natural
unfold the cloth from left to right,Open up the cloth by pulling it towards the right.,natural,,0.4210375882763197,5.1575,-2.8607,0.1496,False,64,generated_natural
unfold the cloth from left to right,Lay the material flat by opening it to the right side.,natural,,0.4764191114900479,5.3884,-2.3355,0.1499,False,64,generated_natural
unfold the cloth from left to right,"From left to right, spread the fabric out completely.",natural,,0.5530779742613615,5.708,-2.1145,0.1303,False,64,generated_natural
unfold the cloth from left to right,open up the yellow cloth to the right,search,,0.5642674490663874,5.7546,-2.1745,0.1238,False,64,search_boards
unfold the cloth from left to right,"Execute a spreading expansion of the draped article, ensuring the physical trajectory of your manipulation originates on your left and terminates on your right.",adversarial,,0.5860606369568259,5.8455,-2.0609,0.1203,False,64,generated_adversarial
unfold the cloth from left to right,Take the cloth and unfold it rightwards.,natural,,0.6976238593153712,6.3106,-1.636,0.0959,False,64,generated_natural
unfold the cloth from left to right,open the yellow cloth from left to right,search,,0.7017741209541919,6.3279,-1.4554,0.1014,False,64,search_boards
unfold the cloth from left to right,open up the cloth from left to right,search,,0.7237654046091984,6.4196,-0.8245,0.1181,False,64,search_boards
unfold the cloth from left to right,open up the yellow cloth from left to right,search,,0.7303912352897696,6.4472,-1.0957,0.105,False,64,search_boards
unfold the cloth from left to right,unfold the yellow towel to the right,search,,0.7360994126679683,6.471,-1.0563,0.1045,False,64,search_boards
unfold the cloth from left to right,Can you spread out the fabric from left to right?,natural,,0.7725571512288969,6.623,-1.1564,0.0871,False,64,generated_natural
unfold the cloth from left to right,unfold the yellow cloth from left to right,search,,0.9275393100445488,7.2691,0.0786,0.0785,False,64,search_boards
unfold the cloth from left to right,unfold the cloth from left to right,original,,1.0,7.5712,0.8931,0.0838,False,64,search_boards
unfold the cloth from right to left,"If it is within your operational parameters, I would be most grateful if you could take the woven material currently resting in a doubled-over state and extend its rightmost boundary toward the sinistral direction.",adversarial,,0.0,0.3462,-9.427,0.3168,False,64,generated_adversarial
unfold the cloth from right to left,"Ensuring you commence on the side corresponding to your right manipulator, deconstruct the overlap of the fabric by drawing it across to the opposite lateral extreme.",adversarial,,0.1528191980238367,1.4162,-7.6659,0.2915,False,64,generated_adversarial
unfold the cloth from right to left,Proceed to execute a planar expansion of the textile asset by translating its dexter extremity toward the sinister orientation.,adversarial,,0.3835018456059617,3.0314,-5.6524,0.2279,False,64,generated_adversarial
unfold the cloth from right to left,"The pliable item typically used for wiping spills, which currently sits creased on the surface, requires you to transpose its eastern edge across to the western side to reveal its full area.",adversarial,,0.3853071042515825,3.044,-6.6552,0.1874,False,64,generated_adversarial
unfold the cloth from right to left,"Can you undo the fold in the cloth, moving right to left?",natural,,0.5317652036078576,4.0695,-3.7044,0.2126,False,64,generated_natural
unfold the cloth from right to left,"Open up the fabric, moving from the right side over to the left.",natural,,0.6908928022029657,5.1837,-2.2876,0.1698,False,64,generated_natural
unfold the cloth from right to left,Take the right edge of the towel and flip it open towards the left.,natural,,0.6992407826133363,5.2422,-2.6808,0.1492,False,64,generated_natural
unfold the cloth from right to left,Grab the folded textile and open it up toward the left side.,natural,,0.7018067397687334,5.2601,-2.5256,0.1537,False,64,generated_natural
unfold the cloth from right to left,unfold the orange rag,search,,0.7211956836774261,5.3959,-2.2484,0.1526,False,64,search_boards
unfold the cloth from right to left,Flatten out the rag by pulling it leftward from the right.,natural,,0.7317913927790228,5.4701,-2.3187,0.1433,False,64,generated_natural
unfold the cloth from right to left,spread the orange rag to the left,search,,0.7535440022501009,5.6224,-1.7936,0.1505,False,64,search_boards
unfold the cloth from right to left,Spread out the fabric starting on the right and ending on the left.,natural,,0.7911122971130454,5.8854,-1.9428,0.1214,False,64,generated_natural
unfold the cloth from right to left,spread the orange cloth to the left,search,,0.805335286874549,5.985,-1.3932,0.1342,False,64,search_boards
unfold the cloth from right to left,spread the orange cloth from right to left,search,,0.8250855133698671,6.1233,-1.1722,0.1306,False,64,search_boards
unfold the cloth from right to left,spread the orange cloth leftward,search,,0.8313531446073255,6.1672,-1.3343,0.1204,False,64,search_boards
unfold the cloth from right to left,spread out the orange cloth to the left,search,,0.8531995089530133,6.3202,-1.0479,0.1181,False,64,search_boards
unfold the cloth from right to left,Please spread the cloth out from right to left.,natural,,0.877794302700946,6.4924,-1.15,0.0989,False,64,generated_natural
unfold the cloth from right to left,"From right to left, go ahead and unfold that piece of material.",natural,,0.8809334773180918,6.5143,-1.3241,0.0901,False,64,generated_natural
unfold the cloth from right to left,spread out the orange cloth from right to left,search,,0.8834235150210202,6.5318,-0.8119,0.1087,False,64,search_boards
unfold the cloth from right to left,unfold the orange cloth to the left,search,,0.886590263289389,6.5539,-0.7125,0.1106,False,64,search_boards
unfold the cloth from right to left,unfold the cloth from right to left,original,,1.0,7.348,0.705,0.0961,False,64,search_boards
unfold the cloth from top left to bottom right,"Provided that the workspace is clear, grasp the upper left-hand extremity of the item typically used for wiping spills, extending it fully until it reaches the lower rightmost position.",adversarial,,0.0,4.4755,-3.7552,0.1748,False,64,generated_adversarial
unfold the cloth from top left to bottom right,"Open the towel up, moving from the top left towards the bottom right.",natural,,0.0926939334531821,4.7714,-2.8081,0.1858,False,64,generated_natural
unfold the cloth from top left to bottom right,Pull the top left edge of the cloth all the way to the bottom right corner.,natural,,0.093331283463908,4.7735,-2.848,0.1841,False,64,generated_natural
unfold the cloth from top left to bottom right,"The piece of fabric, which currently rests in a folded state, must be laid flat, a state you shall achieve by drawing the corner situated at the top left directly over to the bottom right area.",adversarial,,0.230309359302695,5.2107,-2.4484,0.1611,False,64,generated_adversarial
unfold the cloth from top left to bottom right,"If it would not be too much trouble, kindly take the woven textile and expand its surface area, commencing at the uppermost left quadrant and proceeding diagonally to the lowermost right.",adversarial,,0.2662876306256751,5.3256,-2.4509,0.1509,False,64,generated_adversarial
unfold the cloth from top left to bottom right,Unfold the rag from the upper left down to the lower right.,natural,,0.271608698610665,5.3426,-2.0513,0.1651,False,64,generated_natural
unfold the cloth from top left to bottom right,Grab the top left corner of the fabric and pull it down to the bottom right.,natural,,0.3052259676571495,5.4499,-2.2747,0.1468,False,64,generated_natural
unfold the cloth from top left to bottom right,Take the upper left of the material and unfold it towards the bottom right.,natural,,0.3325719517740626,5.5372,-2.0455,0.1481,False,64,generated_natural
unfold the cloth from top left to bottom right,unfold the blue cloth from the top left corner to the bottom right,search,,0.3393389056201755,5.5588,-1.6761,0.1607,False,64,search_boards
unfold the cloth from top left to bottom right,"Proceed to unfurl the material, ensuring that the trajectory of your manipulation originates in the top left corner and ultimately concludes at the bottom right.",adversarial,,0.3395246524487503,5.5594,-2.0749,0.145,False,64,generated_adversarial
unfold the cloth from top left to bottom right,Flatten out the piece of fabric by bringing the top left over to the bottom right.,natural,,0.4017703869331457,5.7581,-1.6948,0.1424,False,64,generated_natural
unfold the cloth from top left to bottom right,Please spread out the cloth by pulling the upper left side to the lower right.,natural,,0.412533761871404,5.7924,-1.8481,0.1333,False,64,generated_natural
unfold the cloth from top left to bottom right,"Starting at the top left, unfold the cloth all the way to the bottom right.",natural,,0.6347559718559409,6.5018,-0.7708,0.113,False,64,generated_natural
unfold the cloth from top left to bottom right,unfold the cloth from the top left to the bottom right,search,,0.6838849818423487,6.6586,-0.4086,0.1133,False,64,search_boards
unfold the cloth from top left to bottom right,unfold the cloth from top left toward bottom right,search,,0.786368983837292,6.9858,0.164,0.1069,False,64,search_boards
unfold the cloth from top left to bottom right,unfold the cloth diagonally from top left to bottom right,search,,0.8330268412823362,7.1347,0.2444,0.0969,False,64,search_boards
unfold the cloth from top left to bottom right,unfold the cloth from top-left to bottom-right,search,,0.8357524081755371,7.1434,0.3435,0.1,False,64,search_boards
unfold the cloth from top left to bottom right,unfold the cloth from top left to bottom right corner,search,,0.8429826753685132,7.1665,0.5287,0.1053,False,64,search_boards
unfold the cloth from top left to bottom right,unfold the cloth from top left to bottom right,original,,1.0,7.6678,1.0104,0.0799,False,64,search_boards
unfold the cloth from top right to bottom left,"Toward the bottom left is where the top right section of the cloth ought to be relocated, ensuring the item is thoroughly spread out in the process",adversarial,,0.0,3.5662,-4.8377,0.2126,False,64,generated_adversarial
unfold the cloth from top right to bottom left,"The fabric, which currently lies folded on the surface, requires you to initiate a flattening maneuver beginning at its northeast vertex and terminating at the southwest position",adversarial,,0.1763388646314928,4.3811,-3.107,0.2086,False,64,generated_adversarial
unfold the cloth from top right to bottom left,unfold the blue fabric from the top right corner,search,,0.1963853086988283,4.4738,-3.3994,0.1889,False,64,search_boards
unfold the cloth from top right to bottom left,unfold the blue fabric starting from the top right,search,,0.253572769490856,4.738,-3.7112,0.1533,False,64,search_boards
unfold the cloth from top right to bottom left,unfold the blue cloth starting from the top right,search,,0.2659701031651514,4.7953,-3.6637,0.1501,False,64,search_boards
unfold the cloth from top right to bottom left,"If you would be so kind, taking care to grasp the uppermost corner on the right-hand side, drag the woven textile diagonally until it rests completely opened at the lower left",adversarial,,0.3251427643860463,5.0688,-1.9694,0.1925,False,64,generated_adversarial
unfold the cloth from top right to bottom left,Unfold that piece of material diagonally towards the bottom left from the top right,natural,,0.38975547036082,5.3674,-1.6992,0.1767,False,64,generated_natural
unfold the cloth from top right to bottom left,pull open the blue cloth from top right to bottom left,search,,0.4039540070503764,5.433,-2.0513,0.1571,False,64,search_boards
unfold the cloth from top right to bottom left,"Open the towel up, going from the top right down to the bottom left",natural,,0.4430409947826547,5.6136,-1.4564,0.1645,False,64,generated_natural
unfold the cloth from top right to bottom left,Execute an unfolding procedure on the pliable wiping material by translating its superior rightmost extremity down towards the inferior leftward boundary,adversarial,,0.4574801675135544,5.6804,-1.397,0.1609,False,64,generated_adversarial
unfold the cloth from top right to bottom left,Unfurl the fabric starting at the top right and ending at the bottom left,natural,,0.4844657449913765,5.8051,-1.2189,0.1569,False,64,generated_natural
unfold the cloth from top right to bottom left,Pull the upper right edge of the rag down to the lower left corner so it is unfolded,natural,,0.490672133291721,5.8338,-1.4912,0.1437,False,64,generated_natural
unfold the cloth from top right to bottom left,Take the top right corner of the cloth and drag it to the bottom left to lay it flat,natural,,0.5240466751824171,5.988,-1.1762,0.1424,False,64,generated_natural
unfold the cloth from top right to bottom left,Please spread out the fabric by moving the upper right corner to the lower left,natural,,0.545307376314328,6.0862,-1.2201,0.132,False,64,generated_natural
unfold the cloth from top right to bottom left,Smooth out the cloth by unfolding it from the top right-hand side over to the bottom left,natural,,0.5695557308475807,6.1983,-0.8246,0.1377,False,64,generated_natural
unfold the cloth from top right to bottom left,Grab the top right of the cloth and pull it down to the bottom left to unfold it,natural,,0.5725468919893981,6.2121,-0.8004,0.1374,False,64,generated_natural
unfold the cloth from top right to bottom left,unfold the blue cloth downwards and to the left,search,,0.5911514738792583,6.2981,-1.2795,0.111,False,64,search_boards
unfold the cloth from top right to bottom left,unfold the cloth from top right to bottom left,original,,1.0,8.1875,1.4445,0.051,False,64,search_boards
unfold the cloth from top to bottom,"Assuming you are ready to manipulate the flexible wipe before you, please ensure its compacted layers are spread flat by dragging the highest point toward the lowest point",adversarial,,0.0,3.4872,-4.2523,0.2426,False,64,generated_adversarial
unfold the cloth from top to bottom,"Undo the fold in the cloth, pulling from top to bottom",natural,,0.1443157961231772,4.1662,-3.3507,0.218,False,64,generated_natural
unfold the cloth from top to bottom,Take the uppermost part of the cloth and pull it down to lay it out flat,natural,,0.2255266680116595,4.5482,-3.5118,0.1779,False,64,generated_natural
unfold the cloth from top to bottom,Grab the top edge of the cloth and pull it down to open it up,natural,,0.2722951509524103,4.7683,-3.2368,0.1693,False,64,generated_natural
unfold the cloth from top to bottom,Open up the rag by pulling the upper section down,natural,,0.2823833041602762,4.8157,-3.3638,0.1601,False,64,generated_natural
unfold the cloth from top to bottom,"Grasping the uppermost hem of the woven textile, proceed to extend it downwards until it is completely uncreased",adversarial,,0.3403267536888602,5.0883,-3.2278,0.1413,False,64,generated_adversarial
unfold the cloth from top to bottom,"If you would be so kind, taking care to initiate the movement at the superior edge, reverse the overlapping state of the material by drawing it toward the inferior edge",adversarial,,0.349502028108034,5.1315,-3.2202,0.1378,False,64,generated_adversarial
unfold the cloth from top to bottom,"Lay that piece of material flat, working your way from the top down",natural,,0.4010687110922554,5.3741,-2.768,0.1342,False,64,generated_natural
unfold the cloth from top to bottom,"Execute an unfolding maneuver on the piece of fabric, ensuring the vector of deployment strictly follows a descending vertical path from the apex to the base",adversarial,,0.4233143279870077,5.4787,-2.6802,0.1284,False,64,generated_adversarial
unfold the cloth from top to bottom,Please unfold the fabric downwards,natural,,0.4364026410960379,5.5403,-2.1507,0.1437,False,64,generated_natural
unfold the cloth from top to bottom,unfold the blue cloth from top down,search,,0.5108543115219075,5.8906,-1.661,0.132,False,64,search_boards
unfold the cloth from top to bottom,unfold the blue cloth towards you,search,,0.5156115738955419,5.913,-1.7599,0.1261,False,64,search_boards
unfold the cloth from top to bottom,flatten the blue cloth from top down,search,,0.5326631823870523,5.9932,-1.8683,0.1148,False,64,search_boards
unfold the cloth from top to bottom,Spread out the fabric by pulling it downwards,natural,,0.5746275223276444,6.1906,-1.9426,0.0944,False,64,generated_natural
unfold the cloth from top to bottom,"Starting at the top, unfold the towel all the way to the bottom",natural,,0.5889029923396056,6.2578,-1.5497,0.1039,False,64,generated_natural
unfold the cloth from top to bottom,unfold the blue towel from top down,search,,0.5939895497140206,6.2817,-1.5344,0.1024,False,64,search_boards
unfold the cloth from top to bottom,unfold the blue towel downwards,search,,0.6007205444627,6.3134,-1.614,0.0965,False,64,search_boards
unfold the cloth from top to bottom,flatten out the blue cloth from top to bottom,search,,0.6797886554142366,6.6853,-0.773,0.0967,False,64,search_boards
unfold the cloth from top to bottom,unfold the cloth from top to bottom,original,,1.0,8.1918,1.1413,0.0387,False,64,search_boards
unzip zipper bag,unzip the small black protective case,search,,0.0,3.4626,-5.5831,0.1925,False,64,search_boards
unzip zipper bag,"Regarding the flexible storage bag secured by an interlocking track, manipulate the pull tab to breach its seal.",adversarial,,0.1481156178831421,4.0625,-5.1094,0.1581,False,64,generated_adversarial
unzip zipper bag,"Assuming you have located the bag equipped with a mechanical closure, please separate its interlocking teeth.",adversarial,,0.2144544824186532,4.3312,-5.2208,0.13,False,64,generated_adversarial
unzip zipper bag,unzip the black protective case,search,,0.2633007194760287,4.529,-4.0399,0.1589,False,64,search_boards
unzip zipper bag,Execute the unfastening procedure upon the slide fastener of the bag in question until it is entirely agape.,adversarial,,0.3364842944447624,4.8254,-4.9269,0.0978,False,64,generated_adversarial
unzip zipper bag,unzip the black carrying case,search,,0.5522376780785433,5.6993,-2.5956,0.1122,False,64,search_boards
unzip zipper bag,Just unzip that bag over there.,natural,,0.7336734234400516,6.4341,-1.7293,0.0813,False,64,generated_natural
unzip zipper bag,Would you be so kind as to attend to the zippered bag and ensure that its fastening mechanism is fully drawn open.,adversarial,,0.831049386510235,6.8285,-0.7908,0.0833,False,64,generated_adversarial
unzip zipper bag,Can you unzip the bag for me?,natural,,0.8385952688313302,6.8591,-1.08,0.0693,False,64,generated_natural
unzip zipper bag,pull the zipper on the black protective case,search,,0.8614031164911098,6.9515,-0.6748,0.077,False,64,search_boards
unzip zipper bag,unzip the small black bag,search,,0.8629091403707633,6.9576,-0.6308,0.0782,False,64,search_boards
unzip zipper bag,Unfasten the zipped bag.,natural,,0.8840408798486269,7.0432,-0.7816,0.0647,False,64,generated_natural
unzip zipper bag,Go ahead and pull the zipper open on the bag.,natural,,0.8980913253668534,7.1001,-0.4069,0.0744,False,64,generated_natural
unzip zipper bag,Pull open the zipper bag.,natural,,0.9561481271634804,7.3352,-0.0199,0.0688,False,64,generated_natural
unzip zipper bag,pull open the zipper on the black bag,search,,0.9572552059049588,7.3397,-0.1594,0.0629,False,64,search_boards
unzip zipper bag,I need you to open the zipper on that bag.,natural,,0.9592306347566208,7.3477,-0.0951,0.0648,False,64,generated_natural
unzip zipper bag,Please open up the zippered bag.,natural,,0.9631813293814168,7.3637,0.0273,0.0682,False,64,generated_natural
unzip zipper bag,Open the zipper on the bag.,natural,,0.9653516195231918,7.3725,0.0844,0.0696,False,64,generated_natural
unzip zipper bag,unzip zipper bag,original,,1.0,7.5128,0.3821,0.0689,False,64,search_boards
upright basil bottle cardboard fence,"In regards to the bottle of basil, execute a maneuver that leaves it resting on its bottommost face within the perimeter of the cardboard fencing.",adversarial,,0.0,2.5615,-4.5041,0.3145,False,64,generated_adversarial
upright basil bottle cardboard fence,The cylindrical vessel containing the green herb typically used for pesto must be oriented perfectly vertically once relocated to the corrugated paper barricade.,adversarial,,0.1799846998329744,3.5207,-5.1736,0.2034,False,64,generated_adversarial
upright basil bottle cardboard fence,stand up the red container,search,,0.328508370415575,4.3122,-3.3982,0.2032,False,64,search_boards
upright basil bottle cardboard fence,stand up the red jar,search,,0.3360816345502123,4.3525,-3.4353,0.1982,False,64,search_boards
upright basil bottle cardboard fence,stand up the red bottle,search,,0.350175673392767,4.4276,-2.869,0.2138,False,64,search_boards
upright basil bottle cardboard fence,stand up the spice bottle,search,,0.3789599437953885,4.581,-3.0221,0.1942,False,64,search_boards
upright basil bottle cardboard fence,stand up the red spice bottle,search,,0.4168573782825194,4.783,-2.3823,0.2015,False,64,search_boards
upright basil bottle cardboard fence,stand up the red plastic bottle,search,,0.5021934538678556,5.2378,-2.1095,0.1721,False,64,search_boards
upright basil bottle cardboard fence,stand upright the red bottle,search,,0.5949663261912955,5.7322,-1.5496,0.1504,False,64,search_boards
upright basil bottle cardboard fence,make the red bottle stand up,search,,0.5986438843781469,5.7518,-1.8768,0.1358,False,64,search_boards
upright basil bottle cardboard fence,Place the spice bottle vertically within the little cardboard fence.,natural,,0.7153988532275682,6.374,-0.9901,0.1156,False,64,generated_natural
upright basil bottle cardboard fence,Put the bottle of basil by the cardboard fence and make sure it is standing up.,natural,,0.7357079241505008,6.4822,-0.6394,0.1198,False,64,generated_natural
upright basil bottle cardboard fence,Please stand the basil bottle up inside the cardboard barrier.,natural,,0.7411021066309108,6.5109,-0.5038,0.1226,False,64,generated_natural
upright basil bottle cardboard fence,Elevate the basil container to a perpendicular stance situated securely within the bounds of the cardboard palisade.,adversarial,,0.7528978881084613,6.5738,-0.6203,0.1125,False,64,generated_adversarial
upright basil bottle cardboard fence,Move the basil over to the cardboard fence and stand it straight up.,natural,,0.7713491345402882,6.6721,-0.4491,0.1105,False,64,generated_natural
upright basil bottle cardboard fence,"Assuming the workspace is clear, I would greatly appreciate it if you could transition the basil bottle to a standing position adjacent to the cardboard fence.",adversarial,,0.7761791389262717,6.6979,-0.4163,0.1096,False,64,generated_adversarial
upright basil bottle cardboard fence,Set the bottle of basil upright next to the fence made of cardboard.,natural,,0.8726380936102067,7.2119,0.3765,0.0953,False,64,generated_natural
upright basil bottle cardboard fence,Take the basil bottle and position it standing up at the cardboard fence.,natural,,0.8782733201404016,7.2419,0.3735,0.0925,False,64,generated_natural
upright basil bottle cardboard fence,"Grab the basil, put it in the cardboard fence, and leave it standing vertically.",natural,,0.8910715340043349,7.3101,0.3088,0.0839,False,64,generated_natural
upright basil bottle cardboard fence,Stand the basil bottle upright inside the cardboard fence.,natural,,0.9585487888003904,7.6697,1.0535,0.0814,False,64,generated_natural
upright basil bottle cardboard fence,upright basil bottle cardboard fence,original,,1.0,7.8906,1.4663,0.0781,False,64,search_boards
upright hot sauce bottle cardboard fence,"If it is not too much trouble, would you kindly ensure the bottle of spicy sauce is erected perfectly perpendicular to the surface, right beside the makeshift cardboard fence.",adversarial,,0.0,3.9252,-4.6562,0.188,False,64,generated_adversarial
upright hot sauce bottle cardboard fence,"The glass vessel containing the piquant red condiment should be oriented such that its longitudinal axis is vertical, situated directly adjacent to the corrugated paper barricade.",adversarial,,0.1837657200739115,4.6401,-5.7319,0.0826,False,64,generated_adversarial
upright hot sauce bottle cardboard fence,"Assuming you possess the capability to manipulate the red condiment container, transfer it to the vicinity of the cardboard perimeter and establish it in a strictly vertical stance.",adversarial,,0.2408740701849787,4.8623,-4.6116,0.107,False,64,generated_adversarial
upright hot sauce bottle cardboard fence,Put the spicy condiment bottle in the cardboard enclosure and make sure it stands up.,natural,,0.4307583203331809,5.6009,-2.5394,0.1231,False,64,generated_natural
upright hot sauce bottle cardboard fence,place the red bottle standing up in the tray,search,,0.5158942398229341,5.9321,-2.2322,0.1059,False,64,search_boards
upright hot sauce bottle cardboard fence,stand up the red bottle in the tray,search,,0.5385451122496648,6.0203,-2.5043,0.0874,False,64,search_boards
upright hot sauce bottle cardboard fence,place the red bottle standing up,search,,0.5911820470114267,6.225,-1.6893,0.1013,False,64,search_boards
upright hot sauce bottle cardboard fence,set the red bottle standing up,search,,0.6594075734715987,6.4904,-1.4848,0.0859,False,64,search_boards
upright hot sauce bottle cardboard fence,"Let the receptacle for the fiery sauce be conveyed to the paperboard enclosure, wherein it must be deposited in a strictly non-horizontal orientation.",adversarial,,0.6860376511774079,6.594,-1.8449,0.0626,False,64,generated_adversarial
upright hot sauce bottle cardboard fence,stand up the red sauce bottle inside the box,search,,0.7308614217854741,6.7684,-1.0763,0.0774,False,64,search_boards
upright hot sauce bottle cardboard fence,set the red sauce bottle standing up,search,,0.8113980951760013,7.0817,-0.5191,0.0716,False,64,search_boards
upright hot sauce bottle cardboard fence,set the red sauce bottle upright,search,,0.8222020615986454,7.1237,-0.3746,0.0736,False,64,search_boards
upright hot sauce bottle cardboard fence,Move the red sauce bottle to the cardboard fencing and leave it upright.,natural,,0.8504616196770894,7.2337,0.0584,0.0809,False,64,generated_natural
upright hot sauce bottle cardboard fence,Grab the bottle of hot sauce and stand it up inside the cardboard fence.,natural,,0.8865270654795621,7.374,0.1112,0.0705,False,64,generated_natural
upright hot sauce bottle cardboard fence,Set the hot sauce bottle standing up next to the little cardboard wall.,natural,,0.9037801698150196,7.4411,-0.1658,0.0537,False,64,generated_natural
upright hot sauce bottle cardboard fence,Make the hot sauce bottle stand vertically near the cardboard partition.,natural,,0.9268633781117614,7.5309,0.2486,0.0621,False,64,generated_natural
upright hot sauce bottle cardboard fence,Place the bottle of hot sauce vertically inside the cardboard barrier.,natural,,0.928294933673948,7.5364,0.2783,0.0627,False,64,generated_natural
upright hot sauce bottle cardboard fence,Stand the hot sauce bottle upright by the cardboard fence.,natural,,0.932799336637078,7.554,0.5225,0.0708,False,64,generated_natural
upright hot sauce bottle cardboard fence,pick up and place the hot sauce bottle upright,search,,0.9368567082220756,7.5698,0.3536,0.0628,False,64,search_boards
upright hot sauce bottle cardboard fence,Position the hot sauce so it is upright against the cardboard boundary.,natural,,0.9599828455943172,7.6597,0.4914,0.0602,False,64,generated_natural
upright hot sauce bottle cardboard fence,upright hot sauce bottle cardboard fence,original,,1.0,7.8154,0.8937,0.0623,False,64,search_boards
upright metal pot cardboard fence,"The metallic vessel, which one might typically use to boil water, must be deposited such that its open end faces the ceiling, situated in the immediate vicinity of the corrugated paper barrier.",adversarial,,0.0,2.4566,-7.3289,0.2128,False,64,generated_adversarial
upright metal pot cardboard fence,turn the metal pot right side up next to the pepper,search,,0.4665293965522795,5.0424,-3.0922,0.1507,False,64,search_boards
upright metal pot cardboard fence,turn the silver pot upright,search,,0.5587738048287982,5.5536,-2.6719,0.1221,False,64,search_boards
upright metal pot cardboard fence,turn the silver pot upright in the tray,search,,0.6373728786155003,5.9893,-2.151,0.104,False,64,search_boards
upright metal pot cardboard fence,set the silver pot upright on the board,search,,0.6638660307804595,6.1361,-2.0831,0.0937,False,64,search_boards
upright metal pot cardboard fence,"Regarding the metal pot, it is imperative that, upon conveying it to the structure made of cardboard, you orient it perpendicularly to the ground rather than leaving it overturned.",adversarial,,0.7819288172766955,6.7905,-0.5713,0.0953,False,64,generated_adversarial
upright metal pot cardboard fence,"If it is not too much trouble, would you be so kind as to ensure the metal cooking receptacle is vertically oriented once you have relocated it to the cardboard fencing?",adversarial,,0.807903877755963,6.9345,-0.8818,0.0704,False,64,generated_adversarial
upright metal pot cardboard fence,stand the metal pot upright in the tray,search,,0.8498644459406278,7.1671,-0.4796,0.0656,False,64,search_boards
upright metal pot cardboard fence,Position the metal cooking pot so it stands upright by the cardboard fencing.,natural,,0.9058651509923332,7.4775,0.2799,0.068,False,64,generated_natural
upright metal pot cardboard fence,Achieving a state of upright verticality for the metal pot upon its transference to the cardboard fence is the primary objective of your current maneuver.,adversarial,,0.908069727700416,7.4897,0.1881,0.0633,False,64,generated_adversarial
upright metal pot cardboard fence,Set the pot made of metal right side up next to the cardboard fence.,natural,,0.9122444820189092,7.5128,0.1952,0.0616,False,64,generated_natural
upright metal pot cardboard fence,Please place the metallic pot upright inside the cardboard fence.,natural,,0.9420009620269368,7.6777,0.5176,0.0597,False,64,generated_natural
upright metal pot cardboard fence,Stand the metal pot up by the cardboard fence.,natural,,0.9503422111087644,7.724,0.6869,0.0622,False,64,generated_natural
upright metal pot cardboard fence,Move the metal pot over to the cardboard fence and make sure it is standing up.,natural,,0.9561304201663386,7.7561,0.6471,0.0578,False,64,generated_natural
upright metal pot cardboard fence,Take the metal pot and stand it upright at the cardboard fence.,natural,,0.9641869164981388,7.8007,0.7625,0.0584,False,64,generated_natural
upright metal pot cardboard fence,Put the metal pot in an upright position near the cardboard fence.,natural,,0.968712943636917,7.8258,0.7563,0.056,False,64,generated_natural
upright metal pot cardboard fence,Leave the metal pot standing straight up within the cardboard fence.,natural,,0.9735865156877436,7.8528,0.7884,0.0548,False,64,generated_natural
upright metal pot cardboard fence,upright metal pot cardboard fence,original,,1.0,7.9992,1.1087,0.0545,False,64,search_boards
upright metal pot cardboard fence,"Assuming control over the alloyed receptacle traditionally favored for making soups, it is requested that you deposit it by the paperboard barricade such that its rim is oriented directly towards the zenith.",adversarial,,,,,,True,80,generated_adversarial
widowx_carrot_on_keyboard_distract,pick up the carrot and place it on the keyboard,unknown,,0.0,0.8675,-4.2218,0.4752,False,20,fine_exam|distract_of:widowx_carrot_on_keyboard_clean
widowx_carrot_on_keyboard_distract,lay the carrot across the keyboard,unknown,,0.0850147704748766,1.0787,-5.1036,0.4219,False,20,fine_exam|distract_of:widowx_carrot_on_keyboard_clean
widowx_carrot_on_keyboard_distract,"If it is not too much trouble, kindly deposit the elongated orange taproot directly upon the board of keys.",adversarial,,0.1097735972907798,1.1401,-4.9132,0.424,False,20,generated_adversarial
widowx_carrot_on_keyboard_distract,move the carrot to the keyboard,unknown,,0.1479525773915064,1.235,-4.4984,0.4319,False,20,fine_exam|distract_of:widowx_carrot_on_keyboard_clean
widowx_carrot_on_keyboard_distract,drop the carrot on the keyboard,unknown,,0.156168783494048,1.2554,-5.0032,0.4102,False,20,fine_exam|distract_of:widowx_carrot_on_keyboard_clean
widowx_carrot_on_keyboard_distract,place the carrot on the keyboard keys,unknown,,0.1741449090795112,1.3,-4.8462,0.4125,False,20,fine_exam|distract_of:widowx_carrot_on_keyboard_clean
widowx_carrot_on_keyboard_distract,Take the carrot and lay it down on the keyboard.,natural,,0.2589603639627045,1.5107,-4.3345,0.414,False,20,generated_natural
widowx_carrot_on_keyboard_distract,put the carrot on the keyboard,unknown,,0.2621065594554062,1.5185,-4.4703,0.4079,False,20,fine_exam|distract_of:widowx_carrot_on_keyboard_clean
widowx_carrot_on_keyboard_distract,Execute a transfer maneuver wherein the crunchy orange vegetable is elevated and subsequently deposited upon the QWERTY input device.,adversarial,,0.2697650196823926,1.5375,-4.3678,0.4103,False,20,generated_adversarial
widowx_carrot_on_keyboard_distract,"Grab the carrot, then put it right on the keyboard.",natural,,0.2847481868307627,1.5747,-3.9082,0.425,False,20,generated_natural
widowx_carrot_on_keyboard_distract,put the carrot down on the keyboard,unknown,,0.2914646143648747,1.5914,-4.674,0.3935,False,20,fine_exam|distract_of:widowx_carrot_on_keyboard_clean
widowx_carrot_on_keyboard_distract,Can you move the carrot over to the keyboard?,natural,,0.2915930704550686,1.5917,-4.3216,0.4073,False,20,generated_natural
widowx_carrot_on_keyboard_distract,Put the carrot down on the keyboard for me.,natural,,0.3121725247185804,1.6428,-4.7876,0.3845,False,20,generated_natural
widowx_carrot_on_keyboard_distract,place the carrot on the keyboard,unknown,,0.3242173916603454,1.6728,-4.6759,0.3862,False,20,fine_exam|distract_of:widowx_carrot_on_keyboard_clean
widowx_carrot_on_keyboard_distract,"The carrot, despite usually belonging in a salad, must be carefully grasped and conveyed until it is positioned squarely on the computer's typing peripheral.",adversarial,,0.3407397715421867,1.7138,-4.1482,0.4033,False,20,generated_adversarial
widowx_carrot_on_keyboard_distract,put carrot on keyboard,unknown,,0.3431102487823461,1.7197,-4.0714,0.4058,False,20,fine_exam|distract_of:widowx_carrot_on_keyboard_clean
widowx_carrot_on_keyboard_distract,Transfer the orange root to the keyboard.,natural,,0.3525961305182937,1.7432,-4.3142,0.3942,False,20,generated_natural
widowx_carrot_on_keyboard_distract,set the carrot on the keyboard,unknown,,0.382019103023822,1.8163,-4.6037,0.3764,False,20,fine_exam|distract_of:widowx_carrot_on_keyboard_clean
widowx_carrot_on_keyboard_distract,put the carrot on the keys,unknown,,0.3857620556258844,1.8256,-4.2448,0.3897,False,20,fine_exam|distract_of:widowx_carrot_on_keyboard_clean
widowx_carrot_on_keyboard_distract,place the orange carrot on the keyboard,unknown,,0.4155594561256138,1.8996,-4.1309,0.3876,False,20,fine_exam|distract_of:widowx_carrot_on_keyboard_clean
widowx_carrot_on_keyboard_distract,carrot on keyboard,unknown,,0.422103047533176,1.9159,-3.9145,0.3946,False,20,fine_exam|distract_of:widowx_carrot_on_keyboard_clean
widowx_carrot_on_keyboard_distract,put the orange carrot on the keyboard,unknown,,0.4343001234770189,1.9462,-4.3469,0.375,False,20,fine_exam|distract_of:widowx_carrot_on_keyboard_clean
widowx_carrot_on_keyboard_distract,place the carrot on the computer keyboard,unknown,,0.4719513121015297,2.0397,-4.3862,0.3652,False,20,fine_exam|distract_of:widowx_carrot_on_keyboard_clean
widowx_carrot_on_keyboard_distract,I would be most grateful if you could see your way to relocating the carrot such that it comes to rest atop the keyboard.,adversarial,,0.4936744307814421,2.0936,-4.3992,0.3599,False,20,generated_adversarial
widowx_carrot_on_keyboard_distract,Please drop the carrot on the computer keyboard.,natural,,0.5092966328467292,2.1324,-4.1384,0.3667,False,20,generated_natural
widowx_carrot_on_keyboard_distract,put the carrot on top of the keyboard,unknown,,0.5732190083950636,2.2912,-4.1069,0.3539,False,20,fine_exam|distract_of:widowx_carrot_on_keyboard_clean
widowx_carrot_on_keyboard_distract,I need you to set the carrot on top of the keyboard.,natural,,0.588372948561317,2.3288,-3.8441,0.3609,False,20,generated_natural
widowx_carrot_on_keyboard_distract,place the carrot across the black keyboard,unknown,,0.6262554095214212,2.4229,-4.3688,0.332,False,20,fine_exam|distract_of:widowx_carrot_on_keyboard_clean
widowx_carrot_on_keyboard_distract,Place the orange vegetable onto the typing device.,natural,,0.6627029681315723,2.5134,-3.5585,0.3558,False,20,generated_natural
widowx_carrot_on_keyboard_distract,place the carrot on top of the black keyboard,unknown,,0.701859004044573,2.6107,-4.018,0.3292,False,20,fine_exam|distract_of:widowx_carrot_on_keyboard_clean
widowx_carrot_on_keyboard_distract,put the carrot on the black keyboard,unknown,,0.7294287720713636,2.6792,-4.2765,0.313,False,20,fine_exam|distract_of:widowx_carrot_on_keyboard_clean
widowx_carrot_on_keyboard_distract,drop the carrot on the black keyboard,unknown,,0.7542457025168147,2.7408,-4.2204,0.3098,False,20,fine_exam|distract_of:widowx_carrot_on_keyboard_clean
widowx_carrot_on_keyboard_distract,rest the carrot on the black keyboard,unknown,,0.7766015001294794,2.7963,-4.0984,0.3096,False,20,fine_exam|distract_of:widowx_carrot_on_keyboard_clean
widowx_carrot_on_keyboard_distract,lay the carrot on the black keyboard,unknown,,0.7876353764035415,2.8237,-4.2379,0.3017,False,20,fine_exam|distract_of:widowx_carrot_on_keyboard_clean
widowx_carrot_on_keyboard_distract,place the carrot onto the black keyboard,unknown,,0.7891140486272826,2.8274,-4.3044,0.2988,False,20,fine_exam|distract_of:widowx_carrot_on_keyboard_clean
widowx_carrot_on_keyboard_distract,set the carrot on the black keyboard,unknown,,0.7920843206164714,2.8348,-4.3632,0.2958,False,20,fine_exam|distract_of:widowx_carrot_on_keyboard_clean
widowx_carrot_on_keyboard_distract,place the orange carrot on the black keyboard,unknown,,0.8585262044153829,2.9998,-4.2737,0.2848,False,20,fine_exam|distract_of:widowx_carrot_on_keyboard_clean
widowx_carrot_on_keyboard_distract,place the carrot down on the black keyboard,unknown,,0.8618872218099823,3.0082,-4.1153,0.2903,False,20,fine_exam|distract_of:widowx_carrot_on_keyboard_clean
widowx_carrot_on_keyboard_distract,place the carrot on the black keyboard,unknown,,0.8728740864598185,3.0354,-3.9984,0.2924,False,20,fine_exam|distract_of:widowx_carrot_on_keyboard_clean
widowx_carrot_on_keyboard_distract,place the carrot on the black computer keyboard,unknown,,0.8762827186969167,3.0439,-3.8207,0.2987,False,20,fine_exam|distract_of:widowx_carrot_on_keyboard_clean
widowx_carrot_on_keyboard_distract,place the carrot on the black keys,unknown,,0.8921400125472961,3.0833,-3.6522,0.3018,False,20,fine_exam|distract_of:widowx_carrot_on_keyboard_clean
widowx_carrot_on_keyboard_distract,place the carrot flat on the black keyboard,unknown,,0.9910118913621248,3.3289,-3.6174,0.2815,False,20,fine_exam|distract_of:widowx_carrot_on_keyboard_clean
widowx_carrot_on_keyboard_distract,carrot on black keyboard,unknown,,1.0,3.3512,-3.9569,0.2662,False,20,fine_exam|distract_of:widowx_carrot_on_keyboard_clean
widowx_carrot_on_plate_distract,Take the crunchy orange vegetable typically favored by rabbits and ensure its final resting place is directly on top of the flat ceramic object used for serving meals.,adversarial,,0.0,-0.6026,-8.4311,0.4398,False,60,generated_adversarial
widowx_carrot_on_plate_distract,"Should your manipulators be presently unoccupied, I request that you elevate the elongated orange taproot and deposit it squarely upon the plate.",adversarial,,0.1784515986672922,-0.2133,-8.7665,0.3922,False,60,generated_adversarial
widowx_carrot_on_plate_distract,"I would be most profoundly appreciative if you could somehow manage to ensure that the carrot is conveyed to, and left situated on, the plate.",adversarial,,0.5427137204197572,0.5811,-7.2375,0.3821,False,60,generated_adversarial
widowx_carrot_on_plate_distract,put the carrot on the dish,unknown,,0.5778432628886412,0.6578,-7.304,0.3727,False,60,fine_exam|distract_of:widowx_carrot_on_plate
widowx_carrot_on_plate_distract,drop the carrot on the plate,unknown,,0.6943639363364952,0.9119,-6.4251,0.3848,False,60,fine_exam|distract_of:widowx_carrot_on_plate
widowx_carrot_on_plate_distract,"The carrot, which currently resides in a sub-optimal location that must be rectified immediately, needs to be physically relocated onto the plate.",adversarial,,0.7254189200297747,0.9796,-6.4231,0.3788,False,60,generated_adversarial
widowx_carrot_on_plate_distract,Can you transfer the carrot to the plate for me?,natural,,0.7486116813272538,1.0302,-6.3453,0.3774,False,60,generated_natural
widowx_carrot_on_plate_distract,set the carrot on the plate,unknown,,0.7550485767430958,1.0443,-6.0845,0.3864,False,60,fine_exam|distract_of:widowx_carrot_on_plate
widowx_carrot_on_plate_distract,Grab the orange vegetable and set it on the plate.,natural,,0.7606587177635169,1.0565,-6.834,0.3559,False,60,generated_natural
widowx_carrot_on_plate_distract,carrot on plate,unknown,,0.7684928582870747,1.0736,-6.116,0.3826,False,60,fine_exam|distract_of:widowx_carrot_on_plate
widowx_carrot_on_plate_distract,Take the carrot and drop it onto that plate.,natural,,0.7767876486014165,1.0917,-6.5727,0.3631,False,60,generated_natural
widowx_carrot_on_plate_distract,put the carrot on the plate,unknown,,0.77681347524904,1.0917,-6.0911,0.382,False,60,fine_exam|distract_of:widowx_carrot_on_plate
widowx_carrot_on_plate_distract,lay the carrot on the plate,unknown,,0.7806870127880694,1.1002,-5.9788,0.3856,False,60,fine_exam|distract_of:widowx_carrot_on_plate
widowx_carrot_on_plate_distract,put carrot on plate,unknown,,0.7814469253196175,1.1018,-5.9307,0.3874,False,60,fine_exam|distract_of:widowx_carrot_on_plate
widowx_carrot_on_plate_distract,move the carrot to the plate,unknown,,0.7830201798701879,1.1053,-6.3066,0.3723,False,60,fine_exam|distract_of:widowx_carrot_on_plate
widowx_carrot_on_plate_distract,Shift the carrot over to the plate.,natural,,0.7889355521242988,1.1182,-6.1798,0.3762,False,60,generated_natural
widowx_carrot_on_plate_distract,place the orange carrot on the green dish,unknown,,0.7994328041500748,1.1411,-6.3455,0.3676,False,60,fine_exam|distract_of:widowx_carrot_on_plate
widowx_carrot_on_plate_distract,place the carrot on the plate,unknown,,0.7995764796029102,1.1414,-6.0393,0.3796,False,60,fine_exam|distract_of:widowx_carrot_on_plate
widowx_carrot_on_plate_distract,put the carrot down on the plate,unknown,,0.8012440008395938,1.145,-6.0338,0.3795,False,60,fine_exam|distract_of:widowx_carrot_on_plate
widowx_carrot_on_plate_distract,place the carrot on the green plate,unknown,,0.8086693695752123,1.1612,-6.1644,0.373,False,60,fine_exam|distract_of:widowx_carrot_on_plate
widowx_carrot_on_plate_distract,Please move the carrot onto the plate.,natural,,0.8097179411553578,1.1635,-6.0145,0.3786,False,60,generated_natural
widowx_carrot_on_plate_distract,Just rest the carrot right there on the plate.,natural,,0.827271619261846,1.2018,-6.0731,0.373,False,60,generated_natural
widowx_carrot_on_plate_distract,put the carrot on the green plate,unknown,,0.8322001074809574,1.2125,-6.0837,0.3716,False,60,fine_exam|distract_of:widowx_carrot_on_plate
widowx_carrot_on_plate_distract,put the carrot on top of the plate,unknown,,0.8376668609458533,1.2245,-5.8179,0.381,False,60,fine_exam|distract_of:widowx_carrot_on_plate
widowx_carrot_on_plate_distract,drop the orange carrot on the green plate,unknown,,0.8627106751871657,1.2791,-6.17,0.3623,False,60,fine_exam|distract_of:widowx_carrot_on_plate
widowx_carrot_on_plate_distract,I need the carrot put on the plate.,natural,,0.8767016985616988,1.3096,-5.7388,0.3766,False,60,generated_natural
widowx_carrot_on_plate_distract,set the orange carrot on the plate,unknown,,0.8828572840234258,1.323,-5.8497,0.371,False,60,fine_exam|distract_of:widowx_carrot_on_plate
widowx_carrot_on_plate_distract,pick up the carrot and place it on the plate,unknown,,0.9077597781237664,1.3773,-5.5955,0.3762,False,60,fine_exam|distract_of:widowx_carrot_on_plate
widowx_carrot_on_plate_distract,place the carrot on top of the plate,unknown,,0.9082256855645948,1.3784,-5.856,0.3659,False,60,fine_exam|distract_of:widowx_carrot_on_plate
widowx_carrot_on_plate_distract,Pick up the carrot and place it down on the plate.,natural,,0.9117870643209864,1.3861,-5.4933,0.3794,False,60,generated_natural
widowx_carrot_on_plate_distract,place the orange carrot on the green plate,unknown,,0.9208924438922652,1.406,-5.8699,0.3629,False,60,fine_exam|distract_of:widowx_carrot_on_plate
widowx_carrot_on_plate_distract,lay the orange carrot on the green plate,unknown,,0.9209660180261064,1.4061,-5.9269,0.3607,False,60,fine_exam|distract_of:widowx_carrot_on_plate
widowx_carrot_on_plate_distract,place the orange carrot on the plate,unknown,,0.9239293851459848,1.4126,-5.787,0.3656,False,60,fine_exam|distract_of:widowx_carrot_on_plate
widowx_carrot_on_plate_distract,put the orange carrot onto the green plate,unknown,,0.9317766122140066,1.4297,-5.8834,0.3603,False,60,fine_exam|distract_of:widowx_carrot_on_plate
widowx_carrot_on_plate_distract,put the orange carrot on the plate,unknown,,0.9347833306528844,1.4363,-5.8847,0.3596,False,60,fine_exam|distract_of:widowx_carrot_on_plate
widowx_carrot_on_plate_distract,put the orange carrot on top of the plate,unknown,,0.9410439280138112,1.4499,-5.9354,0.3565,False,60,fine_exam|distract_of:widowx_carrot_on_plate
widowx_carrot_on_plate_distract,set the orange carrot on the green plate,unknown,,0.9493179617549852,1.468,-5.9348,0.3549,False,60,fine_exam|distract_of:widowx_carrot_on_plate
widowx_carrot_on_plate_distract,put the orange carrot on the green plate,unknown,,0.9547336204511904,1.4798,-5.7623,0.3606,False,60,fine_exam|distract_of:widowx_carrot_on_plate
widowx_carrot_on_plate_distract,pick up the orange carrot and place it on the green plate,unknown,,0.97127211635306,1.5159,-5.3148,0.375,False,60,fine_exam|distract_of:widowx_carrot_on_plate
widowx_carrot_on_plate_distract,place the orange carrot on top of the green plate,unknown,,1.0,1.5785,-5.6669,0.3556,False,60,fine_exam|distract_of:widowx_carrot_on_plate
widowx_carrot_on_plate_lang_common_distract,drop the carrot on the plate,unknown,,0.0,5.3203,-6.0929,0.0083,False,4,fine_exam|distract_of:widowx_carrot_on_plate
widowx_carrot_on_plate_lang_common_distract,put the carrot on top of the plate,unknown,,0.0034888788959358,5.3269,-6.0633,0.0089,False,4,fine_exam|distract_of:widowx_carrot_on_plate
widowx_carrot_on_plate_lang_common_distract,carrot on plate,unknown,,0.0408842828900838,5.3979,-5.2062,0.0363,False,4,fine_exam|distract_of:widowx_carrot_on_plate
widowx_carrot_on_plate_lang_common_distract,I need the carrot placed onto the plate.,natural,,0.0622815493730618,5.4384,-5.8189,0.0087,False,4,generated_natural
widowx_carrot_on_plate_lang_common_distract,put the carrot on the plate,unknown,,0.0783941219447737,5.469,-5.7521,0.0086,False,4,fine_exam|distract_of:widowx_carrot_on_plate
widowx_carrot_on_plate_lang_common_distract,put the carrot down on the plate,unknown,,0.1060626363405667,5.5214,-5.623,0.009,False,4,fine_exam|distract_of:widowx_carrot_on_plate
widowx_carrot_on_plate_lang_common_distract,set the carrot on the plate,unknown,,0.1109503108929245,5.5307,-5.6137,0.0086,False,4,fine_exam|distract_of:widowx_carrot_on_plate
widowx_carrot_on_plate_lang_common_distract,place the carrot on the green plate,unknown,,0.125030854190264,5.5574,-5.5408,0.0091,False,4,fine_exam|distract_of:widowx_carrot_on_plate
widowx_carrot_on_plate_lang_common_distract,lay the carrot on the plate,unknown,,0.1252754247603396,5.5579,-5.5613,0.0082,False,4,fine_exam|distract_of:widowx_carrot_on_plate
widowx_carrot_on_plate_lang_common_distract,Grab the carrot and set it down on the plate.,natural,,0.1357448072186066,5.5777,-5.5201,0.0081,False,4,generated_natural
widowx_carrot_on_plate_lang_common_distract,place the carrot on the plate,unknown,,0.1368994628997107,5.5799,-5.5088,0.0083,False,4,fine_exam|distract_of:widowx_carrot_on_plate
widowx_carrot_on_plate_lang_common_distract,put the carrot on the green plate,unknown,,0.1537707503185672,5.6119,-5.412,0.0093,False,4,fine_exam|distract_of:widowx_carrot_on_plate
widowx_carrot_on_plate_lang_common_distract,Put the carrot on the plate.,natural,,0.1612226489747565,5.626,-5.3884,0.009,False,4,generated_natural
widowx_carrot_on_plate_lang_common_distract,set the orange carrot on the plate,unknown,,0.1954518820911513,5.6909,-5.2507,0.0087,False,4,fine_exam|distract_of:widowx_carrot_on_plate
widowx_carrot_on_plate_lang_common_distract,move the carrot to the plate,unknown,,0.1957375366531882,5.6915,-5.2901,0.0071,False,4,fine_exam|distract_of:widowx_carrot_on_plate
widowx_carrot_on_plate_lang_common_distract,pick up the carrot and place it on the plate,unknown,,0.197539562653162,5.6949,-5.25,0.0083,False,4,fine_exam|distract_of:widowx_carrot_on_plate
widowx_carrot_on_plate_lang_common_distract,place the carrot on top of the plate,unknown,,0.2013849361735161,5.7022,-5.2198,0.0089,False,4,fine_exam|distract_of:widowx_carrot_on_plate
widowx_carrot_on_plate_lang_common_distract,put carrot on plate,unknown,,0.2124993667018093,5.7233,-5.1994,0.0078,False,4,fine_exam|distract_of:widowx_carrot_on_plate
widowx_carrot_on_plate_lang_common_distract,put the orange carrot on top of the plate,unknown,,0.2732452236493606,5.8385,-4.9411,0.0078,False,4,fine_exam|distract_of:widowx_carrot_on_plate
widowx_carrot_on_plate_lang_common_distract,place the orange carrot on top of the green plate,unknown,,0.3172638321955056,5.9219,-4.7786,0.0068,False,4,fine_exam|distract_of:widowx_carrot_on_plate
widowx_carrot_on_plate_lang_common_distract,place the orange carrot on the plate,unknown,,0.321891954715745,5.9307,-4.7148,0.0085,False,4,fine_exam|distract_of:widowx_carrot_on_plate
widowx_carrot_on_plate_lang_common_distract,put the orange carrot on the plate,unknown,,0.3313871223440457,5.9487,-4.6799,0.0083,False,4,fine_exam|distract_of:widowx_carrot_on_plate
widowx_carrot_on_plate_lang_common_distract,Can you position the orange carrot on the plate?,natural,,0.3566426957076162,5.9966,-4.5738,0.0082,False,4,generated_natural
widowx_carrot_on_plate_lang_common_distract,Place the orange vegetable onto the plate.,natural,,0.3768262837703852,6.0349,-4.5356,0.0064,False,4,generated_natural
widowx_carrot_on_plate_lang_common_distract,pick up the orange carrot and place it on the green plate,unknown,,0.3770080607403164,6.0352,-4.5227,0.0068,False,4,fine_exam|distract_of:widowx_carrot_on_plate
widowx_carrot_on_plate_lang_common_distract,lay the orange carrot on the green plate,unknown,,0.3853915066034463,6.0511,-4.4341,0.0089,False,4,fine_exam|distract_of:widowx_carrot_on_plate
widowx_carrot_on_plate_lang_common_distract,place the orange carrot on the green dish,unknown,,0.4161059694831385,6.1093,-4.3731,0.0062,False,4,fine_exam|distract_of:widowx_carrot_on_plate
widowx_carrot_on_plate_lang_common_distract,"If it would not be too much trouble, please identify the elongated orange root that serves as a rabbit's preferred sustenance and deposit it upon the plate.",adversarial,,0.4299101188379935,6.1355,-4.3093,0.0064,False,4,generated_adversarial
widowx_carrot_on_plate_lang_common_distract,drop the orange carrot on the green plate,unknown,,0.4300717054673749,6.1358,-4.2555,0.0084,False,4,fine_exam|distract_of:widowx_carrot_on_plate
widowx_carrot_on_plate_lang_common_distract,The specific vegetable you would typically offer to a rabbit when feeding it needs to be lifted up and subsequently situated onto the surface of the plate.,adversarial,,0.4438647387958471,6.162,-4.2625,0.0059,False,4,generated_adversarial
widowx_carrot_on_plate_lang_common_distract,Transfer the crunchy orange root to the plate.,natural,,0.4735429398783693,6.2183,-4.1293,0.0061,False,4,generated_natural
widowx_carrot_on_plate_lang_common_distract,put the orange carrot on the green plate,unknown,,0.4929002025647808,6.255,-3.9829,0.0086,False,4,fine_exam|distract_of:widowx_carrot_on_plate
widowx_carrot_on_plate_lang_common_distract,"It is requested that the orange agricultural product, renowned broadly as the favored nourishment of hares, be relocated such that it rests entirely on the plate.",adversarial,,0.4945048711512881,6.258,-4.0111,0.0072,False,4,generated_adversarial
widowx_carrot_on_plate_lang_common_distract,put the orange carrot onto the green plate,unknown,,0.5076891462758297,6.283,-3.9234,0.0085,False,4,fine_exam|distract_of:widowx_carrot_on_plate
widowx_carrot_on_plate_lang_common_distract,put the carrot on the dish,unknown,,0.5122965821198349,6.2917,-3.9451,0.0069,False,4,fine_exam|distract_of:widowx_carrot_on_plate
widowx_carrot_on_plate_lang_common_distract,place the orange carrot on the green plate,unknown,,0.5356766931380362,6.3361,-3.7951,0.0088,False,4,fine_exam|distract_of:widowx_carrot_on_plate
widowx_carrot_on_plate_lang_common_distract,set the orange carrot on the green plate,unknown,,0.5673413189075815,6.3961,-3.6466,0.0094,False,4,fine_exam|distract_of:widowx_carrot_on_plate
widowx_carrot_on_plate_lang_common_distract,"Given the items currently available to you, take the one most heavily associated with a bunny's diet and ensure its final resting place is atop the plate.",adversarial,,0.5779991661297958,6.4163,-3.6861,0.006,False,4,generated_adversarial
widowx_carrot_on_plate_lang_common_distract,Please move the rabbit's favorite vegetable to the plate.,natural,,0.9810966925669335,7.1807,-1.9453,0.0069,False,4,generated_natural
widowx_carrot_on_plate_lang_common_distract,Take the rabbit's favorite vegetable and drop it on the plate.,natural,,1.0,7.2165,-1.8858,0.006,False,4,generated_natural
widowx_coke_can_on_plate_distract,"The plate, which currently has nothing sitting on it, is the precise location to which the coke can must be relocated.",adversarial,,0.0,-1.002,-8.2643,0.4816,False,64,generated_adversarial
widowx_coke_can_on_plate_distract,I would be most grateful if you could take the red cylindrical container you would drink from when thirsty and ensure it is situated on the plate.,adversarial,,0.6063310075189581,1.2408,-6.5253,0.3518,False,64,generated_adversarial
widowx_coke_can_on_plate_distract,"Assuming the area is clear, kindly execute a spatial translation of the coke can such that it rests securely atop the plate.",adversarial,,0.6384372048818785,1.3596,-6.4983,0.3423,False,64,generated_adversarial
widowx_coke_can_on_plate_distract,"Without causing any spills, I need you to lift the carbonated beverage tin from its current resting place and deposit it onto the plate.",adversarial,,0.6706397932101682,1.4787,-6.5269,0.3307,False,64,generated_adversarial
widowx_coke_can_on_plate_distract,Take the can of coke and put it on that plate.,natural,,0.7435880599167202,1.7485,-6.683,0.3007,False,64,generated_natural
widowx_coke_can_on_plate_distract,Move the coke can to the plate.,natural,,0.7562817475912728,1.7955,-6.0094,0.323,False,64,generated_natural
widowx_coke_can_on_plate_distract,Transfer the coke can over to the plate.,natural,,0.7573964135061111,1.7996,-5.9295,0.3258,False,64,generated_natural
widowx_coke_can_on_plate_distract,Grab the coke and rest it on the plate.,natural,,0.7612190110634545,1.8137,-5.655,0.3353,False,64,generated_natural
widowx_coke_can_on_plate_distract,Put the red can on the plate.,natural,,0.7750313092003971,1.8648,-6.1272,0.3123,False,64,generated_natural
widowx_coke_can_on_plate_distract,move the can to the plate,unknown,,0.7783464421151073,1.8771,-6.547,0.2947,False,64,fine_exam|distract_of:widowx_coke_can_on_plate_clean
widowx_coke_can_on_plate_distract,Please put the aluminum cola can onto the plate.,natural,,0.7809068742347895,1.8866,-5.5802,0.3318,False,64,generated_natural
widowx_coke_can_on_plate_distract,Set the coke down on the plate for me.,natural,,0.8190769273798445,2.0277,-5.4306,0.3252,False,64,generated_natural
widowx_coke_can_on_plate_distract,move the coke can to the plate,unknown,,0.8267341637130157,2.0561,-5.7936,0.3085,False,64,fine_exam|distract_of:widowx_coke_can_on_plate_clean
widowx_coke_can_on_plate_distract,put the pepsi can on the plate,unknown,,0.8478754362186769,2.1343,-5.8504,0.2993,False,64,fine_exam|distract_of:widowx_coke_can_on_plate_clean
widowx_coke_can_on_plate_distract,Can you place the red soda can on the plate?,natural,,0.8490028214275932,2.1384,-5.5824,0.3095,False,64,generated_natural
widowx_coke_can_on_plate_distract,set the pepsi can on the plate,unknown,,0.8508434234412543,2.1452,-5.8799,0.2972,False,64,fine_exam|distract_of:widowx_coke_can_on_plate_clean
widowx_coke_can_on_plate_distract,coke on plate,unknown,,0.8583362519314313,2.173,-5.139,0.3238,False,64,fine_exam|distract_of:widowx_coke_can_on_plate_clean
widowx_coke_can_on_plate_distract,put the red can on the yellow plate,unknown,,0.8600815223880443,2.1794,-6.1194,0.2848,False,64,fine_exam|distract_of:widowx_coke_can_on_plate_clean
widowx_coke_can_on_plate_distract,put the coke can on the dish,unknown,,0.8646257725295815,2.1962,-5.7043,0.2996,False,64,fine_exam|distract_of:widowx_coke_can_on_plate_clean
widowx_coke_can_on_plate_distract,coke can on plate,unknown,,0.8778282904871283,2.2451,-5.29,0.3116,False,64,fine_exam|distract_of:widowx_coke_can_on_plate_clean
widowx_coke_can_on_plate_distract,put the cola can on the plate,unknown,,0.8779497517681446,2.2455,-5.3786,0.308,False,64,fine_exam|distract_of:widowx_coke_can_on_plate_clean
widowx_coke_can_on_plate_distract,drop the coke can on the plate,unknown,,0.8872284006995017,2.2798,-5.4566,0.3019,False,64,fine_exam|distract_of:widowx_coke_can_on_plate_clean
widowx_coke_can_on_plate_distract,take the coke can and place it on the plate,unknown,,0.8897191538793734,2.2891,-5.5284,0.2983,False,64,fine_exam|distract_of:widowx_coke_can_on_plate_clean
widowx_coke_can_on_plate_distract,drop the coke can onto the plate,unknown,,0.8931220405801602,2.3016,-5.3426,0.3045,False,64,fine_exam|distract_of:widowx_coke_can_on_plate_clean
widowx_coke_can_on_plate_distract,take the coke can and put it on the plate,unknown,,0.9049352048068432,2.3453,-5.5777,0.2914,False,64,fine_exam|distract_of:widowx_coke_can_on_plate_clean
widowx_coke_can_on_plate_distract,put the can on the plate,unknown,,0.9068464912826084,2.3524,-5.6432,0.2882,False,64,fine_exam|distract_of:widowx_coke_can_on_plate_clean
widowx_coke_can_on_plate_distract,place the red can on the plate,unknown,,0.9130774058637796,2.3755,-5.4917,0.2921,False,64,fine_exam|distract_of:widowx_coke_can_on_plate_clean
widowx_coke_can_on_plate_distract,set the coke can down on the plate,unknown,,0.9146013999600674,2.3811,-5.0585,0.3086,False,64,fine_exam|distract_of:widowx_coke_can_on_plate_clean
widowx_coke_can_on_plate_distract,place the coke can on the yellow plate,unknown,,0.919985463181594,2.401,-5.2657,0.2987,False,64,fine_exam|distract_of:widowx_coke_can_on_plate_clean
widowx_coke_can_on_plate_distract,lay the coke can on the plate,unknown,,0.927342216057719,2.4282,-5.1203,0.302,False,64,fine_exam|distract_of:widowx_coke_can_on_plate_clean
widowx_coke_can_on_plate_distract,put a coke can on the plate,unknown,,0.9311941877071032,2.4425,-5.0541,0.3034,False,64,fine_exam|distract_of:widowx_coke_can_on_plate_clean
widowx_coke_can_on_plate_distract,lay the coke on the plate,unknown,,0.9369778955681256,2.4639,-4.7028,0.3153,False,64,fine_exam|distract_of:widowx_coke_can_on_plate_clean
widowx_coke_can_on_plate_distract,put the coke can down on the plate,unknown,,0.9382467711753392,2.4686,-5.0231,0.3023,False,64,fine_exam|distract_of:widowx_coke_can_on_plate_clean
widowx_coke_can_on_plate_distract,put the coke can on the yellow plate,unknown,,0.9419593316526884,2.4823,-5.2211,0.2933,False,64,fine_exam|distract_of:widowx_coke_can_on_plate_clean
widowx_coke_can_on_plate_distract,put the coke on the plate,unknown,,0.9432203965141897,2.487,-4.6874,0.3138,False,64,fine_exam|distract_of:widowx_coke_can_on_plate_clean
widowx_coke_can_on_plate_distract,place the coke can on the plate,unknown,,0.944343268005914,2.4911,-4.9112,0.3047,False,64,fine_exam|distract_of:widowx_coke_can_on_plate_clean
widowx_coke_can_on_plate_distract,set the coke on the plate,unknown,,0.9455832524434852,2.4957,-4.616,0.3159,False,64,fine_exam|distract_of:widowx_coke_can_on_plate_clean
widowx_coke_can_on_plate_distract,put the coke down on the plate,unknown,,0.946032103604895,2.4974,-4.6426,0.3147,False,64,fine_exam|distract_of:widowx_coke_can_on_plate_clean
widowx_coke_can_on_plate_distract,put the coke onto the plate,unknown,,0.9463021672028874,2.4984,-4.5481,0.3183,False,64,fine_exam|distract_of:widowx_coke_can_on_plate_clean
widowx_coke_can_on_plate_distract,put the soda can on the plate,unknown,,0.9470354457918312,2.5011,-5.3842,0.2852,False,64,fine_exam|distract_of:widowx_coke_can_on_plate_clean
widowx_coke_can_on_plate_distract,stick the coke can on the plate,unknown,,0.952401912282539,2.5209,-5.0225,0.2977,False,64,fine_exam|distract_of:widowx_coke_can_on_plate_clean
widowx_coke_can_on_plate_distract,set the coke can on the plate,unknown,,0.9543195210009991,2.528,-4.8298,0.3046,False,64,fine_exam|distract_of:widowx_coke_can_on_plate_clean
widowx_coke_can_on_plate_distract,please put the coke can on the plate,unknown,,0.9566534525621956,2.5366,-4.8764,0.302,False,64,fine_exam|distract_of:widowx_coke_can_on_plate_clean
widowx_coke_can_on_plate_distract,put the coke can on top of the plate,unknown,,0.9585676337487108,2.5437,-4.8866,0.301,False,64,fine_exam|distract_of:widowx_coke_can_on_plate_clean
widowx_coke_can_on_plate_distract,place coke can on plate,unknown,,0.9591100812460212,2.5457,-4.7924,0.3045,False,64,fine_exam|distract_of:widowx_coke_can_on_plate_clean
widowx_coke_can_on_plate_distract,Put the coke can on the plate,unknown,,0.9600830653821144,2.5493,-4.8507,0.3019,False,64,fine_exam|distract_of:widowx_coke_can_on_plate_clean
widowx_coke_can_on_plate_distract,place the coke on the plate,unknown,,0.9603828502604136,2.5504,-4.7236,0.3068,False,64,fine_exam|distract_of:widowx_coke_can_on_plate_clean
widowx_coke_can_on_plate_distract,put the coke can on the plate,unknown,,0.9629517491273292,2.5599,-4.8789,0.2999,False,64,fine_exam|distract_of:widowx_coke_can_on_plate_clean
widowx_coke_can_on_plate_distract,pick up the coke can and place it on the plate,unknown,,0.963348995477354,2.5614,-5.0265,0.2939,False,64,fine_exam|distract_of:widowx_coke_can_on_plate_clean
widowx_coke_can_on_plate_distract,put the coke can onto the plate,unknown,,0.9656957529284044,2.5701,-4.8246,0.3011,False,64,fine_exam|distract_of:widowx_coke_can_on_plate_clean
widowx_coke_can_on_plate_distract,put the coke can on plate,unknown,,0.9679573489881932,2.5785,-4.7526,0.3032,False,64,fine_exam|distract_of:widowx_coke_can_on_plate_clean
widowx_coke_can_on_plate_distract,pick up the coke can and put it on the plate,unknown,,0.9760046344200174,2.6082,-5.0218,0.29,False,64,fine_exam|distract_of:widowx_coke_can_on_plate_clean
widowx_coke_can_on_plate_distract,put the coke can on the plate.,unknown,,0.9886963601742468,2.6552,-4.9255,0.2896,False,64,fine_exam|distract_of:widowx_coke_can_on_plate_clean
widowx_coke_can_on_plate_distract,put coke can on plate,unknown,,0.9913243380111568,2.6649,-4.5595,0.3031,False,64,fine_exam|distract_of:widowx_coke_can_on_plate_clean
widowx_coke_can_on_plate_distract,set coke can on plate,unknown,,0.9965774474047886,2.6843,-4.4831,0.3044,False,64,fine_exam|distract_of:widowx_coke_can_on_plate_clean
widowx_coke_can_on_plate_distract,put the red coke can on the plate,unknown,,1.0,2.697,-4.8311,0.2896,False,64,fine_exam|distract_of:widowx_coke_can_on_plate_clean
widowx_coke_can_on_plate_lang_common_distract,"Unto the plate, I require you to relocate that which a human most desires when suffering from an acute lack of hydration.",adversarial,,0.0,-3.126,-9.1995,0.6325,False,28,generated_adversarial
widowx_coke_can_on_plate_lang_common_distract,set the coke can down on the plate,unknown,,0.8535223040614816,1.0002,-7.9055,0.3188,False,28,fine_exam|distract_of:widowx_coke_can_on_plate_clean
widowx_coke_can_on_plate_lang_common_distract,put the coke can down on the plate,unknown,,0.8554569040169311,1.0096,-8.0015,0.3142,False,28,fine_exam|distract_of:widowx_coke_can_on_plate_clean
widowx_coke_can_on_plate_lang_common_distract,drop the coke can on the plate,unknown,,0.8634061030552249,1.048,-7.8333,0.3174,False,28,fine_exam|distract_of:widowx_coke_can_on_plate_clean
widowx_coke_can_on_plate_lang_common_distract,Transfer the item a thirsty person would need to the plate.,natural,,0.8676647408271415,1.0686,-7.7199,0.3201,False,28,generated_natural
widowx_coke_can_on_plate_lang_common_distract,move the coke can to the plate,unknown,,0.8691717029855861,1.0759,-7.7434,0.3185,False,28,fine_exam|distract_of:widowx_coke_can_on_plate_clean
widowx_coke_can_on_plate_lang_common_distract,stick the coke can on the plate,unknown,,0.8749004850702821,1.1036,-7.7997,0.3138,False,28,fine_exam|distract_of:widowx_coke_can_on_plate_clean
widowx_coke_can_on_plate_lang_common_distract,put a coke can on the plate,unknown,,0.8793965332011204,1.1253,-7.734,0.3145,False,28,fine_exam|distract_of:widowx_coke_can_on_plate_clean
widowx_coke_can_on_plate_lang_common_distract,drop the coke can onto the plate,unknown,,0.8810494340956755,1.1333,-7.6572,0.3168,False,28,fine_exam|distract_of:widowx_coke_can_on_plate_clean
widowx_coke_can_on_plate_lang_common_distract,take the coke can and place it on the plate,unknown,,0.8872802780134865,1.1634,-7.6397,0.3148,False,28,fine_exam|distract_of:widowx_coke_can_on_plate_clean
widowx_coke_can_on_plate_lang_common_distract,put the red coke can on the plate,unknown,,0.8882348254725609,1.168,-7.7006,0.312,False,28,fine_exam|distract_of:widowx_coke_can_on_plate_clean
widowx_coke_can_on_plate_lang_common_distract,put coke can on plate,unknown,,0.8922902471629912,1.1876,-7.5554,0.316,False,28,fine_exam|distract_of:widowx_coke_can_on_plate_clean
widowx_coke_can_on_plate_lang_common_distract,lay the coke can on the plate,unknown,,0.8937682233336599,1.1948,-7.4989,0.3176,False,28,fine_exam|distract_of:widowx_coke_can_on_plate_clean
widowx_coke_can_on_plate_lang_common_distract,take the coke can and put it on the plate,unknown,,0.8955290900807542,1.2033,-7.5589,0.3145,False,28,fine_exam|distract_of:widowx_coke_can_on_plate_clean
widowx_coke_can_on_plate_lang_common_distract,set coke can on plate,unknown,,0.8977136677042021,1.2139,-7.4752,0.3168,False,28,fine_exam|distract_of:widowx_coke_can_on_plate_clean
widowx_coke_can_on_plate_lang_common_distract,Grab the thing you would want if you were parched and leave it on the plate.,natural,,0.8985275254746936,1.2178,-7.38,0.3202,False,28,generated_natural
widowx_coke_can_on_plate_lang_common_distract,put the coke can on the dish,unknown,,0.9014067085784028,1.2317,-7.2383,0.3246,False,28,fine_exam|distract_of:widowx_coke_can_on_plate_clean
widowx_coke_can_on_plate_lang_common_distract,please put the coke can on the plate,unknown,,0.901948178683288,1.2343,-7.4809,0.3148,False,28,fine_exam|distract_of:widowx_coke_can_on_plate_clean
widowx_coke_can_on_plate_lang_common_distract,put the red can on the yellow plate,unknown,,0.9064551434305314,1.2561,-7.4381,0.3146,False,28,fine_exam|distract_of:widowx_coke_can_on_plate_clean
widowx_coke_can_on_plate_lang_common_distract,Put the coke can on the plate,unknown,,0.9076027726298836,1.2617,-7.3837,0.3162,False,28,fine_exam|distract_of:widowx_coke_can_on_plate_clean
widowx_coke_can_on_plate_lang_common_distract,set the coke can on the plate,unknown,,0.9090189066109552,1.2685,-7.2981,0.319,False,28,fine_exam|distract_of:widowx_coke_can_on_plate_clean
widowx_coke_can_on_plate_lang_common_distract,place coke can on plate,unknown,,0.9097631363648055,1.2721,-7.309,0.3182,False,28,fine_exam|distract_of:widowx_coke_can_on_plate_clean
widowx_coke_can_on_plate_lang_common_distract,pick up the coke can and put it on the plate,unknown,,0.9128184547952882,1.2869,-7.3794,0.3142,False,28,fine_exam|distract_of:widowx_coke_can_on_plate_clean
widowx_coke_can_on_plate_lang_common_distract,"Provided that an individual is experiencing thirst, identify the artifact most necessary for them and deposit said artifact atop the plate.",adversarial,,0.9135389452652152,1.2904,-7.0947,0.325,False,28,generated_adversarial
widowx_coke_can_on_plate_lang_common_distract,place the red can on the plate,unknown,,0.9161235343660428,1.3029,-7.4036,0.3118,False,28,fine_exam|distract_of:widowx_coke_can_on_plate_clean
widowx_coke_can_on_plate_lang_common_distract,put the can on the plate,unknown,,0.9184788075041096,1.3142,-7.1498,0.3208,False,28,fine_exam|distract_of:widowx_coke_can_on_plate_clean
widowx_coke_can_on_plate_lang_common_distract,put the coke can on top of the plate,unknown,,0.9195605051695492,1.3195,-7.2672,0.3157,False,28,fine_exam|distract_of:widowx_coke_can_on_plate_clean
widowx_coke_can_on_plate_lang_common_distract,put the coke can on the plate,unknown,,0.9203084297823396,1.3231,-7.2681,0.3153,False,28,fine_exam|distract_of:widowx_coke_can_on_plate_clean
widowx_coke_can_on_plate_lang_common_distract,"I am thirsty, please put something to drink onto the plate.",natural,,0.9205446371867828,1.3242,-7.1274,0.3207,False,28,generated_natural
widowx_coke_can_on_plate_lang_common_distract,pick up the coke can and place it on the plate,unknown,,0.9230805703990722,1.3365,-7.275,0.3139,False,28,fine_exam|distract_of:widowx_coke_can_on_plate_clean
widowx_coke_can_on_plate_lang_common_distract,move the can to the plate,unknown,,0.9245709419670376,1.3437,-6.9082,0.3276,False,28,fine_exam|distract_of:widowx_coke_can_on_plate_clean
widowx_coke_can_on_plate_lang_common_distract,Could you put the thing to drink on the plate for me?,natural,,0.9272387800788852,1.3566,-7.1434,0.3173,False,28,generated_natural
widowx_coke_can_on_plate_lang_common_distract,coke can on plate,unknown,,0.92817405322601,1.3611,-7.1776,0.3155,False,28,fine_exam|distract_of:widowx_coke_can_on_plate_clean
widowx_coke_can_on_plate_lang_common_distract,Put the thirst quencher on the plate.,natural,,0.932625707218573,1.3826,-7.0856,0.3172,False,28,generated_natural
widowx_coke_can_on_plate_lang_common_distract,put the coke can on plate,unknown,,0.9332677361173416,1.3857,-7.0897,0.3168,False,28,fine_exam|distract_of:widowx_coke_can_on_plate_clean
widowx_coke_can_on_plate_lang_common_distract,Can you set the beverage down on the plate?,natural,,0.934156702630008,1.39,-6.9251,0.3229,False,28,generated_natural
widowx_coke_can_on_plate_lang_common_distract,place the coke can on the plate,unknown,,0.939335687794572,1.4151,-6.9344,0.3203,False,28,fine_exam|distract_of:widowx_coke_can_on_plate_clean
widowx_coke_can_on_plate_lang_common_distract,Would you be so kind as to transport the specific item utilized to alleviate a parched throat directly onto the plate?,adversarial,,0.9400360917885358,1.4185,-6.8198,0.3245,False,28,generated_adversarial
widowx_coke_can_on_plate_lang_common_distract,Place the drink on the plate.,natural,,0.9418953704824006,1.4274,-7.0326,0.3153,False,28,generated_natural
widowx_coke_can_on_plate_lang_common_distract,put the cola can on the plate,unknown,,0.942855152320919,1.4321,-7.2101,0.308,False,28,fine_exam|distract_of:widowx_coke_can_on_plate_clean
widowx_coke_can_on_plate_lang_common_distract,put the coke can onto the plate,unknown,,0.9471498863669224,1.4528,-6.9481,0.3164,False,28,fine_exam|distract_of:widowx_coke_can_on_plate_clean
widowx_coke_can_on_plate_lang_common_distract,set the coke on the plate,unknown,,0.948711291171076,1.4604,-6.8356,0.3202,False,28,fine_exam|distract_of:widowx_coke_can_on_plate_clean
widowx_coke_can_on_plate_lang_common_distract,put the coke down on the plate,unknown,,0.9493415235600006,1.4634,-6.9515,0.3154,False,28,fine_exam|distract_of:widowx_coke_can_on_plate_clean
widowx_coke_can_on_plate_lang_common_distract,lay the coke on the plate,unknown,,0.951339843873695,1.4731,-6.852,0.3184,False,28,fine_exam|distract_of:widowx_coke_can_on_plate_clean
widowx_coke_can_on_plate_lang_common_distract,set the pepsi can on the plate,unknown,,0.9537508140125696,1.4848,-6.8909,0.3159,False,28,fine_exam|distract_of:widowx_coke_can_on_plate_clean
widowx_coke_can_on_plate_lang_common_distract,put the coke can on the plate.,unknown,,0.9559076329262016,1.4952,-6.9192,0.3138,False,28,fine_exam|distract_of:widowx_coke_can_on_plate_clean
widowx_coke_can_on_plate_lang_common_distract,place the coke can on the yellow plate,unknown,,0.9595159806882764,1.5126,-6.8399,0.3154,False,28,fine_exam|distract_of:widowx_coke_can_on_plate_clean
widowx_coke_can_on_plate_lang_common_distract,put the pepsi can on the plate,unknown,,0.9633664364035576,1.5312,-6.8805,0.3122,False,28,fine_exam|distract_of:widowx_coke_can_on_plate_clean
widowx_coke_can_on_plate_lang_common_distract,Move whatever you would give a thirsty person over to the plate.,natural,,0.9634055186648632,1.5314,-6.7099,0.3188,False,28,generated_natural
widowx_coke_can_on_plate_lang_common_distract,put the soda can on the plate,unknown,,0.9647738874823976,1.538,-6.8197,0.3139,False,28,fine_exam|distract_of:widowx_coke_can_on_plate_clean
widowx_coke_can_on_plate_lang_common_distract,place the coke on the plate,unknown,,0.9650566128668174,1.5394,-6.8129,0.3141,False,28,fine_exam|distract_of:widowx_coke_can_on_plate_clean
widowx_coke_can_on_plate_lang_common_distract,put the coke can on the yellow plate,unknown,,0.9652903391721068,1.5405,-6.8255,0.3135,False,28,fine_exam|distract_of:widowx_coke_can_on_plate_clean
widowx_coke_can_on_plate_lang_common_distract,put the coke on the plate,unknown,,0.9710540883939834,1.5684,-6.7615,0.3135,False,28,fine_exam|distract_of:widowx_coke_can_on_plate_clean
widowx_coke_can_on_plate_lang_common_distract,put the coke onto the plate,unknown,,0.9861554596261228,1.6414,-6.5395,0.3158,False,28,fine_exam|distract_of:widowx_coke_can_on_plate_clean
widowx_coke_can_on_plate_lang_common_distract,"The single object which, in the event of thirst, one finds most indispensable, should be promptly positioned onto the plate by you.",adversarial,,0.9918878142625284,1.6691,-6.3125,0.3223,False,28,generated_adversarial
widowx_coke_can_on_plate_lang_common_distract,coke on plate,unknown,,1.0,1.7083,-6.4981,0.3115,False,28,fine_exam|distract_of:widowx_coke_can_on_plate_clean
widowx_spoon_on_towel_distract,"Assuming you have successfully acquired the spoon, kindly deposit it directly upon the surface of the drying cloth.",adversarial,,0.0,0.5053,-7.2952,0.3865,False,36,generated_adversarial
widowx_spoon_on_towel_distract,Take the implement one would normally use to consume soup and arrange it atop the piece of absorbent fabric.,adversarial,,0.3451896984169335,1.4282,-5.3895,0.3798,False,36,generated_adversarial
widowx_spoon_on_towel_distract,"I need the spoon relocated to the towel, please.",natural,,0.3668685044148174,1.4861,-6.0154,0.3501,False,36,generated_natural
widowx_spoon_on_towel_distract,The towel needs the spoon placed on top of it.,natural,,0.4150379775279903,1.6149,-5.886,0.3438,False,36,generated_natural
widowx_spoon_on_towel_distract,"If it is not an inconvenience, I would appreciate it if you could ensure the spoon ends up positioned on the towel.",adversarial,,0.5662104557939103,2.019,-5.9687,0.3049,False,36,generated_adversarial
widowx_spoon_on_towel_distract,Move the spoon over to the towel.,natural,,0.6128639310188378,2.1438,-5.912,0.2961,False,36,generated_natural
widowx_spoon_on_towel_distract,Transfer the spoon to the towel.,natural,,0.630858005449614,2.1919,-6.0378,0.2869,False,36,generated_natural
widowx_spoon_on_towel_distract,lay the spoon flat on the towel,unknown,,0.6416535595031356,2.2207,-5.883,0.2904,False,36,fine_exam|distract_of:widowx_spoon_on_towel
widowx_spoon_on_towel_distract,spoon on towel,unknown,,0.6735836512513634,2.3061,-5.6291,0.2928,False,36,fine_exam|distract_of:widowx_spoon_on_towel
widowx_spoon_on_towel_distract,Just drop the spoon right on the towel.,natural,,0.6939241982998571,2.3605,-5.6552,0.287,False,36,generated_natural
widowx_spoon_on_towel_distract,lay the spoon on top of the towel,unknown,,0.7188453832408304,2.4271,-5.2875,0.2956,False,36,fine_exam|distract_of:widowx_spoon_on_towel
widowx_spoon_on_towel_distract,lay the spoon down on the towel,unknown,,0.7222252720590794,2.4361,-5.4775,0.2873,False,36,fine_exam|distract_of:widowx_spoon_on_towel
widowx_spoon_on_towel_distract,move the spoon to the towel,unknown,,0.7223595794479747,2.4365,-5.6376,0.281,False,36,fine_exam|distract_of:widowx_spoon_on_towel
widowx_spoon_on_towel_distract,set the spoon down on the towel,unknown,,0.7251502116586268,2.4439,-5.6029,0.2817,False,36,fine_exam|distract_of:widowx_spoon_on_towel
widowx_spoon_on_towel_distract,Could you place the spoon onto the towel for me?,natural,,0.727487963178872,2.4502,-5.5057,0.285,False,36,generated_natural
widowx_spoon_on_towel_distract,put the spoon down on top of the towel,unknown,,0.7292719977847727,2.455,-5.4632,0.2862,False,36,fine_exam|distract_of:widowx_spoon_on_towel
widowx_spoon_on_towel_distract,put the metal spoon on the towel,unknown,,0.7374634057234764,2.4769,-5.438,0.2853,False,36,fine_exam|distract_of:widowx_spoon_on_towel
widowx_spoon_on_towel_distract,place the spoon down on the towel,unknown,,0.7567679500566714,2.5285,-5.3845,0.2828,False,36,fine_exam|distract_of:widowx_spoon_on_towel
widowx_spoon_on_towel_distract,pick up the spoon and place it on the towel,unknown,,0.7595963059004426,2.536,-5.3444,0.2837,False,36,fine_exam|distract_of:widowx_spoon_on_towel
widowx_spoon_on_towel_distract,set the spoon on top of the towel,unknown,,0.7763793423771371,2.5809,-5.109,0.289,False,36,fine_exam|distract_of:widowx_spoon_on_towel
widowx_spoon_on_towel_distract,rest the spoon on the towel,unknown,,0.7836205032123514,2.6003,-5.3445,0.278,False,36,fine_exam|distract_of:widowx_spoon_on_towel
widowx_spoon_on_towel_distract,put the spoon on top of the towel,unknown,,0.7849221065157083,2.6037,-5.2182,0.2827,False,36,fine_exam|distract_of:widowx_spoon_on_towel
widowx_spoon_on_towel_distract,put the spoon down on the towel,unknown,,0.7858893951767926,2.6063,-5.1615,0.2847,False,36,fine_exam|distract_of:widowx_spoon_on_towel
widowx_spoon_on_towel_distract,lay the spoon on the towel,unknown,,0.7925329141157048,2.6241,-5.2208,0.2808,False,36,fine_exam|distract_of:widowx_spoon_on_towel
widowx_spoon_on_towel_distract,drop the spoon on the towel,unknown,,0.7974921717680116,2.6373,-5.1889,0.2809,False,36,fine_exam|distract_of:widowx_spoon_on_towel
widowx_spoon_on_towel_distract,set the spoon on the towel,unknown,,0.7984534366311014,2.6399,-5.2388,0.2787,False,36,fine_exam|distract_of:widowx_spoon_on_towel
widowx_spoon_on_towel_distract,It is hereby requested that the metallic scooping utensil be transported such that it rests entirely upon the towel.,adversarial,,0.8106281700283335,2.6725,-4.8532,0.2909,False,36,generated_adversarial
widowx_spoon_on_towel_distract,place the spoon on top of the towel,unknown,,0.8235204943204413,2.7069,-4.8048,0.2898,False,36,fine_exam|distract_of:widowx_spoon_on_towel
widowx_spoon_on_towel_distract,place the spoon on the towel,unknown,,0.8380020176416677,2.7456,-5.0231,0.2778,False,36,fine_exam|distract_of:widowx_spoon_on_towel
widowx_spoon_on_towel_distract,put the spoon on the cloth,unknown,,0.8462379983032414,2.7677,-4.7575,0.2863,False,36,fine_exam|distract_of:widowx_spoon_on_towel
widowx_spoon_on_towel_distract,put the spoon on the blue cloth,unknown,,0.84675338951314,2.769,-4.954,0.2785,False,36,fine_exam|distract_of:widowx_spoon_on_towel
widowx_spoon_on_towel_distract,Take the spoon and leave it resting on the fabric.,natural,,0.8523528103717958,2.784,-5.2123,0.267,False,36,generated_natural
widowx_spoon_on_towel_distract,put the spoon onto the towel,unknown,,0.8524793403340065,2.7843,-4.8333,0.2818,False,36,fine_exam|distract_of:widowx_spoon_on_towel
widowx_spoon_on_towel_distract,put the spoon on the towel,unknown,,0.858509424381508,2.8005,-4.8125,0.2812,False,36,fine_exam|distract_of:widowx_spoon_on_towel
widowx_spoon_on_towel_distract,Grab the piece of silverware and set it down on the cloth.,natural,,0.8962825754699472,2.9015,-4.0807,0.3011,False,36,generated_natural
widowx_spoon_on_towel_distract,put the spoon on the blue towel,unknown,,0.994526413263461,3.1641,-3.7094,0.2924,False,36,fine_exam|distract_of:widowx_spoon_on_towel
widowx_spoon_on_towel_distract,place the spoon on the blue towel,unknown,,1.0,3.1787,-3.8639,0.2851,False,36,fine_exam|distract_of:widowx_spoon_on_towel
widowx_spoon_on_towel_lang_common_distract,The towel is currently vacant; please remedy this by depositing the soup-ingesting apparatus directly onto its surface.,adversarial,,0.0,-3.3547,-9.3388,0.6473,False,12,generated_adversarial
widowx_spoon_on_towel_lang_common_distract,"Provided you can locate the particular piece of kitchenware intended for soup, execute a spatial translation of it ending with its placement on the towel.",adversarial,,0.4549633057212057,-1.3192,-9.6244,0.4562,False,12,generated_adversarial
widowx_spoon_on_towel_lang_common_distract,"If it is not too much trouble, I would ask that you transport the specific article of kitchenware designated for the consumption of soup to a new resting place atop the towel.",adversarial,,0.4715365270833704,-1.245,-9.5058,0.4543,False,12,generated_adversarial
widowx_spoon_on_towel_lang_common_distract,Transfer the kitchenware meant for soup over to the towel.,natural,,0.5339110217331225,-0.9659,-9.6854,0.4226,False,12,generated_natural
widowx_spoon_on_towel_lang_common_distract,lay the spoon flat on the towel,unknown,,0.6071304123447249,-0.6384,-9.0621,0.4182,False,12,fine_exam|distract_of:widowx_spoon_on_towel
widowx_spoon_on_towel_lang_common_distract,lay the spoon down on the towel,unknown,,0.617968238969406,-0.5899,-8.6864,0.4286,False,12,fine_exam|distract_of:widowx_spoon_on_towel
widowx_spoon_on_towel_lang_common_distract,"Shift the soup kitchenware onto the towel, please.",natural,,0.6274114300629067,-0.5476,-8.872,0.4176,False,12,generated_natural
widowx_spoon_on_towel_lang_common_distract,drop the spoon on the towel,unknown,,0.6394995525537329,-0.4935,-9.001,0.4078,False,12,fine_exam|distract_of:widowx_spoon_on_towel
widowx_spoon_on_towel_lang_common_distract,put the spoon on the towel,unknown,,0.6417863730167092,-0.4833,-8.856,0.4126,False,12,fine_exam|distract_of:widowx_spoon_on_towel
widowx_spoon_on_towel_lang_common_distract,rest the spoon on the towel,unknown,,0.6459890782888728,-0.4645,-8.9112,0.4087,False,12,fine_exam|distract_of:widowx_spoon_on_towel
widowx_spoon_on_towel_lang_common_distract,Grab the thing we use for eating soup and drop it on the towel.,natural,,0.6466238479815384,-0.4617,-8.3812,0.4293,False,12,generated_natural
widowx_spoon_on_towel_lang_common_distract,"Regarding the culinary implement whose primary function is the eating of soup, it is imperative that you maneuver it such that it comes to rest upon the towel.",adversarial,,0.6475583724295177,-0.4575,-9.1558,0.3985,False,12,generated_adversarial
widowx_spoon_on_towel_lang_common_distract,pick up the spoon and place it on the towel,unknown,,0.649504381969445,-0.4488,-7.0026,0.4823,False,12,fine_exam|distract_of:widowx_spoon_on_towel
widowx_spoon_on_towel_lang_common_distract,lay the spoon on the towel,unknown,,0.6597356583788189,-0.403,-8.7779,0.4085,False,12,fine_exam|distract_of:widowx_spoon_on_towel
widowx_spoon_on_towel_lang_common_distract,lay the spoon on top of the towel,unknown,,0.6687549564385773,-0.3626,-7.5316,0.4539,False,12,fine_exam|distract_of:widowx_spoon_on_towel
widowx_spoon_on_towel_lang_common_distract,spoon on towel,unknown,,0.676905252535819,-0.3262,-8.2344,0.4231,False,12,fine_exam|distract_of:widowx_spoon_on_towel
widowx_spoon_on_towel_lang_common_distract,put the spoon onto the towel,unknown,,0.6810803687608372,-0.3075,-8.3682,0.4162,False,12,fine_exam|distract_of:widowx_spoon_on_towel
widowx_spoon_on_towel_lang_common_distract,set the spoon on the towel,unknown,,0.6967831806355637,-0.2372,-8.6629,0.3984,False,12,fine_exam|distract_of:widowx_spoon_on_towel
widowx_spoon_on_towel_lang_common_distract,place the spoon on top of the towel,unknown,,0.7017981477871498,-0.2148,-7.3,0.4499,False,12,fine_exam|distract_of:widowx_spoon_on_towel
widowx_spoon_on_towel_lang_common_distract,put the spoon on the cloth,unknown,,0.7077527654379124,-0.1882,-7.1244,0.4545,False,12,fine_exam|distract_of:widowx_spoon_on_towel
widowx_spoon_on_towel_lang_common_distract,set the spoon down on the towel,unknown,,0.7091163623706808,-0.1821,-8.4632,0.4014,False,12,fine_exam|distract_of:widowx_spoon_on_towel
widowx_spoon_on_towel_lang_common_distract,place the spoon down on the towel,unknown,,0.7156122937284033,-0.153,-7.9795,0.4178,False,12,fine_exam|distract_of:widowx_spoon_on_towel
widowx_spoon_on_towel_lang_common_distract,put the spoon down on the towel,unknown,,0.7296204941468164,-0.0903,-8.202,0.4035,False,12,fine_exam|distract_of:widowx_spoon_on_towel
widowx_spoon_on_towel_lang_common_distract,Can you move the item you eat soup with to the towel?,natural,,0.7357717852509195,-0.0628,-8.271,0.3984,False,12,generated_natural
widowx_spoon_on_towel_lang_common_distract,I need you to put the utensil for soup onto the towel.,natural,,0.7395849313951959,-0.0457,-7.8067,0.4151,False,12,generated_natural
widowx_spoon_on_towel_lang_common_distract,place the spoon on the towel,unknown,,0.7474747866609197,-0.0104,-7.9348,0.407,False,12,fine_exam|distract_of:widowx_spoon_on_towel
widowx_spoon_on_towel_lang_common_distract,put the spoon down on top of the towel,unknown,,0.7479910689842724,-0.0081,-7.8221,0.4112,False,12,fine_exam|distract_of:widowx_spoon_on_towel
widowx_spoon_on_towel_lang_common_distract,Take the soup dishware and set it down on the towel.,natural,,0.7541723449554486,0.0195,-8.368,0.3873,False,12,generated_natural
widowx_spoon_on_towel_lang_common_distract,put the metal spoon on the towel,unknown,,0.7616775444456662,0.0531,-8.0471,0.3969,False,12,fine_exam|distract_of:widowx_spoon_on_towel
widowx_spoon_on_towel_lang_common_distract,Set the soup-eating tool right on top of the towel.,natural,,0.7801162487212457,0.1356,-7.9272,0.3943,False,12,generated_natural
widowx_spoon_on_towel_lang_common_distract,put the spoon on top of the towel,unknown,,0.7994986544909011,0.2223,-7.5144,0.4029,False,12,fine_exam|distract_of:widowx_spoon_on_towel
widowx_spoon_on_towel_lang_common_distract,move the spoon to the towel,unknown,,0.8126137059504271,0.281,-7.4008,0.4022,False,12,fine_exam|distract_of:widowx_spoon_on_towel
widowx_spoon_on_towel_lang_common_distract,set the spoon on top of the towel,unknown,,0.8175128748212196,0.3029,-7.1019,0.412,False,12,fine_exam|distract_of:widowx_spoon_on_towel
widowx_spoon_on_towel_lang_common_distract,Place the soup utensil onto the towel.,natural,,0.8688516154208851,0.5326,-6.7011,0.4074,False,12,generated_natural
widowx_spoon_on_towel_lang_common_distract,put the spoon on the blue cloth,unknown,,0.8879240503480883,0.6179,-6.4247,0.4107,False,12,fine_exam|distract_of:widowx_spoon_on_towel
widowx_spoon_on_towel_lang_common_distract,put the spoon on the blue towel,unknown,,0.9767489497580498,1.0154,-6.1539,0.3863,False,12,fine_exam|distract_of:widowx_spoon_on_towel
widowx_spoon_on_towel_lang_common_distract,place the spoon on the blue towel,unknown,,1.0,1.1194,-5.8364,0.3895,False,12,fine_exam|distract_of:widowx_spoon_on_towel
wipe pot with sponge,"Given the current state of the cookware, please utilize the absorbent foam tool to remove residue from the round metal container.",adversarial,,0.0,3.2766,-6.7189,0.1643,False,64,generated_adversarial
wipe pot with sponge,"If it isn't too much trouble, I would greatly appreciate it if you could take the porous cleaning pad and apply it to the surface of the cooking vessel.",adversarial,,0.1990578278177447,4.1698,-5.0388,0.1514,False,64,generated_adversarial
wipe pot with sponge,Proceed to cleanse the culinary receptacle by means of friction with the squishy synthetic block.,adversarial,,0.404193272209036,5.0903,-4.476,0.0922,False,64,generated_adversarial
wipe pot with sponge,Sponge down the pot.,natural,,0.7003642482409627,6.4193,-2.1449,0.0663,False,64,generated_natural
wipe pot with sponge,"The heavy vessel in which we boil water requires your attention, so take hold of the sponge and thoroughly wipe its surface.",adversarial,,0.7649874956432894,6.7093,-1.4092,0.0696,False,64,generated_adversarial
wipe pot with sponge,Wipe out the metal pot with the sponge.,natural,,0.8142472483214179,6.9303,-0.69,0.0783,False,64,generated_natural
wipe pot with sponge,use the yellow sponge to clean off the pot,search,,0.8776028833008335,7.2146,-0.3804,0.0653,False,64,search_boards
wipe pot with sponge,Grab the sponge and scrub the cooking pot.,natural,,0.898294371733015,7.3074,-0.2563,0.062,False,64,generated_natural
wipe pot with sponge,Go ahead and give the pot a quick wipe with the sponge.,natural,,0.9015540635588694,7.3221,-0.0094,0.0704,False,64,generated_natural
wipe pot with sponge,Could you please wipe the pot using that sponge?,natural,,0.9077726613175544,7.35,0.0329,0.0696,False,64,generated_natural
wipe pot with sponge,use the yellow sponge to wipe off the pot,search,,0.9173940642404952,7.3931,-0.0681,0.0618,False,64,search_boards
wipe pot with sponge,use the yellow sponge to clean the pot,search,,0.9228996154674868,7.4178,0.0027,0.0624,False,64,search_boards
wipe pot with sponge,Clean the pot using the sponge.,natural,,0.9320751623658076,7.459,0.0854,0.062,False,64,generated_natural
wipe pot with sponge,Use the sponge to wipe down the pot.,natural,,0.9402170526810204,7.4956,0.1722,0.0622,False,64,generated_natural
wipe pot with sponge,use the sponge to wipe the pot,search,,0.940421831797717,7.4965,0.1992,0.0632,False,64,search_boards
wipe pot with sponge,use the yellow sponge to wipe the pot,search,,0.9424498736793234,7.5056,0.2118,0.0629,False,64,search_boards
wipe pot with sponge,use the yellow sponge to wipe down the pot,search,,0.9431898308022604,7.5089,0.1475,0.06,False,64,search_boards
wipe pot with sponge,The pot needs to be wiped with the sponge.,natural,,0.9714240611498052,7.6356,0.3183,0.0556,False,64,generated_natural
wipe pot with sponge,clean the pot with the yellow sponge,search,,0.9742135110858154,7.6481,0.1797,0.049,False,64,search_boards
wipe pot with sponge,wipe pot with sponge,original,,1.0,7.7638,0.7086,0.0596,False,64,search_boards
zip zipper bag,"Regarding the soft container that utilizes an interlocking track, see to it that the aforementioned mechanism is drawn into a fully sealed configuration.",adversarial,,0.0,2.3975,-6.8904,0.2352,False,64,generated_adversarial
zip zipper bag,"If it would not be too much trouble, kindly traverse the sliding clasp along the top edge of the flexible receptacle until it is entirely secured.",adversarial,,0.0626445962162686,2.7341,-6.9077,0.2048,False,64,generated_adversarial
zip zipper bag,"Provided that the flexible bag intended for holding items is currently unsealed, perform the necessary lateral movement to pull its fastener completely shut.",adversarial,,0.2909329480781371,3.9606,-4.0015,0.2106,False,64,generated_adversarial
zip zipper bag,Fasten the pouch closed.,natural,,0.5000464402350955,5.0842,-3.6621,0.1247,False,64,generated_natural
zip zipper bag,Make sure the resealable bag is zipped tight.,natural,,0.7907661868907759,6.6462,-1.4445,0.0737,False,64,generated_natural
zip zipper bag,zip up the black case,search,,0.8086654945281432,6.7424,-1.1222,0.0779,False,64,search_boards
zip zipper bag,zip the round black pouch,search,,0.8128923636332959,6.7651,-1.2334,0.0715,False,64,search_boards
zip zipper bag,Go ahead and zip up that little baggie.,natural,,0.8137720985078083,6.7698,-1.4056,0.0643,False,64,generated_natural
zip zipper bag,zip up the round black pouch,search,,0.8162973275117921,6.7834,-1.2344,0.0699,False,64,search_boards
zip zipper bag,zip up the black pouch,search,,0.8700682260688414,7.0723,-0.6599,0.0669,False,64,search_boards
zip zipper bag,Effectuate the complete closure of the zippered pouch by manipulating its fastening apparatus from the open state to the closed state.,adversarial,,0.894401940713853,7.2031,-0.6864,0.0543,False,64,generated_adversarial
zip zipper bag,zip the black pouch closed,search,,0.8946631831349507,7.2045,-0.5731,0.0586,False,64,search_boards
zip zipper bag,Please seal up the zippered pouch.,natural,,0.9140667166041242,7.3087,-0.5653,0.0497,False,64,generated_natural
zip zipper bag,close the zipper on the black bag,search,,0.9361383150749604,7.4273,-0.2798,0.0505,False,64,search_boards
zip zipper bag,Pull the zipper on the storage bag all the way closed.,natural,,0.9388898764363558,7.4421,-0.3098,0.048,False,64,generated_natural
zip zipper bag,Shut the zipper on the bag.,natural,,0.9438504630872524,7.4687,-0.2317,0.0487,False,64,generated_natural
zip zipper bag,Zip the bag shut.,natural,,0.9498438948533662,7.5009,-0.1912,0.0474,False,64,generated_natural
zip zipper bag,Close the zipper bag.,natural,,0.9673493320409532,7.595,0.064,0.0492,False,64,generated_natural
zip zipper bag,zip zipper bag,original,,1.0,7.7704,0.5089,0.0511,False,64,search_boards
