gt,paraphrase
Place the spoon on the blue towel,Lay the spoon gently on the blue towel
Place the spoon on the blue towel,Position the spoon onto the blue towel
Place the spoon on the blue towel,Place the spoon gently on the blue towel
Place the spoon on the blue towel,Securely place the spoon on the blue towel
Place the spoon on the blue towel,Position the spoon on the blue towel
Place the spoon on the blue towel,Deposit the spoon onto the blue towel
Place the spoon on the blue towel,Put the spoon on the blue towel
Place the spoon on the blue towel,Put the spoon onto the blue towel
Place the spoon on the blue towel,Lay the spoon on the blue towel
Place the spoon on the blue towel,Put the spoon over the blue towel
Place the spoon on the blue towel,Secure the spoon on the blue towel
Place the spoon on the blue towel,Set the spoon down on the blue towel
Place the spoon on the blue towel,Rest the spoon on the blue towel
Place the spoon on the blue towel,Arrange the spoon on the blue towel
Place the spoon on the blue towel,Lay the spoon onto the blue towel
Place the spoon on the blue towel,Position the spoon over the blue towel
Place the spoon on the blue towel,Transfer the spoon to the blue towel
Place the spoon on the blue towel,Secure the spoon onto the blue towel
Place the spoon on the blue towel,Drop the spoon onto the blue towel
Place the spoon on the blue towel,Affix the spoon to the blue towel
Put the red spoon on top of the blue cloth,Position the red spoon on the cloth that is blue
Put the red spoon on top of the blue cloth,Position the red spoon over the blue cloth surface
Put the red spoon on top of the blue cloth,Place the red spoon above the blue cloth
Put the red spoon on top of the blue cloth,Place the red spoon on top of the cloth that is blue
Put the red spoon on top of the blue cloth,Arrange the red spoon on the blue cloth's surface
Put the red spoon on top of the blue cloth,Set the red spoon on top of the blue fabric
Put the red spoon on top of the blue cloth,Put the spoon that is red on top of the cloth that is blue
Put the red spoon on top of the blue cloth,Place the red spoon over the blue cloth
Put the red spoon on top of the blue cloth,Position the red spoon on top of the blue cloth
Put the red spoon on top of the blue cloth,Position the red spoon atop the blue cloth
Put the red spoon on top of the blue cloth,Arrange the red spoon on the blue cloth
Put the red spoon on top of the blue cloth,Set the red spoon over the blue cloth
Put the red spoon on top of the blue cloth,Arrange the red spoon over the blue fabric
Put the red spoon on top of the blue cloth,Position the red spoon on the surface of the blue cloth
Put the red spoon on top of the blue cloth,Set the red spoon atop the blue cloth
Put the red spoon on top of the blue cloth,Place the red spoon gently onto the blue cloth
Put the red spoon on top of the blue cloth,Position the red spoon right above the blue cloth
Put the red spoon on top of the blue cloth,Place the red spoon onto the blue cloth
Put the red spoon on top of the blue cloth,Set the red spoon on top of the blue cloth
Put the red spoon on top of the blue cloth,Place the red spoon directly on the blue cloth
Put the red spoon on top of the blue cloth,Arrange the red spoon over the blue cloth
Put the red spoon on top of the blue cloth,Position the red spoon precisely on top of the blue cloth
Put the red spoon on top of the blue cloth,Set the red spoon atop the blue fabric
Put the red spoon on top of the blue cloth,Place the red spoon on the blue cloth
PICK UP THE BANANA AND PUT ON THE ORANGE TOWEL,Seize the banana and carefully position it onto the orange towel
PICK UP THE BANANA AND PUT ON THE ORANGE TOWEL,Collect the banana and place it gently on the orange towel
PICK UP THE BANANA AND PUT ON THE ORANGE TOWEL,Take hold of the banana and set it down on the orange towel
PICK UP THE BANANA AND PUT ON THE ORANGE TOWEL,Grip the banana and transfer it to the orange towel
PICK UP THE BANANA AND PUT ON THE ORANGE TOWEL,Obtain the banana and place it on the orange towel accordingly
PICK UP THE BANANA AND PUT ON THE ORANGE TOWEL,Grip the banana and carefully position it on the orange towel
PICK UP THE BANANA AND PUT ON THE ORANGE TOWEL,Lift the banana and carefully transfer it onto the orange towel
PICK UP THE BANANA AND PUT ON THE ORANGE TOWEL,Obtain the banana and place it onto the orange towel
PICK UP THE BANANA AND PUT ON THE ORANGE TOWEL,Collect the banana and place it on top of the orange towel
PICK UP THE BANANA AND PUT ON THE ORANGE TOWEL,Collect the banana and position it atop the orange towel
PICK UP THE BANANA AND PUT ON THE ORANGE TOWEL,Obtain the banana and place it neatly on the orange towel
PICK UP THE BANANA AND PUT ON THE ORANGE TOWEL,Hold the banana and arrange it on the orange towel
PICK UP THE BANANA AND PUT ON THE ORANGE TOWEL,Grasp the banana and place it gently onto the orange towel
PICK UP THE BANANA AND PUT ON THE ORANGE TOWEL,Secure the banana and arrange it on the orange towel
PICK UP THE BANANA AND PUT ON THE ORANGE TOWEL,Acquire the banana and position it on the orange towel
PICK UP THE BANANA AND PUT ON THE ORANGE TOWEL,Acquire the banana and place it atop the orange towel
PICK UP THE BANANA AND PUT ON THE ORANGE TOWEL,Seize the banana and place it onto the orange towel
PICK UP THE BANANA AND PUT ON THE ORANGE TOWEL,Grasp the banana and transfer it onto the orange towel
PICK UP THE BANANA AND PUT ON THE ORANGE TOWEL,Take hold of the banana and carefully set it on the orange towel
PICK UP THE BANANA AND PUT ON THE ORANGE TOWEL,Seize the banana and carefully lay it on the orange towel
PICK UP THE BANANA AND PUT ON THE ORANGE TOWEL,Secure the banana and position it onto the orange towel
PICK UP THE BANANA AND PUT ON THE ORANGE TOWEL,Gather the banana and carefully place it onto the orange towel
PICK UP THE BANANA AND PUT ON THE ORANGE TOWEL,Seize the banana and carefully position it on the orange towel
PICK UP THE BANANA AND PUT ON THE ORANGE TOWEL,Acquire the banana and place it gently on the orange towel
PICK UP THE BANANA AND PUT ON THE ORANGE TOWEL,Lift the banana and carefully set it down on the orange towel
PICK UP THE BANANA AND PUT ON THE ORANGE TOWEL,Obtain the banana and carefully lay it on the orange towel
PICK UP THE BANANA AND PUT ON THE ORANGE TOWEL,Lift the banana and position it onto the orange towel
PICK UP THE BANANA AND PUT ON THE ORANGE TOWEL,Take hold of the banana and position it onto the orange towel
PICK UP THE BANANA AND PUT ON THE ORANGE TOWEL,Lift the banana and carefully set it on the orange towel
PICK UP THE BANANA AND PUT ON THE ORANGE TOWEL,Gather the banana and carefully lay it on the orange towel
PICK UP THE BANANA AND PUT ON THE ORANGE TOWEL,Gather the banana and place it neatly on the orange towel
PICK UP THE BANANA AND PUT ON THE ORANGE TOWEL,Acquire the banana and arrange it on the orange towel
PICK UP THE BANANA AND PUT ON THE ORANGE TOWEL,Retrieve the banana and place it on the orange towel
PICK UP THE BANANA AND PUT ON THE ORANGE TOWEL,Seize the banana and place it atop the orange towel
PICK UP THE BANANA AND PUT ON THE ORANGE TOWEL,Secure the banana and place it gently on the orange towel
Place the purple cloth on the bottom right corner of the counter.,Place the purple cloth at the counter's lower right corner
Place the purple cloth on the bottom right corner of the counter.,Affix the purple cloth to the counter's lower right corner
Place the purple cloth on the bottom right corner of the counter.,Position the purple fabric at the counter's lower right corner
Place the purple cloth on the bottom right corner of the counter.,Arrange the purple fabric at the bottom rightmost corner of the counter
Place the purple cloth on the bottom right corner of the counter.,Install the purple fabric in the counter's bottom right corner
Place the purple cloth on the bottom right corner of the counter.,Arrange the purple cloth at the bottom right corner of the counter
Place the purple cloth on the bottom right corner of the counter.,Position the purple fabric at the lower right corner of the countertop
Place the purple cloth on the bottom right corner of the counter.,Secure the purple fabric at the bottom right corner of the counter
Place the purple cloth on the bottom right corner of the counter.,Set the purple cloth at the counter's lowermost right corner
Place the purple cloth on the bottom right corner of the counter.,Place the purple cloth in the counter's right corner at the bottom
Place the purple cloth on the bottom right corner of the counter.,Lay the purple fabric at the counter's lower right corner
Place the purple cloth on the bottom right corner of the counter.,Install the purple cloth in the counter's lower right corner
Place the purple cloth on the bottom right corner of the counter.,Attach the purple cloth to the bottom right corner of the counter
Place the purple cloth on the bottom right corner of the counter.,Put the purple cloth at the bottom right corner of the counter
Place the purple cloth on the bottom right corner of the counter.,Set the purple cloth in the counter's lower right corner
Place the purple cloth on the bottom right corner of the counter.,Position the purple cloth in the counter's lowermost right corner
Place the purple cloth on the bottom right corner of the counter.,Affix the purple fabric to the counter's bottom right corner
Place the purple cloth on the bottom right corner of the counter.,Put the purple fabric on the counter's bottom right corner
Place the purple cloth on the bottom right corner of the counter.,Position the purple fabric in the lower right corner of the countertop
Place the purple cloth on the bottom right corner of the counter.,Position the purple fabric at the counter's bottom right corner
Place the purple cloth on the bottom right corner of the counter.,Set the purple fabric on the counter's lower right corner
Place the purple cloth on the bottom right corner of the counter.,Affix the purple cloth on the counter's lower right corner
Place the purple cloth on the bottom right corner of the counter.,Secure the purple cloth on the counter's rightmost bottom corner
Place the purple cloth on the bottom right corner of the counter.,Position the purple cloth on the counter's corner that is located at the bottom right
Place the purple cloth on the bottom right corner of the counter.,Install the purple cloth at the counter's lower right corner
Place the purple cloth on the bottom right corner of the counter.,Affix the purple fabric at the bottom right corner of the counter
Place the purple cloth on the bottom right corner of the counter.,Lay the purple fabric on the counter's right-hand bottom corner
Place the purple cloth on the bottom right corner of the counter.,Attach the purple fabric in the bottom right corner of the counter
Place the purple cloth on the bottom right corner of the counter.,Set the purple cloth in the bottom right corner of the counter
Place the purple cloth on the bottom right corner of the counter.,Secure the purple cloth on the bottom right corner of the counter
Place the purple cloth on the bottom right corner of the counter.,Position the purple cloth at the counter's rightmost bottom corner
Place the purple cloth on the bottom right corner of the counter.,Put the purple fabric on the counter's right bottom corner
Place the purple cloth on the bottom right corner of the counter.,Place the purple fabric at the counter's rightmost bottom corner
Place the purple cloth on the bottom right corner of the counter.,Securely place the purple cloth on the counter's lower right corner
Place the purple cloth on the bottom right corner of the counter.,Lay the purple fabric at the bottom right corner of the counter
Place the purple cloth on the bottom right corner of the counter.,Secure the purple cloth at the counter's bottom right corner
Place the purple cloth on the bottom right corner of the counter.,Install the purple fabric in the bottom right corner of the counter
Place the purple cloth on the bottom right corner of the counter.,Place the purple fabric at the counter's right-hand bottom corner
Place the purple cloth on the bottom right corner of the counter.,Set the purple cloth in the counter's rightmost bottom corner
Place the purple cloth on the bottom right corner of the counter.,Attach the purple fabric to the bottom right corner of the counter
Place the purple cloth on the bottom right corner of the counter.,Arrange the purple cloth in the bottom right corner of the counter
Place the purple cloth on the bottom right corner of the counter.,Carefully lay the purple fabric on the counter's lower right corner
Place capsicum in the saucepan,Install the capsicum in the saucepan
Place capsicum in the saucepan,Put the capsicum into the saucepan
Place capsicum in the saucepan,Transfer the capsicum to the saucepan
Place capsicum in the saucepan,Arrange the capsicum within the saucepan
Place capsicum in the saucepan,Place the capsicum within the confines of the saucepan
Place capsicum in the saucepan,Put the capsicum in the saucepan
Place capsicum in the saucepan,Insert the capsicum into the saucepan
Place capsicum in the saucepan,Place the capsicum inside the saucepan
Place capsicum in the saucepan,Place the capsicum within the saucepan
Place capsicum in the saucepan,Add the capsicum to the saucepan
Place capsicum in the saucepan,Add capsicum to the saucepan
Place capsicum in the saucepan,Deposit the capsicum into the saucepan
Place capsicum in the saucepan,Position the capsicum in the saucepan
Place capsicum in the saucepan,Introduce the capsicum to the saucepan
Place capsicum in the saucepan,Place the capsicum gently into the saucepan
Place capsicum in the saucepan,Drop the capsicum into the saucepan
Place capsicum in the saucepan,Set the capsicum in the saucepan
Place capsicum in the saucepan,Arrange the capsicum in the saucepan
move the fish to lower middle of cooktop,Relocate the fish to the lower middle section of the cooktop
move the fish to lower middle of cooktop,Transfer the fish to the lower middle portion of the cooktop
move the fish to lower middle of cooktop,Transfer the fish to the cooktop's lower middle location
move the fish to lower middle of cooktop,Place the fish at the cooktop's lower middle coordinates
move the fish to lower middle of cooktop,Transfer the fish to the lower middle zone of the cooktop
move the fish to lower middle of cooktop,Position the fish at the lower middle of the cooktop
move the fish to lower middle of cooktop,Place the fish in the cooktop's lower middle region
move the fish to lower middle of cooktop,Move the fish towards the lower middle of the cooktop
move the fish to lower middle of cooktop,Shift the fish to the lower middle spot on the cooktop
move the fish to lower middle of cooktop,Move the fish to the lower middle area of the cooktop
move the fish to lower middle of cooktop,Position the fish towards the lower middle of the cooktop
move the fish to lower middle of cooktop,Arrange the fish in the lower middle portion of the cooktop
move the fish to lower middle of cooktop,Place the fish at the lower middle point of the cooktop
move the fish to lower middle of cooktop,Slide the fish to the lower middle area of the cooktop
move the fish to lower middle of cooktop,Slide the fish to the lower middle location on the cooktop
move the fish to lower middle of cooktop,Transfer the fish to the cooktop's lower middle area
move the fish to lower middle of cooktop,Arrange the fish in the cooktop's lower middle location
move the fish to lower middle of cooktop,Position the fish at the cooktop's lower middle spot
move the fish to lower middle of cooktop,Position the fish in the lower middle part of the cooktop
move the fish to lower middle of cooktop,Move the fish towards the lower middle region of the cooktop
move the fish to lower middle of cooktop,Move the fish towards the lower middle part of the cooktop
move the fish to lower middle of cooktop,Place the fish in the lower middle portion of the cooktop
move the fish to lower middle of cooktop,"Place the fish in the cooktop's middle area, but towards the lower side"
move the fish to lower middle of cooktop,Shift the fish to the lower middle region of the cooktop
move the fish to lower middle of cooktop,Place the fish in the lower middle position of the cooktop
move the fish to lower middle of cooktop,Move the fish to the cooktop's lower middle location
move the fish to lower middle of cooktop,Shift the fish to the cooktop's lower middle spot
move the fish to lower middle of cooktop,Arrange the fish in the lower middle region of the cooktop
move the fish to lower middle of cooktop,Relocate the fish to the lower middle portion of the cooktop's surface
move the fish to lower middle of cooktop,"Shift the fish to the cooktop's middle section, closer to the bottom"
move the fish to lower middle of cooktop,Relocate the fish to the cooktop's lower middle zone
move the fish to lower middle of cooktop,"Move the fish to the cooktop's center, but towards the bottom"
move the fish to lower middle of cooktop,Slide the fish to the lower middle part of the cooktop
move the fish to lower middle of cooktop,Slide the fish to the lower middle portion of the cooktop
move the fish to lower middle of cooktop,Position the fish at the cooktop's lower middle point
Place the green broccoli inside the silver pot.,Set the green broccoli within the silver pot
Place the green broccoli inside the silver pot.,Drop the green broccoli into the silver pot
Place the green broccoli inside the silver pot.,Place the silver pot over the green broccoli
Place the green broccoli inside the silver pot.,Place the green broccoli within the confines of the silver pot
Place the green broccoli inside the silver pot.,Set the green broccoli inside the silver pot
Place the green broccoli inside the silver pot.,Securely place the green broccoli inside the silver pot
Place the green broccoli inside the silver pot.,Securely place the green broccoli in the silver pot
Place the green broccoli inside the silver pot.,Set the green broccoli in the silver pot
Place the green broccoli inside the silver pot.,Put the green broccoli into the silver pot
Place the green broccoli inside the silver pot.,Insert the green broccoli into the silver pot
Place the green broccoli inside the silver pot.,Deposit the green broccoli into the silver pot
Place the green broccoli inside the silver pot.,Arrange the green broccoli in the silver pot
Place the green broccoli inside the silver pot.,Deposit the green broccoli inside the silver pot
Place the green broccoli inside the silver pot.,Settle the green broccoli within the silver pot
Place the green broccoli inside the silver pot.,Position the green broccoli inside the silver pot
Place the green broccoli inside the silver pot.,Slide the green broccoli into the silver pot
Place the green broccoli inside the silver pot.,Secure the green broccoli inside the silver pot
Place the green broccoli inside the silver pot.,Set the green broccoli into the silver pot
Place the green broccoli inside the silver pot.,Arrange the green broccoli within the silver pot
Place the green broccoli inside the silver pot.,Transfer the green broccoli to the silver pot
Place the pot on top of the green towel,Securely place the pot on the green towel
Place the pot on top of the green towel,Ensure that the pot is on the green towel
Place the pot on top of the green towel,Install the pot on top of the green towel
Place the pot on top of the green towel,Rest the pot on the green towel
Place the pot on top of the green towel,Position the pot in a way that it sits on top of the green towel
Place the pot on top of the green towel,Carefully position the pot over the green towel
Place the pot on top of the green towel,Affix the pot to the green towel
Place the pot on top of the green towel,Position the pot atop the green towel
Place the pot on top of the green towel,Ensure the pot is situated on the green towel
Place the pot on top of the green towel,Lay the pot on the green towel
Place the pot on top of the green towel,Position the pot so that it is on top of the green towel
Place the pot on top of the green towel,Carefully place the pot on the green towel's top
Place the pot on top of the green towel,Rest the pot on top of the green towel
Place the pot on top of the green towel,Arrange the pot so that it rests on the green towel
Place the pot on top of the green towel,Put the pot on the surface of the green towel
Place the pot on top of the green towel,Position the pot in a manner that it is on top of the green towel
Place the pot on top of the green towel,Attach the pot onto the green towel
Place the pot on top of the green towel,Gently place the pot on top of the green towel
Place the pot on top of the green towel,Lay the pot onto the green towel
Place the pot on top of the green towel,Set the pot atop the green towel
Place the pot on top of the green towel,Position the pot so that it sits on the green towel
Place the pot on top of the green towel,Arrange the pot on top of the green towel
Place the pot on top of the green towel,Put the pot over the green towel
Place the pot on top of the green towel,Situate the pot on top of the green towel
Place the pot on top of the green towel,Lay the pot on top of the green towel
Place the pot on top of the green towel,Secure the pot on the green towel
Place the pot on top of the green towel,Gently rest the pot on the green towel
Place the pot on top of the green towel,Put the pot on top of the green towel
Place the pot on top of the green towel,Put the pot on the green towel's surface
Place the pot on top of the green towel,Set the pot on the green towel
Place the pot on top of the green towel,Position the pot on the green towel
Place the pot on top of the green towel,Position the pot in a way that it is on the green towel
Move the pan off to the left side of the yellow cloth,Slide the pan off to the left of the yellow cloth
Move the pan off to the left side of the yellow cloth,Move the pan towards the left boundary of the yellow fabric
Move the pan off to the left side of the yellow cloth,Relocate the pan to the left side of the yellow cloth
Move the pan off to the left side of the yellow cloth,Slide the pan over to the left side of the yellow material
Move the pan off to the left side of the yellow cloth,Maneuver the pan to the left-hand side of the yellow cloth
Move the pan off to the left side of the yellow cloth,Slide the pan to the left side of the yellow fabric
Move the pan off to the left side of the yellow cloth,Place the pan at the leftmost part of the yellow fabric
Move the pan off to the left side of the yellow cloth,Transfer the pan to the left side of the yellow cloth
Move the pan off to the left side of the yellow cloth,Relocate the pan to the left portion of the yellow cloth
Move the pan off to the left side of the yellow cloth,Place the pan on the left portion of the yellow cloth
Move the pan off to the left side of the yellow cloth,Place the pan towards the left side of the yellow cloth
Move the pan off to the left side of the yellow cloth,Shift the pan to the left area of the yellow cloth
Move the pan off to the left side of the yellow cloth,Move the pan to the left-hand side of the yellow material
Move the pan off to the left side of the yellow cloth,Shift the pan towards the left side of the yellow cloth
Move the pan off to the left side of the yellow cloth,Shift the pan until it is on the left side of the yellow cloth
Move the pan off to the left side of the yellow cloth,Shift the pan to the leftmost part of the yellow cloth
Move the pan off to the left side of the yellow cloth,Adjust the pan so that it is positioned on the left side of the yellow fabric
Move the pan off to the left side of the yellow cloth,Glide the pan off to the left side of the yellow cloth
Move the pan off to the left side of the yellow cloth,Slide the pan off to the left side of the yellow cloth
Move the pan off to the left side of the yellow cloth,Transfer the pan to the left section of the yellow fabric
Move the pan off to the left side of the yellow cloth,Shift the pan towards the left edge of the yellow fabric
Move the pan off to the left side of the yellow cloth,Slide the pan off to the left side of the yellow fabric
Move the pan off to the left side of the yellow cloth,Adjust the pan so that it is positioned on the left side of the yellow material
Move the pan off to the left side of the yellow cloth,Slide the pan towards the left side of the yellow material
Move the pan off to the left side of the yellow cloth,Adjust the position of the pan to the left side of the yellow cloth
Move the pan off to the left side of the yellow cloth,Place the pan on the left-hand portion of the yellow fabric
Move the pan off to the left side of the yellow cloth,Adjust the pan so that it is positioned on the left side of the yellow cloth
Move the pan off to the left side of the yellow cloth,Place the pan on the left-hand side of the yellow cloth
Move the pan off to the left side of the yellow cloth,Displace the pan towards the left edge of the yellow fabric
Move the pan off to the left side of the yellow cloth,Relocate the pan to the left-hand side of the yellow cloth
Move the pan off to the left side of the yellow cloth,Shift the pan towards the left edge of the yellow cloth
Move the pan off to the left side of the yellow cloth,Move the pan towards the left edge of the yellow cloth
Move the pan off to the left side of the yellow cloth,Displace the pan to the left area of the yellow fabric
Move the pan off to the left side of the yellow cloth,Move the pan so that it is positioned on the left side of the yellow fabric
Move the pan off to the left side of the yellow cloth,Slide the pan towards the left boundary of the yellow cloth
Move the pan off to the left side of the yellow cloth,Displace the pan to the left side of the yellow cloth
Move the pan off to the left side of the yellow cloth,Adjust the pan's position to the left side of the yellow cloth
Move the pan off to the left side of the yellow cloth,Transfer the pan to the left side of the yellow fabric
Move the pan off to the left side of the yellow cloth,Move the pan to the left side of the yellow fabric
Move the pan off to the left side of the yellow cloth,Shift the pan so that it rests on the left side of the yellow cloth
Move the pan off to the left side of the yellow cloth,Place the pan on the left side of the yellow cloth
Pick up the yellow bell pepper and place it in the front centre of the table,Acquire the yellow bell pepper and carefully set it in the front and center of the table
Pick up the yellow bell pepper and place it in the front centre of the table,Secure the yellow bell pepper and position it at the central spot on the table
Pick up the yellow bell pepper and place it in the front centre of the table,Seize the yellow bell pepper and position it at the forefront of the table
Pick up the yellow bell pepper and place it in the front centre of the table,Lift the yellow bell pepper and position it at the forefront of the table
Pick up the yellow bell pepper and place it in the front centre of the table,Grasp the yellow bell pepper and position it at the central point of the table
Pick up the yellow bell pepper and place it in the front centre of the table,Transfer the yellow bell pepper to the central position on the table
Pick up the yellow bell pepper and place it in the front centre of the table,Lift the yellow bell pepper and place it right in the center of the table
Pick up the yellow bell pepper and place it in the front centre of the table,Collect the yellow bell pepper and position it precisely in the middle of the table
Pick up the yellow bell pepper and place it in the front centre of the table,Take the yellow bell pepper and position it at the center of the table
Pick up the yellow bell pepper and place it in the front centre of the table,Hold the yellow bell pepper and carefully position it at the center of the table
Pick up the yellow bell pepper and place it in the front centre of the table,Grasp the yellow bell pepper and place it in the front and center of the table
Pick up the yellow bell pepper and place it in the front centre of the table,Grab the yellow bell pepper and carefully position it in the middle of the table
Pick up the yellow bell pepper and place it in the front centre of the table,"Place the yellow bell pepper in the front center of the table, ensuring it is well-centered"
Pick up the yellow bell pepper and place it in the front centre of the table,Seize the yellow bell pepper and carefully position it in the center of the table
Pick up the yellow bell pepper and place it in the front centre of the table,Collect the yellow bell pepper and position it at the forefront of the table
Pick up the yellow bell pepper and place it in the front centre of the table,Take hold of the yellow bell pepper and place it in the central area of the table
Pick up the yellow bell pepper and place it in the front centre of the table,Retrieve the yellow bell pepper and position it at the forefront and center of the table
Pick up the yellow bell pepper and place it in the front centre of the table,Grip the yellow bell pepper and carefully set it in the front center of the table
Pick up the yellow bell pepper and place it in the front centre of the table,Grasp the yellow bell pepper and place it in the front center of the table
Pick up the yellow bell pepper and place it in the front centre of the table,Seize the yellow bell pepper and carefully position it at the center of the table
Pick up the yellow bell pepper and place it in the front centre of the table,Grab the yellow bell pepper and carefully set it in the middle of the table
Pick up the yellow bell pepper and place it in the front centre of the table,Lift the yellow bell pepper and place it in the front and center of the table
Pick up the yellow bell pepper and place it in the front centre of the table,Collect the yellow bell pepper and position it in the front center of the table
Pick up the yellow bell pepper and place it in the front centre of the table,Lift the yellow bell pepper and place it right in the front center of the table
Pick up the yellow bell pepper and place it in the front centre of the table,Take hold of the yellow bell pepper and place it in the front center of the table
Pick up the yellow bell pepper and place it in the front centre of the table,"Place the yellow bell pepper in the middle of the table, towards the front"
Pick up the yellow bell pepper and place it in the front centre of the table,Secure the yellow bell pepper and position it at the forefront of the table
Pick up the yellow bell pepper and place it in the front centre of the table,Hold the yellow bell pepper and carefully place it in the middle of the table
Pick up the yellow bell pepper and place it in the front centre of the table,Take hold of the yellow bell pepper and carefully position it in the center of the table
Pick up the yellow bell pepper and place it in the front centre of the table,Secure the yellow bell pepper and place it precisely in the center of the table
Pick up the yellow bell pepper and place it in the front centre of the table,Hold the yellow bell pepper and position it at the middle of the table
Pick up the yellow bell pepper and place it in the front centre of the table,Acquire the yellow bell pepper and place it in the front and center of the table
Pick up the yellow bell pepper and place it in the front centre of the table,Acquire the yellow bell pepper and position it at the central spot on the table
Pick up the yellow bell pepper and place it in the front centre of the table,Retrieve the yellow bell pepper and carefully position it in the middle of the table
Pick up the yellow bell pepper and place it in the front centre of the table,Acquire the yellow bell pepper and place it precisely in the center of the table
Pick up the yellow bell pepper and place it in the front centre of the table,Secure the yellow bell pepper and position it at the front and center of the table
Pick up the yellow bell pepper and place it in the front centre of the table,Grip the yellow bell pepper and carefully position it in the front center of the table
Pick up the yellow bell pepper and place it in the front centre of the table,Grasp the yellow bell pepper and carefully set it in the middle of the table
Pick up the yellow bell pepper and place it in the front centre of the table,Retrieve the yellow bell pepper and position it at the middle of the table
Pick up the yellow bell pepper and place it in the front centre of the table,Seize the yellow bell pepper and place it in the front center of the table
Pick up the yellow bell pepper and place it in the front centre of the table,Move the yellow bell pepper to the front center of the table
Pick up the yellow bell pepper and place it in the front centre of the table,Secure the yellow bell pepper and position it in the central area of the table
Place the knife on top of the towel.,Position the knife so that it is situated on the towel's surface
Place the knife on top of the towel.,Position the knife so it sits on the towel
Place the knife on top of the towel.,Secure the knife on the towel's top
Place the knife on top of the towel.,Gently place the knife on the towel
Place the knife on top of the towel.,Position the knife in a manner that it is on the towel
Place the knife on top of the towel.,Settle the knife on top of the towel
Place the knife on top of the towel.,Put the knife on the towel's top
Place the knife on top of the towel.,Lay the knife gently on the towel
Place the knife on top of the towel.,Put the knife in a position above the towel
Place the knife on top of the towel.,Place the knife on the towel's topmost part
Place the knife on top of the towel.,Place the knife in a position above the towel
Place the knife on top of the towel.,Place the knife in a location directly above the towel
Place the knife on top of the towel.,Ensure that the knife is placed on top of the towel
Place the knife on top of the towel.,Lay the knife on the towel's top
Place the knife on top of the towel.,Place the knife directly on the towel
Place the knife on top of the towel.,Lay the knife over the towel
Place the knife on top of the towel.,Settle the knife on the towel's topmost part
Place the knife on top of the towel.,Rest the knife on the towel
Place the knife on top of the towel.,Position the knife so that it is on top of the towel
Place the knife on top of the towel.,Lay the knife on top of the towel
Place the knife on top of the towel.,Rest the knife on the towel's top
Place the knife on top of the towel.,"Set the knife down, ensuring it is on top of the towel"
Place the knife on top of the towel.,Position the knife on the towel's surface
Place the knife on top of the towel.,Arrange the knife on top of the towel
Place the knife on top of the towel.,Arrange the knife so that it rests on the towel
Place the knife on top of the towel.,Secure the knife on the towel's surface
Place the knife on top of the towel.,Set the knife atop the towel
Place the knife on top of the towel.,Rest the knife on the surface of the towel
Place the knife on top of the towel.,Put the knife on top of the towel
Place the knife on top of the towel.,Place the knife directly above the towel
Place the knife on top of the towel.,Put the knife over the towel
Place the knife on top of the towel.,Put the knife on the towel's upper side
"Move mushroom to right edge of table, stem pointed out.","Shift the mushroom to the right edge of the table, making sure the stem is pointed outward"
"Move mushroom to right edge of table, stem pointed out.","Move the mushroom to the rightmost edge of the table, ensuring that the stem is directed away from the center"
"Move mushroom to right edge of table, stem pointed out.","Arrange the mushroom so that it is situated on the right edge of the table, with the stem pointing outwards"
"Move mushroom to right edge of table, stem pointed out.",Position the mushroom with its stem pointing outward at the right edge of the table
"Move mushroom to right edge of table, stem pointed out.","Transfer the mushroom to the rightmost edge of the table, with the stem facing away from the center"
"Move mushroom to right edge of table, stem pointed out.","Slide the mushroom towards the right edge of the table, making sure the stem is directed outward"
"Move mushroom to right edge of table, stem pointed out.","Transfer the mushroom to the right edge of the table, ensuring the stem is pointed away from the center"
"Move mushroom to right edge of table, stem pointed out.",Position the mushroom so that its stem is facing outwards and it is located on the rightmost part of the table
"Move mushroom to right edge of table, stem pointed out.","Position the mushroom at the far right corner of the table, with the stem pointing away from the center"
"Move mushroom to right edge of table, stem pointed out.","Shift the mushroom to the right edge of the table, making sure the stem is directed outward"
"Move mushroom to right edge of table, stem pointed out.","Place the mushroom on the right side of the table, ensuring that the stem is facing outward"
"Move mushroom to right edge of table, stem pointed out.","Securely relocate the mushroom to the rightmost edge of the table, ensuring the stem is directed outward"
"Move mushroom to right edge of table, stem pointed out.","Place the mushroom on the right side of the table, making sure the stem is directed outward"
"Move mushroom to right edge of table, stem pointed out.","Move the mushroom to the far right side of the table, making sure the stem is directed away from the center"
"Move mushroom to right edge of table, stem pointed out.","Place the mushroom at the far right of the table, with the stem facing outward"
"Move mushroom to right edge of table, stem pointed out.",Arrange the mushroom so that its stem is pointed outward and it is situated on the right edge of the table
"Move mushroom to right edge of table, stem pointed out.","Arrange the mushroom so that it is situated at the right edge of the table, with the stem facing away from the center"
"Move mushroom to right edge of table, stem pointed out.","Shift the mushroom to the right edge of the table, ensuring the stem is pointed away from the center"
"Move mushroom to right edge of table, stem pointed out.","Position the mushroom on the right side of the table, ensuring that the stem is pointed away from the center"
"Move mushroom to right edge of table, stem pointed out.","Position the mushroom with its stem pointing away from the center, at the rightmost edge of the table"
"Move mushroom to right edge of table, stem pointed out.","Carefully position the mushroom at the right edge of the table, ensuring the stem is pointing away from the center"
"Move mushroom to right edge of table, stem pointed out.","Slide the mushroom towards the right edge of the table, ensuring the stem is pointing outwards"
"Move mushroom to right edge of table, stem pointed out.","Move the mushroom to the far right of the table, with the stem facing away from the center"
"Move mushroom to right edge of table, stem pointed out.","Place the mushroom on the right side of the table, ensuring the stem is facing outwards"
"Move mushroom to right edge of table, stem pointed out.","Shift the mushroom to the right side of the table, with the stem directed towards the outer edge"
"Move mushroom to right edge of table, stem pointed out.",Position the mushroom with its stem pointing out towards the right edge of the table
"Move mushroom to right edge of table, stem pointed out.","Slide the mushroom towards the right edge of the table, making sure the stem is facing outward"
"Move mushroom to right edge of table, stem pointed out.","Move the mushroom to the far right of the table, making sure the stem is directed outward"
"Move mushroom to right edge of table, stem pointed out.","Move the mushroom to the far right corner of the table, making sure the stem is directed outward"
"Move mushroom to right edge of table, stem pointed out.","Place the mushroom at the right end of the table, making sure the stem is directed away from the center"
"Move mushroom to right edge of table, stem pointed out.","Transfer the mushroom to the rightmost side of the table, ensuring the stem is facing outward"
"Move mushroom to right edge of table, stem pointed out.","Move the mushroom to the far right of the table, making sure the stem is directed away from the center"
"Move mushroom to right edge of table, stem pointed out.","Slide the mushroom towards the rightmost part of the table, ensuring the stem is facing outward"
"Move mushroom to right edge of table, stem pointed out.",Position the mushroom with its stem facing outward at the right edge of the table
"Move mushroom to right edge of table, stem pointed out.","Arrange the mushroom so that it is situated at the rightmost edge of the table, with the stem facing outwards"
"Move mushroom to right edge of table, stem pointed out.","Transfer the mushroom to the rightmost part of the table, ensuring that the stem is facing away from the center"
"Move mushroom to right edge of table, stem pointed out.","Move the mushroom to the rightmost edge of the table, ensuring the stem is facing outwards"
"Move mushroom to right edge of table, stem pointed out.","Slide the mushroom towards the far right of the table, with the stem facing outward"
"Move mushroom to right edge of table, stem pointed out.","Gently move the mushroom to the edge of the table on the right, making sure the stem is directed outwards"
"Move mushroom to right edge of table, stem pointed out.","Move the mushroom to the far right side of the table, making sure the stem is facing away from the center"
"Move mushroom to right edge of table, stem pointed out.","Place the mushroom at the far right corner of the table, ensuring that the stem is facing away from the center"
"Move mushroom to right edge of table, stem pointed out.",Arrange the mushroom so that its stem is oriented towards the outer edge of the table
"Move mushroom to right edge of table, stem pointed out.","Slide the mushroom towards the right edge of the table, ensuring the stem is pointed outwards"
"Move mushroom to right edge of table, stem pointed out.","Place the mushroom on the right side of the table, ensuring the stem is pointing away from the center"
"Move mushroom to right edge of table, stem pointed out.","Shift the mushroom to the right side of the table, ensuring the stem is facing outward"
"Move mushroom to right edge of table, stem pointed out.","Position the mushroom at the right edge of the table, ensuring that the stem is facing outward"
"Move mushroom to right edge of table, stem pointed out.","Place the mushroom at the right edge of the table, making sure the stem is pointed away from the center"
"Move mushroom to right edge of table, stem pointed out.","Place the mushroom with its stem pointing out, precisely at the right edge of the table"
"Move mushroom to right edge of table, stem pointed out.","Place the mushroom at the right edge of the table, ensuring that the stem is facing outward"
Move the pan near the table edge,Relocate the pan near the edge of the table
Move the pan near the table edge,Relocate the pan so that it is near the table's edge
Move the pan near the table edge,Slide the pan closer to the table's edge
Move the pan near the table edge,Bring the pan near the edge of the table
Move the pan near the table edge,Transfer the pan to a location adjacent to the table's edge
Move the pan near the table edge,Place the pan close to the edge of the table
Move the pan near the table edge,Shift the pan so that it is near the edge of the table
Move the pan near the table edge,Place the pan near the table's border
Move the pan near the table edge,Shift the pan towards the table's edge
Move the pan near the table edge,Move the pan towards the edge of the table
Move the pan near the table edge,Slide the pan towards the edge of the table
Move the pan near the table edge,Bring the pan in the vicinity of the table's edge
Move the pan near the table edge,Relocate the pan to a position near the edge of the table
Move the pan near the table edge,Place the pan near the boundary of the table
Move the pan near the table edge,Adjust the pan so that it is near the table's edge
Move the pan near the table edge,Slide the pan close to the edge of the table
Move the pan near the table edge,Bring the pan in proximity to the table's edge
Move the pan near the table edge,Maneuver the pan to a point close to the edge of the table
Move the pan near the table edge,Place the pan in proximity to the table edge
Move the pan near the table edge,Position the pan in close proximity to the table edge
Move the pan near the table edge,Place the pan in proximity to the edge of the table
Move the pan near the table edge,Adjust the pan so that it is near the edge of the table
Move the pan near the table edge,Position the pan in close proximity to the edge of the table
Move the pan near the table edge,Position the pan near the table's border
Move the pan near the table edge,Adjust the pan's position to be near the edge of the table
Move the pan near the table edge,Shift the pan in close proximity to the table edge
Move the pan near the table edge,Move the pan in the direction of the table's edge
Move the pan near the table edge,Move the pan in the direction of the table edge
Move the pan near the table edge,Transfer the pan adjacent to the table's edge
Move the pan near the table edge,Place the pan adjacent to the table's edge
Move the pan near the table edge,Bring the pan within reach of the table's edge
Move the pan near the table edge,Transfer the pan to a position near the edge of the table
Move the pan near the table edge,Move the pan adjacent to the table's edge
Move the pan near the table edge,Place the pan near the table's boundary
Move the pan near the table edge,Place the pan in close proximity to the table edge
Move the pan near the table edge,Shift the pan towards the edge of the table
Move the pan near the table edge,Bring the pan closer to the edge of the table
Move the pan near the table edge,Position the pan close to the edge of the table
Move the yellow knife to left edge of counter below crescent roll,Shift the yellow knife towards the left side of the counter beneath the crescent roll
Move the yellow knife to left edge of counter below crescent roll,"Place the yellow knife on the left edge of the counter, directly below the crescent roll"
Move the yellow knife to left edge of counter below crescent roll,"Shift the yellow knife towards the left boundary of the counter, positioned below the crescent roll"
Move the yellow knife to left edge of counter below crescent roll,"Adjust the position of the yellow knife to the leftmost part of the counter, below the crescent roll"
Move the yellow knife to left edge of counter below crescent roll,"Slide the yellow knife to the leftmost side of the counter, situated below the crescent roll"
Move the yellow knife to left edge of counter below crescent roll,"Move the yellow knife to the leftmost part of the counter, positioned beneath the crescent roll"
Move the yellow knife to left edge of counter below crescent roll,"Shift the yellow knife towards the counter's left edge, just below the crescent roll"
Move the yellow knife to left edge of counter below crescent roll,"Relocate the yellow knife to the counter's left boundary, directly beneath the crescent roll"
Move the yellow knife to left edge of counter below crescent roll,"Place the yellow knife on the left edge of the counter, below the crescent roll"
Move the yellow knife to left edge of counter below crescent roll,"Slide the yellow knife to the left side of the counter, directly beneath the crescent roll"
Move the yellow knife to left edge of counter below crescent roll,"Transfer the yellow knife to the leftmost part of the counter, positioned beneath the crescent roll"
Move the yellow knife to left edge of counter below crescent roll,"Shift the yellow knife towards the left side of the counter, just below the crescent roll"
Move the yellow knife to left edge of counter below crescent roll,"Slide the yellow knife towards the counter's left edge, below the crescent roll"
Move the yellow knife to left edge of counter below crescent roll,"Move the yellow knife towards the leftmost part of the counter, below the crescent roll"
Move the yellow knife to left edge of counter below crescent roll,"Move the yellow knife to the counter's left edge, positioned beneath the crescent roll"
Move the yellow knife to left edge of counter below crescent roll,"Move the yellow knife towards the left boundary of the counter, positioned below the crescent roll"
Move the yellow knife to left edge of counter below crescent roll,"Relocate the yellow knife to the counter's left edge, just below the crescent roll"
Move the yellow knife to left edge of counter below crescent roll,"Transfer the yellow knife to the counter's left side, directly below the crescent roll"
Move the yellow knife to left edge of counter below crescent roll,"Move the yellow knife to the leftmost edge of the counter, below the crescent roll"
Move the yellow knife to left edge of counter below crescent roll,"Shift the yellow knife towards the left end of the counter, positioned below the crescent roll"
Move the yellow knife to left edge of counter below crescent roll,"Move the yellow knife towards the left edge of the counter, positioning it beneath the crescent roll"
Move the yellow knife to left edge of counter below crescent roll,"Slide the yellow knife to the leftmost edge of the counter, beneath the crescent roll"
Move the yellow knife to left edge of counter below crescent roll,"Relocate the yellow knife to the left side of the counter, just beneath the crescent roll"
Move the yellow knife to left edge of counter below crescent roll,"Relocate the yellow knife to the left side of the counter, below the crescent roll"
Move the yellow knife to left edge of counter below crescent roll,"Relocate the yellow knife to the left boundary of the counter, just below the crescent roll"
Move the yellow knife to left edge of counter below crescent roll,"Transfer the yellow knife to the left edge of the counter, below the crescent roll"
Move the yellow knife to left edge of counter below crescent roll,"Adjust the position of the yellow knife to the leftmost part of the counter, beneath the crescent roll"
Move the yellow knife to left edge of counter below crescent roll,"Transfer the yellow knife to the left side of the counter, right underneath the crescent roll"
Move the yellow knife to left edge of counter below crescent roll,"Relocate the yellow knife to the left edge of the counter, below the crescent roll"
Move the yellow knife to left edge of counter below crescent roll,"Place the yellow knife on the left edge of the counter, underneath the crescent roll"
Move the yellow knife to left edge of counter below crescent roll,"Relocate the yellow knife to the counter's leftmost edge, directly below the crescent roll"
Move the yellow knife to left edge of counter below crescent roll,"Move the yellow knife towards the counter's left boundary, positioned below the crescent roll"
Move the yellow knife to left edge of counter below crescent roll,"Adjust the yellow knife to the leftmost part of the counter, positioned beneath the crescent roll"
Move the yellow knife to left edge of counter below crescent roll,"Relocate the yellow knife to the left edge of the counter, just below the crescent roll"
Move the yellow knife to left edge of counter below crescent roll,"Relocate the yellow knife to the counter's left edge, situated beneath the crescent roll"
Move the yellow knife to left edge of counter below crescent roll,"Position the yellow knife on the left edge of the counter, just beneath the crescent roll"
Move the yellow knife to left edge of counter below crescent roll,"Transfer the yellow knife to the counter's leftmost position, just beneath the crescent roll"
Move the yellow knife to left edge of counter below crescent roll,"Transfer the yellow knife to the left edge of the counter, positioned beneath the crescent roll"
Move the yellow knife to left edge of counter below crescent roll,"Slide the yellow knife to the counter's left side, below the crescent roll"
Move the yellow knife to left edge of counter below crescent roll,"Place the yellow knife on the left side of the counter, below the crescent roll"
Move the yellow knife to left edge of counter below crescent roll,"Slide the yellow knife to the left boundary of the counter, situated beneath the crescent roll"
Move the yellow knife to left edge of counter below crescent roll,"Shift the yellow knife to the counter's leftmost corner, just below the crescent roll"
Move the yellow knife to left edge of counter below crescent roll,"Slide the yellow knife to the counter's leftmost edge, directly below the crescent roll"
Move the bowl onto the back edge of the orange napkin.,Position the bowl towards the end of the orange napkin that is farthest away
Move the bowl onto the back edge of the orange napkin.,Move the bowl to the posterior edge of the orange napkin
Move the bowl onto the back edge of the orange napkin.,Shift the bowl to the back edge of the orange napkin
Move the bowl onto the back edge of the orange napkin.,Place the bowl onto the backside of the orange napkin
Move the bowl onto the back edge of the orange napkin.,Position the bowl on the rear edge of the orange napkin
Move the bowl onto the back edge of the orange napkin.,Settle the bowl on the rear edge of the orange napkin
Move the bowl onto the back edge of the orange napkin.,Shift the bowl onto the orange napkin's backmost edge
Move the bowl onto the back edge of the orange napkin.,Place the bowl on the edge of the orange napkin farthest from you
Move the bowl onto the back edge of the orange napkin.,Transfer the bowl to the backside of the orange napkin
Move the bowl onto the back edge of the orange napkin.,Move the bowl to the opposite end of the orange napkin
Move the bowl onto the back edge of the orange napkin.,Settle the bowl on the backmost part of the orange napkin
Move the bowl onto the back edge of the orange napkin.,Shift the bowl to the opposite side of the orange napkin
Move the bowl onto the back edge of the orange napkin.,Place the bowl towards the rear of the orange napkin
Move the bowl onto the back edge of the orange napkin.,Shift the bowl to the backmost part of the orange napkin
Move the bowl onto the back edge of the orange napkin.,Position the bowl at the back edge of the orange napkin
Move the bowl onto the back edge of the orange napkin.,Slide the bowl to the opposite side of the orange napkin
Move the bowl onto the back edge of the orange napkin.,Place the bowl towards the back of the orange napkin
Move the bowl onto the back edge of the orange napkin.,Place the bowl towards the back edge of the orange napkin
Move the bowl onto the back edge of the orange napkin.,Position the bowl on the back edge of the orange napkin
Move the bowl onto the back edge of the orange napkin.,Move the bowl so that it rests on the back edge of the orange napkin
Move the bowl onto the back edge of the orange napkin.,Transfer the bowl to the back edge of the orange napkin
Move the bowl onto the back edge of the orange napkin.,Arrange the bowl so that it sits on the back edge of the orange napkin
Move the bowl onto the back edge of the orange napkin.,Transfer the bowl to the far end of the orange napkin
Move the bowl onto the back edge of the orange napkin.,Slide the bowl to the back of the orange napkin
Move the bowl onto the back edge of the orange napkin.,Move the bowl to the far end of the orange napkin
Move the bowl onto the back edge of the orange napkin.,Slide the bowl to the backmost part of the orange napkin
Move the bowl onto the back edge of the orange napkin.,Move the bowl so that it rests on the orange napkin's back edge
Move the bowl onto the back edge of the orange napkin.,Transfer the bowl onto the orange napkin's back edge
Move the bowl onto the back edge of the orange napkin.,Position the bowl at the rear edge of the orange napkin
Move the bowl onto the back edge of the orange napkin.,Place the bowl at the rear of the orange napkin
Move the bowl onto the back edge of the orange napkin.,Slide the bowl towards the back edge of the orange napkin
Move the bowl onto the back edge of the orange napkin.,Adjust the bowl to the farthest point of the orange napkin
Move the bowl onto the back edge of the orange napkin.,Slide the bowl to the rearmost part of the orange napkin
Move the bowl onto the back edge of the orange napkin.,Slide the bowl to the backside of the orange napkin
Move the bowl onto the back edge of the orange napkin.,Move the bowl to the back edge of the orange napkin's surface
Move the bowl onto the back edge of the orange napkin.,Slide the bowl onto the rear boundary of the orange napkin
Move the bowl onto the back edge of the orange napkin.,Position the bowl onto the rear side of the orange napkin
Move the bowl onto the back edge of the orange napkin.,Settle the bowl on the back boundary of the orange napkin
Move the bowl onto the back edge of the orange napkin.,Place the bowl at the rear edge of the orange napkin
Move the bowl onto the back edge of the orange napkin.,Position the bowl on the far end of the orange napkin
Move the bowl onto the back edge of the orange napkin.,Position the bowl at the farthest edge of the orange napkin
Move the bowl onto the back edge of the orange napkin.,Shift the bowl towards the back edge of the orange napkin
Put a napkin  in between the mushroom and the pot.,"Place a napkin between the mushroom and the pot, ensuring it separates them"
Put a napkin  in between the mushroom and the pot.,Position a napkin as a barrier between the mushroom and the pot
Put a napkin  in between the mushroom and the pot.,Wedge a napkin in between the mushroom and the pot
Put a napkin  in between the mushroom and the pot.,Place a napkin to separate the mushroom and the pot
Put a napkin  in between the mushroom and the pot.,"Place a napkin between the mushroom and the pot, ensuring it is centered"
Put a napkin  in between the mushroom and the pot.,Introduce a napkin between the mushroom and the pot
Put a napkin  in between the mushroom and the pot.,Arrange a napkin between the mushroom and the pot
Put a napkin  in between the mushroom and the pot.,Place a napkin between the mushroom and the pot
Put a napkin  in between the mushroom and the pot.,Secure a napkin between the mushroom and the pot
Put a napkin  in between the mushroom and the pot.,Insert a napkin between the mushroom and the pot
Put a napkin  in between the mushroom and the pot.,Interpose a napkin between the mushroom and the pot
Put a napkin  in between the mushroom and the pot.,Set a napkin between the mushroom and the pot
Put a napkin  in between the mushroom and the pot.,Position a napkin in between the mushroom and the pot
Put a napkin  in between the mushroom and the pot.,Place a napkin in the gap between the mushroom and the pot
Put a napkin  in between the mushroom and the pot.,Tuck a napkin between the mushroom and the pot
Put a napkin  in between the mushroom and the pot.,Insert a napkin to create a division between the mushroom and the pot
Put a napkin  in between the mushroom and the pot.,Set a napkin to keep the mushroom and the pot apart
Put a napkin  in between the mushroom and the pot.,Slide a napkin between the mushroom and the pot
Put a napkin  in between the mushroom and the pot.,Secure a napkin in between the mushroom and the pot
Move the mushroom towards upper right corner of counter.,Guide the mushroom towards the counter's upper right corner
Move the mushroom towards upper right corner of counter.,Direct the mushroom to the upper right corner of the counter
Move the mushroom towards upper right corner of counter.,Carry the mushroom towards the top right corner of the counter
Move the mushroom towards upper right corner of counter.,Order the robot to transfer the mushroom to the upper right corner of the counter
Move the mushroom towards upper right corner of counter.,Command the mushroom to move to the upper right corner of the counter
Move the mushroom towards upper right corner of counter.,Transfer the mushroom to the counter's top right corner
Move the mushroom towards upper right corner of counter.,Navigate the mushroom towards the top right corner of the counter
Move the mushroom towards upper right corner of counter.,Shift the mushroom towards the upper right corner of the counter
Move the mushroom towards upper right corner of counter.,Navigate the mushroom to the counter's upper right corner
Move the mushroom towards upper right corner of counter.,Guide the mushroom towards the top right corner of the counter
Move the mushroom towards upper right corner of counter.,Carry the mushroom to the counter's upper right corner
Move the mushroom towards upper right corner of counter.,Maneuver the mushroom towards the counter's upper right corner
Move the mushroom towards upper right corner of counter.,Instruct the robot to relocate the mushroom to the upper right corner of the counter
Move the mushroom towards upper right corner of counter.,Instruct the robot to place the mushroom in the upper right corner of the counter
Move the mushroom towards upper right corner of counter.,Maneuver the mushroom to the top right corner of the counter
Move the mushroom towards upper right corner of counter.,Slide the mushroom to the top right corner of the counter
Move the mushroom towards upper right corner of counter.,Shift the mushroom towards the top right corner of the counter
Move the mushroom towards upper right corner of counter.,Direct the mushroom towards the counter's upper right corner
Move the mushroom towards upper right corner of counter.,Instruct the mushroom to move towards the upper right corner of the counter
Move the mushroom towards upper right corner of counter.,Command the mushroom to relocate to the upper right corner of the counter
Move the mushroom towards upper right corner of counter.,Guide the mushroom in the direction of the upper right corner of the counter
Move the mushroom towards upper right corner of counter.,Advise the mushroom to position itself in the upper right corner of the counter
Move the mushroom towards upper right corner of counter.,Tell the robot to position the mushroom in the upper right corner of the counter
Move the mushroom towards upper right corner of counter.,Transfer the mushroom to the counter's upper right corner
Move the mushroom towards upper right corner of counter.,Instruct the mushroom to head towards the upper right corner of the counter
Move the mushroom towards upper right corner of counter.,Position the mushroom in the upper right corner of the counter
Move the mushroom towards upper right corner of counter.,Maneuver the mushroom towards the upper right corner of the counter
Move the mushroom towards upper right corner of counter.,Tell the robot to position the mushroom in the counter's upper right corner
Move the mushroom towards upper right corner of counter.,Guide the robot to shift the mushroom towards the counter's upper right corner
Move the mushroom towards upper right corner of counter.,Position the mushroom at the upper right corner of the counter
Move the mushroom towards upper right corner of counter.,Settle the mushroom at the upper right corner of the counter
Move the mushroom towards upper right corner of counter.,Command the robot to move the mushroom towards the counter's upper right corner
Move the mushroom towards upper right corner of counter.,Command the robot to move the mushroom towards the upper right corner of the counter space
Move the mushroom towards upper right corner of counter.,Transfer the mushroom to the upper right corner of the counter
Move the mushroom towards upper right corner of counter.,Place the mushroom in the upper right corner of the counter
Move the mushroom towards upper right corner of counter.,Guide the mushroom to the upper right corner of the counter
Move the mushroom towards upper right corner of counter.,Direct the robot to shift the mushroom towards the upper right corner of the counter
Move the mushroom towards upper right corner of counter.,Tell the mushroom to shift towards the upper right corner of the counter
Move the mushroom towards upper right corner of counter.,Order the robot to transfer the mushroom to the counter's upper right corner
Move the mushroom towards upper right corner of counter.,Order the mushroom to make its way to the upper right corner of the counter
Move the mushroom towards upper right corner of counter.,Navigate the mushroom towards the upper right corner of the counter
Move the mushroom towards upper right corner of counter.,Propel the mushroom towards the counter's upper right corner
grabbed a green round object from the bottom left and moved it onto the right burner,Secure a green circular item from the bottom left and place it onto the burner located on the right side
grabbed a green round object from the bottom left and moved it onto the right burner,Capture the round object in green from the bottom left and proceed to move it onto the burner positioned on the right-hand side
grabbed a green round object from the bottom left and moved it onto the right burner,Capture a round object that is green in color from the bottom left and place it onto the burner situated on the right side
grabbed a green round object from the bottom left and moved it onto the right burner,Grasp a green round entity positioned at the bottom left and transport it to the burner on the right-hand side
grabbed a green round object from the bottom left and moved it onto the right burner,"Secure a round object, colored green, from the lower left area and relocate it onto the burner situated on the right side"
grabbed a green round object from the bottom left and moved it onto the right burner,Obtain a round object colored green from the bottom left corner and transfer it to the burner on the right side
grabbed a green round object from the bottom left and moved it onto the right burner,Take possession of a green round item located at the bottom left and transfer it onto the burner positioned on the right side
grabbed a green round object from the bottom left and moved it onto the right burner,Securely hold the green round item located at the bottom left and transport it to the burner positioned on the right side
grabbed a green round object from the bottom left and moved it onto the right burner,Grasp the round object in green situated at the bottom left and relocate it onto the burner positioned on the right
grabbed a green round object from the bottom left and moved it onto the right burner,"Grasp an object, round in shape and colored green, from the bottom left and relocate it onto the burner situated on the right"
grabbed a green round object from the bottom left and moved it onto the right burner,Take possession of the green circular item situated at the bottom left and transfer it to the burner on the right
grabbed a green round object from the bottom left and moved it onto the right burner,Grasp a green circular item from the bottom left and place it onto the burner located on the right side
grabbed a green round object from the bottom left and moved it onto the right burner,Securely grasp a green round item from the bottom left and move it onto the burner positioned on the right
grabbed a green round object from the bottom left and moved it onto the right burner,Acquire the circular green object from the bottom left and proceed to place it onto the burner situated on the right
grabbed a green round object from the bottom left and moved it onto the right burner,"Acquire a round, green item from the lower left corner and move it onto the burner positioned on the right side"
grabbed a green round object from the bottom left and moved it onto the right burner,"Grapple a green, circular entity located at the bottom left and relocate it onto the right burner"
grabbed a green round object from the bottom left and moved it onto the right burner,Take hold of a circular green item located at the bottom left and transfer it onto the burner positioned on the right side
grabbed a green round object from the bottom left and moved it onto the right burner,"Acquire the circular object that is green in color from the bottom left area, then proceed to place it onto the burner located on the right"
grabbed a green round object from the bottom left and moved it onto the right burner,Grapple the round green object from the bottom left and proceed to place it onto the right burner
grabbed a green round object from the bottom left and moved it onto the right burner,Seize a circular object that is green in color from the bottom left and shift it onto the burner located on the right
grabbed a green round object from the bottom left and moved it onto the right burner,Grasp the round object that is green in color from the bottom left corner and proceed to place it onto the burner positioned on the right side
grabbed a green round object from the bottom left and moved it onto the right burner,Acquire the circular green object from the bottom left area and proceed to move it onto the burner situated on the right side
grabbed a green round object from the bottom left and moved it onto the right burner,Capture a green round item situated at the bottom left and move it to the burner on the right side
grabbed a green round object from the bottom left and moved it onto the right burner,Securely seize the green round item from the bottom left and transport it to the burner located on the right side
grabbed a green round object from the bottom left and moved it onto the right burner,"Take possession of a green, circular object from the bottom left area and transfer it to the burner on the right-hand side"
grabbed a green round object from the bottom left and moved it onto the right burner,Acquire a round object that is green from the bottom left and shift it onto the right burner
grabbed a green round object from the bottom left and moved it onto the right burner,Obtain a circular object colored green from the bottom left and transfer it to the right burner
grabbed a green round object from the bottom left and moved it onto the right burner,Seize a round object that is green in color from the lower left area and place it onto the burner positioned on the right side
grabbed a green round object from the bottom left and moved it onto the right burner,Securely hold the green round item from the bottom left and transport it to the burner on the right-hand side
grabbed a green round object from the bottom left and moved it onto the right burner,Take possession of a round green item from the bottom left and place it onto the burner positioned on the right side
grabbed a green round object from the bottom left and moved it onto the right burner,Grasp an object that is both round and green from the bottom left and transport it to the burner positioned on the right
grabbed a green round object from the bottom left and moved it onto the right burner,Seize a round object that is green in color from the lower left area and relocate it onto the burner situated on the right side
grabbed a green round object from the bottom left and moved it onto the right burner,Seize the circular object in green from the bottom left and carefully move it onto the burner situated on the right
grabbed a green round object from the bottom left and moved it onto the right burner,"Capture the round object located at the bottom left, which is green in color, and transfer it onto the burner positioned on the right side"
grabbed a green round object from the bottom left and moved it onto the right burner,Take hold of a circular green item located at the bottom left and transfer it to the burner on the right side
grabbed a green round object from the bottom left and moved it onto the right burner,Obtain the round object in green from the bottom left and carefully move it onto the burner positioned on the right side
grabbed a green round object from the bottom left and moved it onto the right burner,Snatch a green object that is round in shape from the bottom left and relocate it onto the burner situated on the right
grabbed a green round object from the bottom left and moved it onto the right burner,Securely seize the green round item from the bottom left and transport it to the burner on the right-hand side
grabbed a green round object from the bottom left and moved it onto the right burner,Securely hold a green round object from the bottom left and transport it to the burner located on the right side
grabbed a green round object from the bottom left and moved it onto the right burner,Secure a green circular item from the bottom left and transport it to the burner located on the right side
grabbed a green round object from the bottom left and moved it onto the right burner,Take possession of the green circular item situated at the bottom left and transfer it to the burner located on the right side
grabbed a green round object from the bottom left and moved it onto the right burner,Clasp a circular object that is colored green from the lower left area and relocate it onto the burner situated on the right side
grabbed a green round object from the bottom left and moved it onto the right burner,Grasp the round object in green situated at the lower left corner and relocate it onto the burner positioned on the right side
grabbed a green round object from the bottom left and moved it onto the right burner,Acquire a round object of green hue from the bottom left and shift it onto the burner situated on the right
grabbed a green round object from the bottom left and moved it onto the right burner,Capture the green round item positioned at the bottom left and transfer it onto the burner located on the right-hand side
grabbed a green round object from the bottom left and moved it onto the right burner,Seize an object that is both round and green from the bottom left and transport it to the burner positioned on the right
Move the blue spoon to in front of and to the right of the purple eggplant.,Place the blue spoon in a location that is to the right and in front of the purple eggplant
Move the blue spoon to in front of and to the right of the purple eggplant.,Shift the blue spoon to the right side and in front of the purple eggplant
Move the blue spoon to in front of and to the right of the purple eggplant.,"Relocate the blue spoon so that it is positioned in front of the purple eggplant, slightly to the right"
Move the blue spoon to in front of and to the right of the purple eggplant.,Adjust the blue spoon's position to be in front of and slightly to the right of the purple eggplant
Move the blue spoon to in front of and to the right of the purple eggplant.,Displace the blue spoon to a location directly in front and to the right of the purple eggplant
Move the blue spoon to in front of and to the right of the purple eggplant.,Relocate the blue spoon so that it is positioned in front of and to the right of the purple eggplant
Move the blue spoon to in front of and to the right of the purple eggplant.,Move the blue spoon so that it is placed in front of the purple eggplant and slightly to the right
Move the blue spoon to in front of and to the right of the purple eggplant.,Adjust the blue spoon's position so that it is both in front of and to the right of the purple eggplant
Move the blue spoon to in front of and to the right of the purple eggplant.,Shift the blue spoon so that it is in front of and to the right side of the purple eggplant
Move the blue spoon to in front of and to the right of the purple eggplant.,Relocate the blue spoon to a position directly in front and to the right of the purple eggplant
Move the blue spoon to in front of and to the right of the purple eggplant.,Transfer the blue spoon to a spot that is both in front of and to the right of the purple eggplant
Move the blue spoon to in front of and to the right of the purple eggplant.,Relocate the blue spoon to a spot positioned to the right and in front of the purple eggplant
Move the blue spoon to in front of and to the right of the purple eggplant.,Place the blue spoon to the right and in front of the purple eggplant
Move the blue spoon to in front of and to the right of the purple eggplant.,Move the blue spoon to a position that is to the right and in front of the purple eggplant
Move the blue spoon to in front of and to the right of the purple eggplant.,Place the blue spoon in front of and to the right of the purple eggplant
Move the blue spoon to in front of and to the right of the purple eggplant.,Shift the blue spoon's position to be in front of and to the right of the purple eggplant
Move the blue spoon to in front of and to the right of the purple eggplant.,Shift the blue spoon to a spot that is both in front of and to the right of the purple eggplant
Move the blue spoon to in front of and to the right of the purple eggplant.,Move the blue spoon to a spot that is both in front of and to the right of the purple eggplant
Move the blue spoon to in front of and to the right of the purple eggplant.,Shift the blue spoon to a spot in front of and to the right side of the purple eggplant
Move the blue spoon to in front of and to the right of the purple eggplant.,Move the blue spoon so that it is positioned in front of and to the right of the purple eggplant
Move the blue spoon to in front of and to the right of the purple eggplant.,Reallocate the blue spoon so that it is positioned in front of and to the right of the purple eggplant
Move the blue spoon to in front of and to the right of the purple eggplant.,Relocate the blue spoon to a position in front of and slightly to the right of the purple eggplant
Move the blue spoon to in front of and to the right of the purple eggplant.,Adjust the position of the blue spoon so that it is in front of and to the right of the purple eggplant
Move the blue spoon to in front of and to the right of the purple eggplant.,Relocate the blue spoon to a position directly in front of and slightly to the right of the purple eggplant
Move the blue spoon to in front of and to the right of the purple eggplant.,Adjust the position of the blue spoon to be in front of and to the right of the purple eggplant
Move the blue spoon to in front of and to the right of the purple eggplant.,Shift the blue spoon to a point that is both in front of and to the right of the purple eggplant
Move the blue spoon to in front of and to the right of the purple eggplant.,Relocate the blue spoon to a position directly in front and slightly to the right of the purple eggplant
Move the blue spoon to in front of and to the right of the purple eggplant.,Adjust the blue spoon's position to be in front of and to the right of the purple eggplant
Move the blue spoon to in front of and to the right of the purple eggplant.,Move the blue spoon so that it is positioned to the right and in front of the purple eggplant
Move the blue spoon to in front of and to the right of the purple eggplant.,Move the blue spoon to a spot that is to the right and in front of the purple eggplant
Move the blue spoon to in front of and to the right of the purple eggplant.,"Place the blue spoon in front of the purple eggplant, with a slight rightward shift"
Move the blue spoon to in front of and to the right of the purple eggplant.,Transfer the blue spoon to a location that is both in front of and to the right of the purple eggplant
Move the blue spoon to in front of and to the right of the purple eggplant.,"Position the blue spoon in front of the purple eggplant, slightly to the right"
Move the blue spoon to in front of and to the right of the purple eggplant.,Move the blue spoon to a spot in front of and to the right of the purple eggplant
Move the blue spoon to in front of and to the right of the purple eggplant.,Adjust the position of the blue spoon to be both in front of and to the right of the purple eggplant
Move the blue spoon to in front of and to the right of the purple eggplant.,"Shift the blue spoon to the right side of the purple eggplant, while keeping it in front"
Move the blue spoon to in front of and to the right of the purple eggplant.,Move the blue spoon to a location directly in front and slightly to the right of the purple eggplant
Move the blue spoon to in front of and to the right of the purple eggplant.,Place the blue spoon in front of the purple eggplant and to its right side
Move the blue spoon to in front of and to the right of the purple eggplant.,"Place the blue spoon in front of the purple eggplant, slightly to the right side"
Put the pan below the purple cloth,Arrange the pan beneath the purple fabric piece
Put the pan below the purple cloth,Position the pan beneath the cloth that is purple
Put the pan below the purple cloth,Set the pan underneath the purple textile material
Put the pan below the purple cloth,Position the pan underneath the purple covering
Put the pan below the purple cloth,Position the pan beneath the purple-colored textile
Put the pan below the purple cloth,Place the pan below the cloth that is in a shade of purple
Put the pan below the purple cloth,Position the pan beneath the cloth that is dyed purple
Put the pan below the purple cloth,Position the pan beneath the purple fabric
Put the pan below the purple cloth,Place the pan below the purple-colored cloth
Put the pan below the purple cloth,Place the pan beneath the cloth that is colored purple
Put the pan below the purple cloth,Place the pan below the purple cloth item
Put the pan below the purple cloth,Position the pan beneath the fabric that is of a purple shade
Put the pan below the purple cloth,Position the pan underneath the purple fabric
Put the pan below the purple cloth,Arrange the pan below the purple-colored material
Put the pan below the purple cloth,Arrange the pan below the purple-colored textile
Put the pan below the purple cloth,Place the pan below the cloth that is dyed in purple
Put the pan below the purple cloth,Set the pan underneath the cloth that is of a purple shade
Put the pan below the purple cloth,Set the pan underneath the fabric of a purple shade
Put the pan below the purple cloth,Arrange the pan below the purple fabric covering
Put the pan below the purple cloth,Set the pan underneath the purple-colored material
Put the pan below the purple cloth,Set the pan underneath the purple-colored textile
Put the pan below the purple cloth,Arrange the pan underneath the purple textile
Put the pan below the purple cloth,Arrange the pan below the cloth that is of a purple hue
Put the pan below the purple cloth,Arrange the pan beneath the fabric that is purple in color
Put the pan below the purple cloth,Place the pan below the cloth that is colored purple
Put the pan below the purple cloth,Arrange the pan beneath the purple-colored fabric
Put the pan below the purple cloth,Set the pan below the purple material
Put the pan below the purple cloth,Position the pan underneath the cloth of a purple hue
Put the pan below the purple cloth,Position the pan beneath the fabric that is dyed purple
Put the pan below the purple cloth,Arrange the pan below the fabric of a purple tint
Put the pan below the purple cloth,Place the pan beneath the cloth of a purple hue
Put the pan below the purple cloth,Arrange the pan beneath the purple textile
Put the pan below the purple cloth,Position the pan underneath the cloth that is of a purple hue
Put the pan below the purple cloth,Place the pan beneath the cloth that is purple in color
Move the pan to the bottom edge,Position the pan at the lower edge
Move the pan to the bottom edge,Transfer the pan to the edge that is closest to the bottom
Move the pan to the bottom edge,Shift the pan to the edge at the bottom
Move the pan to the bottom edge,Transfer the pan to the bottommost part
Move the pan to the bottom edge,Relocate the pan to the edge closest to the bottom
Move the pan to the bottom edge,Shift the pan to the lowermost edge
Move the pan to the bottom edge,Adjust the pan to the bottommost edge
Move the pan to the bottom edge,Take the pan and place it at the bottom edge
Move the pan to the bottom edge,Slide the pan down to the bottom edge
Move the pan to the bottom edge,Place the pan on the edge that is at the bottom
Move the pan to the bottom edge,Relocate the pan to the lowermost edge
Move the pan to the bottom edge,Adjust the pan to the edge positioned at the bottom
Move the pan to the bottom edge,Place the pan towards the bottom edge
Move the pan to the bottom edge,Relocate the pan to the bottom edge
Move the pan to the bottom edge,Transfer the pan to the lowermost edge
Move the pan to the bottom edge,Move the pan so that it rests at the bottom edge
Move the pan to the bottom edge,Shift the pan downwards to the edge
Move the pan to the bottom edge,Shift the pan towards the bottom edge
Move the pan to the bottom edge,Transfer the pan to the bottommost edge
Move the pan to the bottom edge,Relocate the pan to the edge positioned at the bottom
Move the pan to the bottom edge,Maneuver the pan to the lowermost edge
Move the pan to the bottom edge,Move the pan down to the edge
Move the pan to the bottom edge,Adjust the pan to the bottom edge
Move the pan to the bottom edge,Adjust the pan's position to the edge at the bottom
Move the pan to the bottom edge,Position the pan at the bottom edge
Move the pan to the bottom edge,Place the pan at the edge located at the bottom
Move the pan to the bottom edge,Shift the pan so that it rests on the bottom edge
Move the pan to the bottom edge,Move the pan towards the lower edge
Move the pan to the bottom edge,Move the pan downwards to the edge
Move the pan to the bottom edge,Shift the pan to the bottommost edge
Move the pan to the bottom edge,Place the pan in proximity to the bottom edge
Move the pan to the bottom edge,Place the pan at the bottommost edge
Move the pan to the bottom edge,Shift the pan downwards to the bottom edge
Move the pan to the bottom edge,Relocate the pan to the lower boundary
Move the pan to the bottom edge,Adjust the pan to the edge at the bottom
Move the pan to the bottom edge,Place the pan at the base edge
Move the pan to the bottom edge,Shift the pan downwards until it reaches the bottom edge
Move the pan to the bottom edge,Slide the pan to the lowermost edge
Move the pan to the bottom edge,Transfer the pan to the edge located at the bottom
Move the pan to the bottom edge,Shift the pan downwards to the edge at the bottom
Move the pan to the bottom edge,Move the pan towards the bottom edge
Move the pan to the bottom edge,Place the pan at the lower edge
Move the pan to the bottom edge,Place the pan at the bottom edge
Move the bottom so the handle touches the red spoon.,Maneuver the bottom until the handle meets the red spoon
Move the bottom so the handle touches the red spoon.,Shift the bottom until the handle connects with the red spoon
Move the bottom so the handle touches the red spoon.,Arrange the base to ensure the handle connects with the red spoon
Move the bottom so the handle touches the red spoon.,Modify the bottom to ensure the handle touches the red spoon
Move the bottom so the handle touches the red spoon.,Adjust the base until the handle makes contact with the red spoon
Move the bottom so the handle touches the red spoon.,Arrange the bottom so that the handle comes into contact with the red spoon
Move the bottom so the handle touches the red spoon.,Orient the base so that the handle meets the red spoon
Move the bottom so the handle touches the red spoon.,Set the base so that the handle meets the red spoon
Move the bottom so the handle touches the red spoon.,Rearrange the bottom to ensure the handle makes contact with the red spoon
Move the bottom so the handle touches the red spoon.,Shift the bottom part until the handle reaches the red spoon
Move the bottom so the handle touches the red spoon.,Position the bottom in a way that the handle touches the red spoon
Move the bottom so the handle touches the red spoon.,Align the bottom so that the handle connects with the red spoon
Move the bottom so the handle touches the red spoon.,Align the base so that the handle connects with the red spoon
Move the bottom so the handle touches the red spoon.,Arrange the base so that the handle comes in contact with the red spoon
Move the bottom so the handle touches the red spoon.,Shift the base until the handle touches the red spoon
Move the bottom so the handle touches the red spoon.,Place the base in a manner that the handle makes contact with the red spoon
Move the bottom so the handle touches the red spoon.,Set the bottom in motion until the handle touches the red spoon
Move the bottom so the handle touches the red spoon.,Maneuver the bottom until the handle reaches the red spoon
Move the bottom so the handle touches the red spoon.,Shift the bottom until the handle meets the red spoon
Move the bottom so the handle touches the red spoon.,Rearrange the bottom until the handle touches the red spoon
Move the bottom so the handle touches the red spoon.,Align the base so that the handle touches the red spoon
Move the bottom so the handle touches the red spoon.,Position the bottom in a way that the handle comes into contact with the red spoon
Move the bottom so the handle touches the red spoon.,Set the bottom in a way that the handle touches the red spoon
Move the bottom so the handle touches the red spoon.,Align the bottom so that the handle comes into contact with the red spoon
Move the bottom so the handle touches the red spoon.,Orient the base so that the handle comes in contact with the red spoon
Move the bottom so the handle touches the red spoon.,Adjust the base to make sure the handle comes into contact with the red spoon
Move the bottom so the handle touches the red spoon.,Align the base so that the handle makes contact with the red spoon
Move the bottom so the handle touches the red spoon.,Set the bottom in a way that the handle connects with the red spoon
Move the bottom so the handle touches the red spoon.,Arrange the base so that the handle connects with the red spoon
Move the bottom so the handle touches the red spoon.,Orient the base until the handle reaches the red spoon
Move the bottom so the handle touches the red spoon.,Place the base in a manner that the handle meets the red spoon
Move the bottom so the handle touches the red spoon.,Place the bottom in such a manner that the handle comes into contact with the red spoon
Move the bottom so the handle touches the red spoon.,Rearrange the lower section to ensure the handle connects with the red spoon
Move the bottom so the handle touches the red spoon.,Arrange the base so that the handle makes contact with the red spoon
Move the bottom so the handle touches the red spoon.,Shift the bottom until the handle reaches the red spoon
Move the bottom so the handle touches the red spoon.,Orient the base so that the handle makes contact with the red spoon
Move the bottom so the handle touches the red spoon.,Position the base in a way that the handle makes contact with the red spoon
Move the bottom so the handle touches the red spoon.,Modify the lower part until the handle meets the red spoon
Move the bottom so the handle touches the red spoon.,Maneuver the lower section to ensure the handle touches the red spoon
Move the bottom so the handle touches the red spoon.,Maneuver the bottom to ensure the handle meets the red spoon
move vessel little bit right,Gently steer the vessel towards the right
move vessel little bit right,Slightly reposition the vessel towards the right
move vessel little bit right,Gently push the vessel to the right
move vessel little bit right,Adjust the vessel's position slightly to the right
move vessel little bit right,Shift the vessel a tad towards the right
move vessel little bit right,Slide the vessel a bit to the right
move vessel little bit right,Maneuver the vessel slightly towards the right
move vessel little bit right,Nudge the vessel a bit in the rightward direction
move vessel little bit right,Give the vessel a small push to the right
move vessel little bit right,Give the vessel a gentle push towards the right
move vessel little bit right,Give the vessel a small rightward movement
move vessel little bit right,Tilt the vessel slightly in the right direction
move vessel little bit right,Slightly veer the vessel towards the right
move vessel little bit right,Gently steer the vessel to the right by a small amount
move vessel little bit right,Move the vessel a small distance to the right
move vessel little bit right,Give the vessel a slight rightward movement
move vessel little bit right,Give the vessel a gentle push to the right
move vessel little bit right,Maneuver the vessel a little to the right
move vessel little bit right,Nudge the vessel a bit in the right direction
move vessel little bit right,Gently shift the vessel to the right
move vessel little bit right,Nudge the vessel slightly in the right direction
move vessel little bit right,Slide the vessel a little to the right
move vessel little bit right,Adjust the position of the vessel slightly to the right
move vessel little bit right,Move the vessel a smidgen to the right
move vessel little bit right,Tilt the vessel a little to the right
move vessel little bit right,Nudge the vessel a bit to the right
move vessel little bit right,Maneuver the vessel slightly to the right
move vessel little bit right,Inch the vessel to the right
move vessel little bit right,"Make a slight adjustment to the vessel's position, moving it to the right"
move vessel little bit right,Offset the vessel by a small amount to the right
move vessel little bit right,Slightly adjust the vessel's position to the right
move vessel little bit right,Slightly veer the vessel to the right
move vessel little bit right,Inch the vessel towards the right side
move vessel little bit right,Slide the vessel a touch to the right
PICK THE VESSEL AND PLACE IT ON  TABLE,Secure the vessel and place it onto the table
PICK THE VESSEL AND PLACE IT ON  TABLE,Identify the container and place it onto the table
PICK THE VESSEL AND PLACE IT ON  TABLE,Hand over the vessel and place it on the table's surface
PICK THE VESSEL AND PLACE IT ON  TABLE,Secure the chosen vessel onto the table
PICK THE VESSEL AND PLACE IT ON  TABLE,Handpick the vessel and carefully position it on the table
PICK THE VESSEL AND PLACE IT ON  TABLE,Retrieve the vessel and place it onto the table surface
PICK THE VESSEL AND PLACE IT ON  TABLE,Retrieve the container and place it on the table
PICK THE VESSEL AND PLACE IT ON  TABLE,Choose the vessel and set it down on the table
PICK THE VESSEL AND PLACE IT ON  TABLE,Handpick the vessel and position it on the table
PICK THE VESSEL AND PLACE IT ON  TABLE,Opt for the vessel and relocate it onto the table
PICK THE VESSEL AND PLACE IT ON  TABLE,Lift the vessel and position it on the table
PICK THE VESSEL AND PLACE IT ON  TABLE,Collect the container and place it onto the table
PICK THE VESSEL AND PLACE IT ON  TABLE,Grasp the vessel and carefully place it on the table
PICK THE VESSEL AND PLACE IT ON  TABLE,Handpick the container and position it on the table
PICK THE VESSEL AND PLACE IT ON  TABLE,Take the vessel and place it onto the table
PICK THE VESSEL AND PLACE IT ON  TABLE,Collect the vessel and carefully lay it on the table
PICK THE VESSEL AND PLACE IT ON  TABLE,Take the container and set it down on the table
PICK THE VESSEL AND PLACE IT ON  TABLE,Take hold of the chosen vessel and carefully set it down on the table
PICK THE VESSEL AND PLACE IT ON  TABLE,Acquire the container and position it on the table
PICK THE VESSEL AND PLACE IT ON  TABLE,Choose the vessel and transfer it onto the table
PICK THE VESSEL AND PLACE IT ON  TABLE,Retrieve the vessel and carefully place it on the table
PICK THE VESSEL AND PLACE IT ON  TABLE,Opt for the container and deposit it onto the table
PICK THE VESSEL AND PLACE IT ON  TABLE,Choose the vessel and carefully set it down on the table
PICK THE VESSEL AND PLACE IT ON  TABLE,Determine the vessel and place it on the table
PICK THE VESSEL AND PLACE IT ON  TABLE,Choose the vessel and transfer it to the table
PICK THE VESSEL AND PLACE IT ON  TABLE,Acquire the chosen vessel and carefully set it down on the table
PICK THE VESSEL AND PLACE IT ON  TABLE,Secure the chosen vessel and rest it on the table
PICK THE VESSEL AND PLACE IT ON  TABLE,Handpick the container and carefully position it on the table
PICK THE VESSEL AND PLACE IT ON  TABLE,Take the receptacle and place it onto the table
PICK THE VESSEL AND PLACE IT ON  TABLE,Hand-select the container and position it onto the table
PICK THE VESSEL AND PLACE IT ON  TABLE,Secure the container and place it on the table
PICK THE VESSEL AND PLACE IT ON  TABLE,Retrieve the container and place it on the tabletop
PICK THE VESSEL AND PLACE IT ON  TABLE,Identify the vessel and place it on the table in a suitable manner
PICK THE VESSEL AND PLACE IT ON  TABLE,Hand over the receptacle and position it on the table
PICK THE VESSEL AND PLACE IT ON  TABLE,Elect the vessel and place it down on the table
PICK THE VESSEL AND PLACE IT ON  TABLE,Grab the container and set it down on the table
PICK THE VESSEL AND PLACE IT ON  TABLE,Hand over the vessel and position it on the table
PICK THE VESSEL AND PLACE IT ON  TABLE,Grasp the container and place it onto the tabletop
PICK THE VESSEL AND PLACE IT ON  TABLE,Opt for the container and transfer it onto the table
PICK THE VESSEL AND PLACE IT ON  TABLE,Select the container and position it onto the table
PICK THE VESSEL AND PLACE IT ON  TABLE,Take hold of the container and set it down on the table
PICK THE VESSEL AND PLACE IT ON  TABLE,Collect the container and carefully set it on the table
PICK THE VESSEL AND PLACE IT ON  TABLE,Cherry-pick the container and set it onto the table
PICK THE VESSEL AND PLACE IT ON  TABLE,Take the vessel and transfer it onto the table's surface
Move pot to space on table between spoon and mushroom.,"Transport the pot to the specific location on the table, precisely between the spoon and mushroom"
Move pot to space on table between spoon and mushroom.,"Place the pot in the area on the table, specifically between the spoon and mushroom"
Move pot to space on table between spoon and mushroom.,"Move the pot to the unoccupied space on the table, precisely positioned between the spoon and mushroom"
Move pot to space on table between spoon and mushroom.,Relocate the pot to the space on the table that lies between the spoon and mushroom
Move pot to space on table between spoon and mushroom.,"Adjust the pot's position on the table, making sure it is between the spoon and mushroom"
Move pot to space on table between spoon and mushroom.,"Adjust the pot's position on the table, moving it to the space between the spoon and mushroom"
Move pot to space on table between spoon and mushroom.,Carry the pot and place it in the space on the table that is between the spoon and mushroom
Move pot to space on table between spoon and mushroom.,Transport the pot to the position on the table that is between the spoon and mushroom
Move pot to space on table between spoon and mushroom.,"Transfer the pot to the allocated spot on the table, located between the spoon and mushroom"
Move pot to space on table between spoon and mushroom.,"Transport the pot to the designated spot on the table, which is between the spoon and mushroom"
Move pot to space on table between spoon and mushroom.,"Place the pot in the empty spot on the table, precisely amidst the spoon and mushroom"
Move pot to space on table between spoon and mushroom.,"Place the pot on the table, ensuring it is positioned between the spoon and mushroom"
Move pot to space on table between spoon and mushroom.,"Shift the pot to the assigned spot on the table, located between the spoon and mushroom"
Move pot to space on table between spoon and mushroom.,"Relocate the pot to the designated space on the table, positioned between the spoon and mushroom"
Move pot to space on table between spoon and mushroom.,"Transport the pot to the specific location on the table, between the spoon and mushroom"
Move pot to space on table between spoon and mushroom.,"Carry the pot and position it on the table, in the space between the spoon and mushroom"
Move pot to space on table between spoon and mushroom.,"Maneuver the pot to the assigned area on the table, located between the spoon and mushroom"
Move pot to space on table between spoon and mushroom.,"Shift the pot to the designated spot on the table, which is between the spoon and mushroom"
Move pot to space on table between spoon and mushroom.,"Move the pot to the specific area on the table, right between the spoon and mushroom"
Move pot to space on table between spoon and mushroom.,"Displace the pot to the designated area on the table, precisely between the spoon and mushroom"
Move pot to space on table between spoon and mushroom.,Move the pot and position it between the spoon and mushroom on the table
Move pot to space on table between spoon and mushroom.,"Reposition the pot to the area on the table, precisely amidst the spoon and mushroom"
Move pot to space on table between spoon and mushroom.,"Shift the pot to the designated space on the table, situated between the spoon and mushroom"
Move pot to space on table between spoon and mushroom.,"Displace the pot to the designated location on the table, situated between the spoon and mushroom"
Move pot to space on table between spoon and mushroom.,Relocate the pot to the area on the table that is situated between the spoon and mushroom
Move pot to space on table between spoon and mushroom.,"Move the pot to the area on the table, specifically between the spoon and mushroom"
Move pot to space on table between spoon and mushroom.,"Transport the pot and position it in the empty area on the table, specifically between the spoon and mushroom"
Move pot to space on table between spoon and mushroom.,"Transfer the pot to the vacant spot on the table, precisely between the spoon and mushroom"
Move pot to space on table between spoon and mushroom.,"Maneuver the pot to the assigned space on the table, making sure it is between the spoon and mushroom"
Move pot to space on table between spoon and mushroom.,"Shift the pot to the designated space on the table, precisely between the spoon and mushroom"
Move pot to space on table between spoon and mushroom.,"Shift the pot to the designated spot on the table, precisely between the spoon and mushroom"
Move pot to space on table between spoon and mushroom.,"Slide the pot to the desired location on the table, precisely between the spoon and mushroom"
Move pot to space on table between spoon and mushroom.,"Shift the pot to the empty spot on the table, ensuring it is situated between the spoon and mushroom"
Move pot to space on table between spoon and mushroom.,Place the pot in the area on the table that is situated between the spoon and mushroom
Move pot to space on table between spoon and mushroom.,"Slide the pot to the empty space on the table, right between the spoon and mushroom"
Move pot to space on table between spoon and mushroom.,"Place the pot in the gap on the table, aligning it with the spoon and mushroom"
Move pot to space on table between spoon and mushroom.,"Slide the pot to the desired spot on the table, which falls between the spoon and mushroom"
Move pot to space on table between spoon and mushroom.,"Slide the pot to the vacant spot on the table, specifically between the spoon and mushroom"
Move pot to space on table between spoon and mushroom.,"Transfer the pot to the vacant space on the table, ensuring it is placed between the spoon and mushroom"
Move pot to space on table between spoon and mushroom.,"Relocate the pot to the vacant spot on the table, precisely between the spoon and mushroom"
Move pot to space on table between spoon and mushroom.,"Reposition the pot to the desired spot on the table, which is between the spoon and mushroom"
Move pot to space on table between spoon and mushroom.,Carry the pot to the space on the table that lies between the spoon and mushroom
Move pot to space on table between spoon and mushroom.,"Reallocate the pot to the indicated area on the table, positioning it between the spoon and mushroom"
Move pot to space on table between spoon and mushroom.,Move the pot to the space on the table that lies between the spoon and mushroom
Move the red spoon to the left of the orange measuring cup and so that it is facing the wall on the left.,"Relocate the red spoon to the left of the orange measuring cup, positioning it to face the wall on the left"
Move the red spoon to the left of the orange measuring cup and so that it is facing the wall on the left.,"Shift the red spoon towards the left of the orange measuring cup, aligning it to face the wall on the left side"
Move the red spoon to the left of the orange measuring cup and so that it is facing the wall on the left.,"Adjust the red spoon's position to the left of the orange measuring cup, making sure it faces the left wall"
Move the red spoon to the left of the orange measuring cup and so that it is facing the wall on the left.,"Transfer the red spoon to the left of the orange measuring cup, aligning it to face the wall on the left"
Move the red spoon to the left of the orange measuring cup and so that it is facing the wall on the left.,"Move the red spoon towards the left of the orange measuring cup, aligning it with the left wall"
Move the red spoon to the left of the orange measuring cup and so that it is facing the wall on the left.,"Place the red spoon on the left-hand side of the orange measuring cup, aligning it to face the wall on the left"
Move the red spoon to the left of the orange measuring cup and so that it is facing the wall on the left.,"Shift the red spoon to the left side of the orange measuring cup, orienting it towards the adjacent wall"
Move the red spoon to the left of the orange measuring cup and so that it is facing the wall on the left.,"Adjust the position of the red spoon so that it is on the left side of the orange measuring cup, facing the wall to the left"
Move the red spoon to the left of the orange measuring cup and so that it is facing the wall on the left.,"Shift the red spoon to the left of the orange measuring cup, aligning it with the left wall"
Move the red spoon to the left of the orange measuring cup and so that it is facing the wall on the left.,"Position the red spoon on the left-hand side of the orange measuring cup, making sure it faces the wall on the left"
Move the red spoon to the left of the orange measuring cup and so that it is facing the wall on the left.,"Transfer the red spoon to the left-hand side of the orange measuring cup, making sure it faces the wall on the left"
Move the red spoon to the left of the orange measuring cup and so that it is facing the wall on the left.,"Place the red spoon on the left side of the orange measuring cup, with its direction facing the left wall"
Move the red spoon to the left of the orange measuring cup and so that it is facing the wall on the left.,"Move the red spoon to the left of the orange measuring cup, aligning it with the left wall"
Move the red spoon to the left of the orange measuring cup and so that it is facing the wall on the left.,"Position the red spoon to the left side of the orange measuring cup, ensuring it faces the left wall"
Move the red spoon to the left of the orange measuring cup and so that it is facing the wall on the left.,"Slide the red spoon to the left of the orange measuring cup, aligning it with the wall on the left"
Move the red spoon to the left of the orange measuring cup and so that it is facing the wall on the left.,"Position the red spoon to the left of the orange measuring cup, ensuring it faces the left wall"
Move the red spoon to the left of the orange measuring cup and so that it is facing the wall on the left.,"Move the red spoon to the left of the orange measuring cup, ensuring it is positioned facing the left wall"
Move the red spoon to the left of the orange measuring cup and so that it is facing the wall on the left.,"Place the red spoon on the left side of the orange measuring cup, ensuring it faces the adjacent wall"
Move the red spoon to the left of the orange measuring cup and so that it is facing the wall on the left.,"Adjust the red spoon's position to the left of the orange measuring cup, orienting it towards the left wall"
Move the red spoon to the left of the orange measuring cup and so that it is facing the wall on the left.,"Transfer the red spoon to the left of the orange measuring cup, ensuring it points towards the adjacent wall"
Move the red spoon to the left of the orange measuring cup and so that it is facing the wall on the left.,"Slide the red spoon to the left of the orange measuring cup, ensuring it faces the left wall"
Move the red spoon to the left of the orange measuring cup and so that it is facing the wall on the left.,"Shift the red spoon to the left of the orange measuring cup, ensuring it faces the left wall"
Move the red spoon to the left of the orange measuring cup and so that it is facing the wall on the left.,"Move the red spoon to the left of the orange measuring cup, orienting it towards the wall on the left"
Move the red spoon to the left of the orange measuring cup and so that it is facing the wall on the left.,"Shift the red spoon towards the left of the orange measuring cup, making sure it faces the adjacent left wall"
Move the red spoon to the left of the orange measuring cup and so that it is facing the wall on the left.,"Maneuver the red spoon to the left of the orange measuring cup, aligning it to face the left wall"
Move the red spoon to the left of the orange measuring cup and so that it is facing the wall on the left.,"Slide the red spoon to the left of the orange measuring cup, positioning it to face the left wall"
Move the red spoon to the left of the orange measuring cup and so that it is facing the wall on the left.,"Arrange the red spoon to the left of the orange measuring cup, ensuring it is facing the wall on the left side"
Move the red spoon to the left of the orange measuring cup and so that it is facing the wall on the left.,"Slide the red spoon to the left side of the orange measuring cup, making sure it points towards the left wall"
Move the red spoon to the left of the orange measuring cup and so that it is facing the wall on the left.,"Transfer the red spoon to the left of the orange measuring cup, positioning it to face the wall on the left"
Move the red spoon to the left of the orange measuring cup and so that it is facing the wall on the left.,"Relocate the red spoon to the left of the orange measuring cup, with its front facing the left wall"
Move the red spoon to the left of the orange measuring cup and so that it is facing the wall on the left.,"Relocate the red spoon to the left side of the orange measuring cup, orienting it towards the wall on the left"
Move the red spoon to the left of the orange measuring cup and so that it is facing the wall on the left.,"Place the red spoon on the left side of the orange measuring cup, ensuring it is oriented towards the wall on the left"
Move the red spoon to the left of the orange measuring cup and so that it is facing the wall on the left.,"Position the red spoon on the left side of the orange measuring cup, facing the wall to the left"
Move the red spoon to the left of the orange measuring cup and so that it is facing the wall on the left.,"Shift the red spoon towards the left of the orange measuring cup, making sure it is oriented towards the left wall"
Move the red spoon to the left of the orange measuring cup and so that it is facing the wall on the left.,"Displace the red spoon to the left side of the orange measuring cup, ensuring it faces the wall on the left"
Move the red spoon to the left of the orange measuring cup and so that it is facing the wall on the left.,"Relocate the red spoon to the left of the orange measuring cup, adjusting its direction to face the wall on the left"
Move the red spoon to the left of the orange measuring cup and so that it is facing the wall on the left.,"Shift the red spoon to the left of the orange measuring cup, orienting it towards the adjacent wall"
Move the red spoon to the left of the orange measuring cup and so that it is facing the wall on the left.,"Transfer the red spoon to the left-hand side of the orange measuring cup, aligning it to face the wall on the left"
Move the red spoon to the left of the orange measuring cup and so that it is facing the wall on the left.,"Move the red spoon towards the left of the orange measuring cup, positioning it to face the wall on the left"
Move the red spoon to the left of the orange measuring cup and so that it is facing the wall on the left.,"Place the red spoon on the left-hand side of the orange measuring cup, ensuring it points towards the left wall"
Move the red spoon to the left of the orange measuring cup and so that it is facing the wall on the left.,"Arrange the red spoon on the left-hand side of the orange measuring cup, making sure it faces the left wall"
Move the red spoon to the left of the orange measuring cup and so that it is facing the wall on the left.,"Place the red spoon on the left-hand side of the orange measuring cup, with its direction facing the left wall"
Move the red spoon to the left of the orange measuring cup and so that it is facing the wall on the left.,"Move the red spoon towards the left of the orange measuring cup, orienting it towards the wall on the left"
Move the red spoon to the left of the orange measuring cup and so that it is facing the wall on the left.,"Shift the red spoon to the left side of the orange measuring cup, orienting it towards the left wall"
Move the red spoon to the left of the orange measuring cup and so that it is facing the wall on the left.,"Slide the red spoon to the left side of the orange measuring cup, orienting it towards the left wall"
Move the red spoon to the left of the orange measuring cup and so that it is facing the wall on the left.,"Place the red spoon on the left of the orange measuring cup, adjusting its direction to face the left wall"
Move the red spoon to the left of the orange measuring cup and so that it is facing the wall on the left.,"Position the red spoon on the left-hand side of the orange measuring cup, making sure it faces the left wall"
Move the red spoon to the left of the orange measuring cup and so that it is facing the wall on the left.,"Move the red spoon to the left of the orange measuring cup, aligning it to face the wall on the left side"
Move the red fork on the other side of the green pepper and towards the front of the table.,Rearrange the red fork to the opposite side of the green pepper and bring it closer to the front of the table
Move the red fork on the other side of the green pepper and towards the front of the table.,Relocate the red fork so that it is on the opposite side of the green pepper and closer to the front of the table
Move the red fork on the other side of the green pepper and towards the front of the table.,Place the red fork on the far side of the green pepper and bring it closer to the front of the table
Move the red fork on the other side of the green pepper and towards the front of the table.,Move the red fork across from the green pepper and bring it closer to the front of the table
Move the red fork on the other side of the green pepper and towards the front of the table.,Relocate the red fork to the other side of the green pepper and advance it towards the front of the table
Move the red fork on the other side of the green pepper and towards the front of the table.,"Take the red fork and position it on the far side of the green pepper, then move it towards the front of the table"
Move the red fork on the other side of the green pepper and towards the front of the table.,Transfer the red fork to the far end of the green pepper and push it towards the front of the table
Move the red fork on the other side of the green pepper and towards the front of the table.,Transfer the red fork to the opposite end of the green pepper and position it towards the front of the table
Move the red fork on the other side of the green pepper and towards the front of the table.,Slide the red fork to the other side of the green pepper and nudge it towards the front of the table
Move the red fork on the other side of the green pepper and towards the front of the table.,Transfer the red fork to the other side of the green pepper and position it towards the front of the table
Move the red fork on the other side of the green pepper and towards the front of the table.,Slide the red fork to the opposite side of the green pepper and bring it closer to the front of the table
Move the red fork on the other side of the green pepper and towards the front of the table.,Relocate the red fork to the opposite side of the green pepper and advance it towards the front of the table
Move the red fork on the other side of the green pepper and towards the front of the table.,Relocate the red fork to the other end of the green pepper and shift it towards the front of the table
Move the red fork on the other side of the green pepper and towards the front of the table.,Transfer the red fork so that it is on the different side of the green pepper and towards the front of the table
Move the red fork on the other side of the green pepper and towards the front of the table.,Rearrange the red fork across from the green pepper and move it towards the front of the table
Move the red fork on the other side of the green pepper and towards the front of the table.,Shift the red fork to the other side of the green pepper and move it towards the front of the table
Move the red fork on the other side of the green pepper and towards the front of the table.,Place the red fork on the opposite side of the green pepper and bring it closer to the front of the table
Move the red fork on the other side of the green pepper and towards the front of the table.,Relocate the red fork to the opposite end of the green pepper and shift it towards the front of the table
Move the red fork on the other side of the green pepper and towards the front of the table.,Transfer the red fork to the opposite side of the green pepper and position it towards the front of the table
Move the red fork on the other side of the green pepper and towards the front of the table.,Shift the red fork across from the green pepper and move it towards the front of the table
Move the red fork on the other side of the green pepper and towards the front of the table.,Transfer the red fork to the other end of the green pepper and shift it towards the front of the table
Move the red fork on the other side of the green pepper and towards the front of the table.,Place the red fork on the far side of the green pepper and move it towards the front of the table
Move the red fork on the other side of the green pepper and towards the front of the table.,Move the red fork across from the green pepper and towards the front of the table
Move the red fork on the other side of the green pepper and towards the front of the table.,Place the red fork on the other side of the green pepper and bring it towards the front of the table
Move the red fork on the other side of the green pepper and towards the front of the table.,Relocate the red fork to the other end of the green pepper and bring it closer to the front of the table
Move the red fork on the other side of the green pepper and towards the front of the table.,Slide the red fork to the other side of the green pepper and shift it towards the front of the table
Move the red fork on the other side of the green pepper and towards the front of the table.,Shift the red fork to the opposite side of the green pepper and position it closer to the front of the table
Move the red fork on the other side of the green pepper and towards the front of the table.,Transfer the red fork to the other side of the green pepper and move it towards the front of the table
Move the red fork on the other side of the green pepper and towards the front of the table.,Shift the red fork to the other side of the green pepper and advance it towards the front of the table
Move the red fork on the other side of the green pepper and towards the front of the table.,Shift the red fork to the other end of the green pepper and move it closer to the front of the table
Move the red fork on the other side of the green pepper and towards the front of the table.,"Take the red fork and position it across from the green pepper, then move it towards the front of the table"
Move the red fork on the other side of the green pepper and towards the front of the table.,Place the red fork on the opposite side of the green pepper and advance it towards the front of the table
Move the red fork on the other side of the green pepper and towards the front of the table.,Shift the red fork across from the green pepper and position it towards the front of the table
Move the red fork on the other side of the green pepper and towards the front of the table.,Place the red fork on the opposite side of the green pepper and slide it towards the front of the table
Move the red fork on the other side of the green pepper and towards the front of the table.,Move the red fork across from the green pepper and position it towards the front of the table
Move the red fork on the other side of the green pepper and towards the front of the table.,Transfer the red fork to the opposite side of the green pepper and push it towards the front of the table
Place the red pan on the green cloth,Affix the red pan to the green cloth
Place the red pan on the green cloth,Position the crimson pan onto the emerald fabric
Place the red pan on the green cloth,Set the red pan atop the green cloth
Place the red pan on the green cloth,Lay the red pan onto the green cloth
Place the red pan on the green cloth,Set the red pan down on the green cloth
Place the red pan on the green cloth,Arrange the red pan on top of the green cloth
Place the red pan on the green cloth,Set the red pan upon the green cloth
Place the red pan on the green cloth,Position the red pan in place on the green cloth
Place the red pan on the green cloth,Securely place the scarlet pan on the verdant fabric
Place the red pan on the green cloth,Secure the red pan onto the green cloth
Place the red pan on the green cloth,Position the red pan onto the green cloth
Place the red pan on the green cloth,Arrange the red pan on the green cloth
Place the red pan on the green cloth,Install the red pan onto the green cloth
Place the red pan on the green cloth,Put the red pan over the green cloth
Place the red pan on the green cloth,Securely place the red pan on the green cloth
Place the red pan on the green cloth,Carefully set the red pan down on the green cloth
Place the red pan on the green cloth,Rest the crimson pan on the emerald fabric
Place the red pan on the green cloth,Attach the red pan to the green cloth
Place the red pan on the green cloth,Put the red pan down onto the green cloth
Place the red pan on the green cloth,Affix the red pan onto the green cloth
Place the red pan on the green cloth,Gently position the red pan onto the green cloth
Place the red pan on the green cloth,Lay the red pan on the green cloth
Place the red pan on the green cloth,Position the pan that is red onto the cloth that is green
Place the red pan on the green cloth,Lay the crimson pan onto the emerald fabric
Place the red pan on the green cloth,Position the red pan so it rests on the green cloth
Place the red pan on the green cloth,Situate the red pan on the green cloth
Place the red pan on the green cloth,Set the red pan down onto the green cloth
Place the red pan on the green cloth,Rest the red pan on the green cloth
Place the red pan on the green cloth,Position the red pan in alignment with the green cloth
Place the red pan on the green cloth,Arrange the scarlet pan on the verdant fabric
Place the red pan on the green cloth,Position the red pan over the green cloth
Place the red pan on the green cloth,Install the red pan on the green cloth
Place the red pan on the green cloth,Put the red pan onto the green cloth
move animal into bowl,Position the animal within the bowl
move animal into bowl,Maneuver the creature and position it inside the bowl
move animal into bowl,Transfer the living being into the bowl
move animal into bowl,Move the creature and position it inside the bowl
move animal into bowl,Securely place the animal into the bowl
move animal into bowl,Safely relocate the animal into the bowl
move animal into bowl,Move the creature and position it within the bowl
move animal into bowl,Safely transport the animal into the bowl
move animal into bowl,Gently relocate the animal into the bowl
move animal into bowl,Carefully shift the animal and position it in the bowl
move animal into bowl,Transfer the animal's location to the bowl
move animal into bowl,Move the animal and position it within the bowl
move animal into bowl,Move the animal and position it inside the bowl
move animal into bowl,Gently shift the animal into the bowl
move animal into bowl,Carefully place the creature into the bowl
move animal into bowl,Securely place the animal inside the bowl
move animal into bowl,Shift the living organism into the bowl
move animal into bowl,Move the creature and put it in the bowl
move animal into bowl,Safely transport the animal and position it within the bowl
move animal into bowl,Place the animal inside the bowl
move animal into bowl,Place the animal neatly inside the bowl
move animal into bowl,Gently relocate the animal to the bowl
move animal into bowl,Transfer the animal to the bowl
move animal into bowl,Gently maneuver the animal to the bowl's interior
move animal into bowl,Gently shift the living being into the bowl
move animal into bowl,Transfer the animal into the bowl
move animal into bowl,Safely transport the animal and put it in the bowl
move animal into bowl,Carefully place the animal inside the bowl
move animal into bowl,Slide the animal into the bowl
move animal into bowl,Move the animal and position it within the confines of the bowl
move animal into bowl,Guide the animal into the bowl
move animal into bowl,Place the animal gently into the bowl
move animal into bowl,Safely transfer the creature into the bowl
move animal into bowl,Carefully place the animal within the bowl
Place the red pepper on the yellow cloth.,Lay the red pepper on the yellow cloth
Place the red pepper on the yellow cloth.,Put the red pepper in position on the yellow fabric
Place the red pepper on the yellow cloth.,Lay the red pepper onto the yellow cloth
Place the red pepper on the yellow cloth.,Attach the red pepper to the yellow fabric
Place the red pepper on the yellow cloth.,Position the red pepper onto the yellow fabric
Place the red pepper on the yellow cloth.,Lay the red pepper onto the yellow fabric
Place the red pepper on the yellow cloth.,Securely position the red pepper on the yellow cloth
Place the red pepper on the yellow cloth.,Put the red pepper in position on the yellow cloth
Place the red pepper on the yellow cloth.,Install the red pepper onto the yellow cloth
Place the red pepper on the yellow cloth.,Set the red pepper down on the yellow cloth
Place the red pepper on the yellow cloth.,Put the red pepper onto the yellow cloth
Place the red pepper on the yellow cloth.,Put the red pepper over the yellow fabric
Place the red pepper on the yellow cloth.,Lay the red pepper on the yellow fabric
Place the red pepper on the yellow cloth.,Set the red pepper down onto the yellow cloth
Place the red pepper on the yellow cloth.,Position the red pepper over the yellow cloth
Place the red pepper on the yellow cloth.,Arrange the red pepper on top of the yellow cloth
Place the red pepper on the yellow cloth.,Securely place the red pepper on the yellow cloth
Place the red pepper on the yellow cloth.,Place the red pepper atop the yellow cloth
Place the red pepper on the yellow cloth.,Arrange the red pepper over the yellow fabric
Place the red pepper on the yellow cloth.,Rest the red pepper on the yellow fabric
Place the red pepper on the yellow cloth.,Situate the red pepper on the yellow cloth
Place the red pepper on the yellow cloth.,Arrange the red pepper carefully on the yellow cloth
Place the red pepper on the yellow cloth.,Set the red pepper down on the yellow material
Place the red pepper on the yellow cloth.,Put the red pepper on top of the yellow cloth
Place the red pepper on the yellow cloth.,Settle the red pepper onto the yellow fabric
Place the red pepper on the yellow cloth.,Secure the red pepper onto the yellow fabric
Place the red pepper on the yellow cloth.,Rest the red pepper on the yellow cloth
Place the red pepper on the yellow cloth.,Arrange the red pepper on top of the yellow fabric
Place the red pepper on the yellow cloth.,Affix the red pepper onto the yellow cloth
Place the red pepper on the yellow cloth.,Position the red pepper on the surface of the yellow fabric
Place the red pepper on the yellow cloth.,Place the red pepper gently on the yellow cloth
Place the red pepper on the yellow cloth.,Arrange the red pepper over the yellow cloth
Place the red pepper on the yellow cloth.,Position the red pepper on the surface of the yellow cloth
Place the red pepper on the yellow cloth.,Put the red pepper onto the yellow fabric
Place the blue brush to the left of the colander,Position the blue brush adjacent to the left of the colander
Place the blue brush to the left of the colander,Put the blue brush on the left-hand side of the colander
Place the blue brush to the left of the colander,Slide the blue brush to the left of the colander
Place the blue brush to the left of the colander,Position the blue brush to the left of the colander's position
Place the blue brush to the left of the colander,"Shift the blue brush to the left, next to the colander"
Place the blue brush to the left of the colander,Position the blue brush to the leftmost area of the colander
Place the blue brush to the left of the colander,Set the blue brush on the left of the colander
Place the blue brush to the left of the colander,Locate the blue brush to the left of the colander
Place the blue brush to the left of the colander,Arrange the blue brush to the left-hand side of the colander
Place the blue brush to the left of the colander,Position the blue brush on the leftmost part of the colander
Place the blue brush to the left of the colander,"Place the blue brush adjacent to the colander, towards the left"
Place the blue brush to the left of the colander,"Set the blue brush adjacent to the colander, towards the left"
Place the blue brush to the left of the colander,Put the blue brush on the left side of the colander
Place the blue brush to the left of the colander,Place the blue brush on the left side of the colander
Place the blue brush to the left of the colander,Slide the blue brush towards the left of the colander
Place the blue brush to the left of the colander,Set the blue brush on the left side of the colander
Place the blue brush to the left of the colander,Locate the blue brush on the left side of the colander
Place the blue brush to the left of the colander,Place the blue brush adjacent to the colander's left side
Place the blue brush to the left of the colander,Shift the blue brush to the left adjacent to the colander
Place the blue brush to the left of the colander,"Place the blue brush beside the colander, to the left"
Place the blue brush to the left of the colander,Position the blue brush on the left side of the colander
Place the blue brush to the left of the colander,Set the blue brush on the left-hand side of the colander
Place the blue brush to the left of the colander,Position the blue brush to the leftward direction of the colander
Place the blue brush to the left of the colander,Move the blue brush towards the left of the colander
Place the blue brush to the left of the colander,Put the blue brush on the colander's left-hand side
Place the blue brush to the left of the colander,Put the blue brush on the left-hand part of the colander
Place the blue brush to the left of the colander,Shift the blue brush to the left of the colander
Place the blue brush to the left of the colander,"Slide the blue brush to the left, beside the colander"
Place the blue brush to the left of the colander,Place the colander to the right of the blue brush
Place the blue brush to the left of the colander,Locate the blue brush on the left of the colander
Place the blue brush to the left of the colander,Place the blue brush in a leftward position relative to the colander
Place the blue brush to the left of the colander,Arrange the blue brush to the left of the colander
PLACE THE KNIFE VERTICALLY AT THE LEFT SIDE OF THE STOVE,Affix the knife vertically on the left side of the stove
PLACE THE KNIFE VERTICALLY AT THE LEFT SIDE OF THE STOVE,"Orient the knife vertically, specifically on the left side of the stove"
PLACE THE KNIFE VERTICALLY AT THE LEFT SIDE OF THE STOVE,Properly place the knife vertically at the left side of the stove
PLACE THE KNIFE VERTICALLY AT THE LEFT SIDE OF THE STOVE,"Position the knife vertically, ensuring it is on the left side of the stove"
PLACE THE KNIFE VERTICALLY AT THE LEFT SIDE OF THE STOVE,Position the knife vertically on the left side of the stove
PLACE THE KNIFE VERTICALLY AT THE LEFT SIDE OF THE STOVE,Place the knife in a vertical orientation on the left side of the stove
PLACE THE KNIFE VERTICALLY AT THE LEFT SIDE OF THE STOVE,Place the knife in a vertical orientation on the left-hand side of the stove
PLACE THE KNIFE VERTICALLY AT THE LEFT SIDE OF THE STOVE,Carefully place the knife in a vertical position on the left side of the stove
PLACE THE KNIFE VERTICALLY AT THE LEFT SIDE OF THE STOVE,"Arrange the knife in a vertical orientation, specifically on the left side of the stove"
PLACE THE KNIFE VERTICALLY AT THE LEFT SIDE OF THE STOVE,Put the knife vertically on the left side of the stove
PLACE THE KNIFE VERTICALLY AT THE LEFT SIDE OF THE STOVE,Arrange the knife vertically at the left side of the stove
PLACE THE KNIFE VERTICALLY AT THE LEFT SIDE OF THE STOVE,Arrange the knife in a vertical position on the left side of the stove
PLACE THE KNIFE VERTICALLY AT THE LEFT SIDE OF THE STOVE,Securely place the knife in a vertical manner on the left side of the stove
PLACE THE KNIFE VERTICALLY AT THE LEFT SIDE OF THE STOVE,Put the knife in a vertical position on the left side of the stove
PLACE THE KNIFE VERTICALLY AT THE LEFT SIDE OF THE STOVE,Affix the knife in a vertical position on the left side of the stove
PLACE THE KNIFE VERTICALLY AT THE LEFT SIDE OF THE STOVE,Set the knife vertically on the left side of the stove
PLACE THE KNIFE VERTICALLY AT THE LEFT SIDE OF THE STOVE,Ensure the knife is placed vertically on the left side of the stove
PLACE THE KNIFE VERTICALLY AT THE LEFT SIDE OF THE STOVE,Set the knife vertically at the left side of the stove
PLACE THE KNIFE VERTICALLY AT THE LEFT SIDE OF THE STOVE,Arrange the knife in a vertical position on the stove's left side
PLACE THE KNIFE VERTICALLY AT THE LEFT SIDE OF THE STOVE,Position the knife in a vertical stance on the left side of the stove
PLACE THE KNIFE VERTICALLY AT THE LEFT SIDE OF THE STOVE,Carefully position the knife in a vertical orientation at the left side of the stove
PLACE THE KNIFE VERTICALLY AT THE LEFT SIDE OF THE STOVE,Vertically position the knife at the left side of the stove
PLACE THE KNIFE VERTICALLY AT THE LEFT SIDE OF THE STOVE,Install the knife vertically at the left side of the stove
PLACE THE KNIFE VERTICALLY AT THE LEFT SIDE OF THE STOVE,Securely place the knife in a vertical manner on the stove's left side
Move the red fork in front of the fish,"Position the red fork in front of the fish, aligning it with the fish's direction"
Move the red fork in front of the fish,Shift the red fork to a position directly in front of the fish
Move the red fork in front of the fish,Ensure that the red fork is placed directly in front of the fish
Move the red fork in front of the fish,Position the red fork so that it is facing the fish
Move the red fork in front of the fish,Ensure that the red fork is positioned in front of the fish
Move the red fork in front of the fish,Adjust the position of the red fork to be in front of the fish
Move the red fork in front of the fish,Arrange the red fork so that it is in front of the fish
Move the red fork in front of the fish,Bring the red fork forward until it is in front of the fish
Move the red fork in front of the fish,Shift the red fork so that it is in front of the fish
Move the red fork in front of the fish,Place the red fork in a position where it faces the fish
Move the red fork in front of the fish,"Place the red fork directly facing the fish, in front of it"
Move the red fork in front of the fish,Place the red fork in front of the fish
Move the red fork in front of the fish,Adjust the red fork's location so that it is in front of the fish
Move the red fork in front of the fish,Position the red fork directly in front of the fish
Move the red fork in front of the fish,Move the red fork to a position directly in front of the fish
Move the red fork in front of the fish,Place the red fork directly in front of the fish
Move the red fork in front of the fish,Shift the red fork to the front of the fish
Move the red fork in front of the fish,Arrange the red fork in front of the fish
Move the red fork in front of the fish,"Slide the red fork to the front, right in front of the fish"
Move the red fork in front of the fish,Slide the red fork to a position in front of the fish
Move the red fork in front of the fish,Adjust the red fork so that it is in front of the fish
Move the red fork in front of the fish,Place the red fork directly facing the fish
Move the red fork in front of the fish,Bring the red fork forward and position it in front of the fish
Move the red fork in front of the fish,Slide the red fork in front of the fish
Move the red fork in front of the fish,Move the red fork to the front of the fish
Move the red fork in front of the fish,Adjust the red fork's position to be directly in front of the fish
Move the red fork in front of the fish,Move the red fork so that it is facing the fish
Move the blue utensil to the back right corner.,Reposition the blue utensil to the corner situated in the back right
Move the blue utensil to the back right corner.,Carry the blue utensil to the corner at the rightmost back position
Move the blue utensil to the back right corner.,Transport the blue utensil to the corner on the right side at the back
Move the blue utensil to the back right corner.,Transport the blue utensil to the corner found at the right back
Move the blue utensil to the back right corner.,Shift the blue utensil to the corner positioned at the back right
Move the blue utensil to the back right corner.,Move the blue utensil to the corner located at the right rear
Move the blue utensil to the back right corner.,Position the blue utensil in the corner towards the back right
Move the blue utensil to the back right corner.,Move the blue utensil to the corner located at the right back
Move the blue utensil to the back right corner.,Shift the blue utensil to the corner positioned in the right rear
Move the blue utensil to the back right corner.,Shift the blue utensil to the corner located in the right backside
Move the blue utensil to the back right corner.,Relocate the blue utensil to the corner at the back right
Move the blue utensil to the back right corner.,Move the blue utensil towards the corner located in the back right
Move the blue utensil to the back right corner.,Place the blue utensil in the corner located at the back right side
Move the blue utensil to the back right corner.,Place the blue utensil in the corner at the far right back
Move the blue utensil to the back right corner.,Relocate the blue utensil to the corner situated in the back right area
Move the blue utensil to the back right corner.,Shift the blue utensil to the corner situated at the back on the right side
Move the blue utensil to the back right corner.,Transport the blue utensil to the corner in the back right
Move the blue utensil to the back right corner.,Place the blue utensil in the corner at the back right-hand side
Move the blue utensil to the back right corner.,Move the utensil that is blue to the corner located in the back right
Move the blue utensil to the back right corner.,Reposition the blue utensil to the corner in the back right area
Move the blue utensil to the back right corner.,Relocate the blue utensil to the corner positioned in the right back
Move the blue utensil to the back right corner.,Transport the blue utensil to the corner located at the right back
Move the blue utensil to the back right corner.,Carry the blue utensil to the corner at the right rear side
Move the blue utensil to the back right corner.,Shift the blue utensil to the corner at the rear right
Move the blue utensil to the back right corner.,Move the blue utensil to the corner located at the back right side
Move the blue utensil to the back right corner.,Transport the blue utensil to the corner situated at the back right
Move the blue utensil to the back right corner.,Adjust the blue utensil to the corner in the back right
Move the blue utensil to the back right corner.,Shift the blue utensil to the corner at the right rear
Move the blue utensil to the back right corner.,Shift the blue utensil to the corner on the right side at the back
Move the blue utensil to the back right corner.,Place the blue utensil in the corner situated at the back right
Move the blue utensil to the back right corner.,Place the blue utensil in the back right corner
Move the blue utensil to the back right corner.,Move the blue utensil to the corner on the right side at the back
Move the blue utensil to the back right corner.,Take the blue utensil and place it in the corner on the right side at the back
Move the blue utensil to the back right corner.,Transfer the blue utensil to the far right corner at the back
Move the blue utensil to the back right corner.,Relocate the blue utensil to the corner situated at the back right
Move the blue utensil to the back right corner.,Transfer the blue utensil to the corner positioned at the right rear
Move the blue utensil to the back right corner.,Relocate the blue utensil to the corner in the back right
Move the blue utensil to the back right corner.,Shift the blue utensil to the corner positioned at the right back
Move the blue utensil to the back right corner.,Transfer the blue utensil to the corner positioned at the right rear side
Move the blue utensil to the back right corner.,Place the blue utensil in the corner positioned at the right back
Move the blue utensil to the back right corner.,Place the blue utensil in the corner at the right-hand side towards the back
Put the silver pan between the orange cloth and pink tool.,Arrange the silver pan amidst the orange cloth and the pink-colored tool
Put the silver pan between the orange cloth and pink tool.,Position the silver pan between the orange cloth and pink tool precisely
Put the silver pan between the orange cloth and pink tool.,Set the silver pan between the orange cloth and the tool that has a pink hue
Put the silver pan between the orange cloth and pink tool.,"Set the silver pan between the orange cloth and pink tool, ensuring it is properly positioned"
Put the silver pan between the orange cloth and pink tool.,Position the silver pan amidst the orange cloth and next to the pink tool
Put the silver pan between the orange cloth and pink tool.,Place the silver pan in the space between the orange cloth and pink tool
Put the silver pan between the orange cloth and pink tool.,Set the silver pan betwixt the orange cloth and pink tool
Put the silver pan between the orange cloth and pink tool.,Carefully position the silver pan between the orange cloth and pink tool
Put the silver pan between the orange cloth and pink tool.,"Position the silver pan betwixt the orange cloth and pink tool, making sure it is accurately placed"
Put the silver pan between the orange cloth and pink tool.,Arrange the silver pan between the orange cloth and adjacent to the pink tool
Put the silver pan between the orange cloth and pink tool.,"Arrange the silver pan between the orange cloth and pink tool, ensuring it is centered"
Put the silver pan between the orange cloth and pink tool.,Position the silver pan amidst the orange cloth and pink tool
Put the silver pan between the orange cloth and pink tool.,"Place the silver pan amidst the orange cloth and pink tool, making sure it is in the middle"
Put the silver pan between the orange cloth and pink tool.,"Arrange the silver pan between the orange cloth and pink tool, ensuring it is precisely positioned"
Put the silver pan between the orange cloth and pink tool.,Position the silver pan between the orange cloth and pink tool
Put the silver pan between the orange cloth and pink tool.,Position the silver pan between the orange cloth and the tool that is pink
Put the silver pan between the orange cloth and pink tool.,Secure the silver pan between the orange cloth and pink tool
Put the silver pan between the orange cloth and pink tool.,Arrange the silver pan amidst the orange-colored cloth and the tool that is pink
Put the silver pan between the orange cloth and pink tool.,Situate the silver pan between the orange cloth and in proximity to the pink tool
Put the silver pan between the orange cloth and pink tool.,Place the silver pan amidst the orange cloth and pink tool
Put the silver pan between the orange cloth and pink tool.,Securely place the silver pan between the orange cloth and pink tool
Put the silver pan between the orange cloth and pink tool.,Arrange the silver pan between the orange cloth and pink tool
Put the silver pan between the orange cloth and pink tool.,Arrange the silver pan in the space between the orange cloth and pink tool
Put the silver pan between the orange cloth and pink tool.,Position the silver pan in the middle of the orange cloth and pink tool
Put the silver pan between the orange cloth and pink tool.,Position the silver pan betwixt the orange cloth and pink tool
Put the silver pan between the orange cloth and pink tool.,Position the silver pan between the cloth that is orange and the tool that is pink
Put the silver pan between the orange cloth and pink tool.,Set the silver pan between the orange cloth and pink tool
Put the silver pan between the orange cloth and pink tool.,Situate the silver pan between the orange cloth and pink tool
Put the silver pan between the orange cloth and pink tool.,Put the silver pan in the space between the orange cloth and pink tool
Put the silver pan between the orange cloth and pink tool.,Set the silver pan between the orange cloth and close to the pink tool
Put the silver pan between the orange cloth and pink tool.,Place the silver pan in the middle of the orange cloth and pink tool
Put the silver pan between the orange cloth and pink tool.,Lay the silver pan between the orange cloth and pink tool
Put the silver pan between the orange cloth and pink tool.,Put the silver pan right between the orange cloth and pink tool
Put the silver pan between the orange cloth and pink tool.,Ensure the silver pan is located between the orange cloth and pink tool
Put the silver pan between the orange cloth and pink tool.,Install the silver pan between the orange cloth and pink tool
Place the eggplant on the green cloth.,Lay the eggplant gently on the green fabric
Place the eggplant on the green cloth.,Position the eggplant atop the green fabric
Place the eggplant on the green cloth.,Set the eggplant down on the green material
Place the eggplant on the green cloth.,Place the eggplant gently on the green cloth
Place the eggplant on the green cloth.,Position the eggplant on the cloth with a green shade
Place the eggplant on the green cloth.,Arrange the eggplant on the green material
Place the eggplant on the green cloth.,Position the eggplant onto the green fabric
Place the eggplant on the green cloth.,Carefully position the eggplant on the green cloth
Place the eggplant on the green cloth.,"Set the eggplant down on the cloth, which happens to be green"
Place the eggplant on the green cloth.,Rest the eggplant upon the green cloth
Place the eggplant on the green cloth.,Put the eggplant on the green fabric
Place the eggplant on the green cloth.,Arrange the eggplant on the cloth that is colored green
Place the eggplant on the green cloth.,Securely place the eggplant on the green cloth
Place the eggplant on the green cloth.,Affix the eggplant onto the green fabric
Place the eggplant on the green cloth.,Securely place the eggplant onto the green fabric
Place the eggplant on the green cloth.,Set the eggplant down onto the green cloth
Place the eggplant on the green cloth.,Rest the eggplant on the green fabric
Place the eggplant on the green cloth.,Install the eggplant on the cloth that has a green hue
Place the eggplant on the green cloth.,Situate the eggplant on the green material
Place the eggplant on the green cloth.,Lay the eggplant gently on the green cloth
Place the eggplant on the green cloth.,"Securely place the eggplant on the cloth, ensuring it is green"
Place the eggplant on the green cloth.,Lay the eggplant onto the cloth of a green hue
Place the eggplant on the green cloth.,Rest the eggplant on the green material
Place the eggplant on the green cloth.,Secure the eggplant onto the green fabric
Place the eggplant on the green cloth.,Lay the eggplant gently on the cloth that is green
Place the eggplant on the green cloth.,Arrange the eggplant on the green cloth
Place the eggplant on the green cloth.,"Deposit the eggplant onto the cloth, specifically the one that is green"
Place the eggplant on the green cloth.,Rest the eggplant on the green cloth
Place the eggplant on the green cloth.,Position the eggplant over the green cloth
Place the eggplant on the green cloth.,Affix the eggplant onto the green cloth
Place the eggplant on the green cloth.,Lay the eggplant onto the green cloth
Place the eggplant on the green cloth.,Settle the eggplant on the green-colored cloth
Place the eggplant on the green cloth.,Position the eggplant on top of the green cloth
Place the eggplant on the green cloth.,Put the eggplant on top of the green fabric
Place the eggplant on the green cloth.,Put the eggplant over the green cloth
Place the eggplant on the green cloth.,Place the eggplant onto the cloth that is dyed green
Place the eggplant on the green cloth.,Position the eggplant on the cloth that is green
Place the eggplant on the green cloth.,Carefully position the eggplant on the green fabric
Place the eggplant on the green cloth.,Put the eggplant onto the green fabric
Place the eggplant on the green cloth.,Arrange the eggplant on the cloth colored green
Place the eggplant on the green cloth.,Affix the eggplant to the green cloth
pick the vessel from left side of the table and put it down on right side,Move the vessel situated on the left side of the table to the right side
pick the vessel from left side of the table and put it down on right side,Transfer the vessel located on the left side of the table to the right side
pick the vessel from left side of the table and put it down on right side,Grasp the vessel on the left side of the table and carefully set it down on the right side
pick the vessel from left side of the table and put it down on right side,Take the vessel located on the left-hand side of the table and transfer it to the right-hand side
pick the vessel from left side of the table and put it down on right side,Take hold of the vessel positioned on the left side of the table and place it down on the right side
pick the vessel from left side of the table and put it down on right side,Seize the vessel on the left side of the table and proceed to place it on the right side
pick the vessel from left side of the table and put it down on right side,Carry the vessel from the left side of the table and position it on the right side
pick the vessel from left side of the table and put it down on right side,Retrieve the container from the left side of the table and place it on the right side
pick the vessel from left side of the table and put it down on right side,Retrieve the container from the left side of the table and relocate it to the right side
pick the vessel from left side of the table and put it down on right side,Carry the vessel located on the left side of the table and place it on the right side
pick the vessel from left side of the table and put it down on right side,Move the vessel positioned on the left-hand side of the table to the right-hand side
pick the vessel from left side of the table and put it down on right side,Remove the vessel from the left side of the table and place it down on the right side
pick the vessel from left side of the table and put it down on right side,Lift and transfer the vessel from the left side of the table to the right side
pick the vessel from left side of the table and put it down on right side,Lift the vessel on the left side of the table and set it down on the right side
pick the vessel from left side of the table and put it down on right side,Grasp the vessel situated on the left side of the table and place it on the right side
pick the vessel from left side of the table and put it down on right side,Remove the container from the left side of the table and place it down on the right side
pick the vessel from left side of the table and put it down on right side,Take hold of the vessel on the left side of the table and place it down on the right side
pick the vessel from left side of the table and put it down on right side,Grasp the container positioned on the left and relocate it to the right side of the table
pick the vessel from left side of the table and put it down on right side,Move the container located on the left side of the table and place it on the right side
pick the vessel from left side of the table and put it down on right side,Collect the vessel positioned on the left-hand side of the table and move it to the right-hand side
pick the vessel from left side of the table and put it down on right side,Transport the vessel from the left side of the table to the right side
pick the vessel from left side of the table and put it down on right side,Transport the container from the left side of the table to the right side
pick the vessel from left side of the table and put it down on right side,Retrieve the container located on the left side of the table and place it on the right side
pick the vessel from left side of the table and put it down on right side,Acquire the vessel from the left side of the table and transfer it to the right side
pick the vessel from left side of the table and put it down on right side,Take the container on the left side of the table and place it down on the right side
pick the vessel from left side of the table and put it down on right side,Move the vessel located on the left side of the table to the right side
pick the vessel from left side of the table and put it down on right side,Lift the container found on the left side of the table and place it on the right side
pick the vessel from left side of the table and put it down on right side,Remove the container from the left side of the table and place it on the right side
pick the vessel from left side of the table and put it down on right side,Secure the container located on the left side of the table and relocate it to the right side
pick the vessel from left side of the table and put it down on right side,Move the container from the left side of the table to the right side
pick the vessel from left side of the table and put it down on right side,Lift the vessel from the left side of the table and carefully set it down on the right side
pick the vessel from left side of the table and put it down on right side,Grasp the container situated on the left side of the table and relocate it to the right side
pick the vessel from left side of the table and put it down on right side,Extract the container from the left side of the table and position it on the right side
pick the vessel from left side of the table and put it down on right side,Take hold of the container located on the left side of the table and set it down on the right side
pick the vessel from left side of the table and put it down on right side,Grasp the container positioned on the left side of the table and place it on the right side
pick the vessel from left side of the table and put it down on right side,Seize the vessel on the left side of the table and shift it over to the right side
pick the vessel from left side of the table and put it down on right side,Secure the vessel from the left side of the table and deposit it on the right side
pick the vessel from left side of the table and put it down on right side,Take the container positioned on the left side of the table and transfer it to the right side
pick the vessel from left side of the table and put it down on right side,Acquire the container from the left side of the table and place it down on the right side
pick the vessel from left side of the table and put it down on right side,Extract the container from the left side of the table and relocate it to the right side
pick the vessel from left side of the table and put it down on right side,Lift the vessel on the left side of the table and position it on the right side
pick the vessel from left side of the table and put it down on right side,Collect the container situated on the left-hand side of the table and place it down on the right-hand side
pick the vessel from left side of the table and put it down on right side,Retrieve the container situated on the left side of the table and place it on the right side
pick the vessel from left side of the table and put it down on right side,Transport the vessel from the left side of the table and deposit it on the right side
pick the vessel from left side of the table and put it down on right side,Take the vessel positioned on the left side of the table and transfer it to the right side
pick the vessel from left side of the table and put it down on right side,Take the container from the left side of the table and transfer it to the right side
Put the silver pan in the opposite corner of the table.,Transfer the silver pan to the corner of the table that is across from where it is currently placed
Put the silver pan in the opposite corner of the table.,Transfer the silver pan to the corner of the table that is directly opposite to where it is now
Put the silver pan in the opposite corner of the table.,Transfer the silver pan to the corner of the table that is diametrically opposite
Put the silver pan in the opposite corner of the table.,Place the silver pan diagonally across from its current position on the table
Put the silver pan in the opposite corner of the table.,Position the silver pan in the corner of the table that is exactly opposite to where it is now
Put the silver pan in the opposite corner of the table.,Place the silver pan in the corner of the table that is situated at the opposite end
Put the silver pan in the opposite corner of the table.,Transfer the silver pan to the corner of the table that is directly across from where it is now
Put the silver pan in the opposite corner of the table.,Position the silver pan in the corner of the table that is furthest away from its current spot
Put the silver pan in the opposite corner of the table.,Place the silver pan in the corner of the table that is completely opposite from where it is now
Put the silver pan in the opposite corner of the table.,Transfer the silver pan to the corner of the table that is directly opposite to its current location
Put the silver pan in the opposite corner of the table.,Shift the silver pan to the corner of the table that is directly across from its current position
Put the silver pan in the opposite corner of the table.,Place the silver pan in the farthest corner of the table from its current position
Put the silver pan in the opposite corner of the table.,Move the silver pan to the corner of the table that is diagonally opposite to its current placement
Put the silver pan in the opposite corner of the table.,"Transfer the silver pan to the corner of the table that is on the other side, completely opposite to where it is now"
Put the silver pan in the opposite corner of the table.,Position the silver pan in the corner of the table that is exactly opposite to where it is presently
Put the silver pan in the opposite corner of the table.,Position the silver pan in the corner of the table that is farthest away from its current placement
Put the silver pan in the opposite corner of the table.,Shift the silver pan to the corner of the table that is on the opposite side diagonally
Put the silver pan in the opposite corner of the table.,Relocate the silver pan to the corner of the table that is directly opposite to its current position
Put the silver pan in the opposite corner of the table.,Move the silver pan to the corner of the table that is situated on the opposite end
Put the silver pan in the opposite corner of the table.,Place the silver pan in the corner of the table that is exactly opposite to its current location
Put the silver pan in the opposite corner of the table.,Transfer the silver pan to the corner of the table that is at the farthest point from its current place
Put the silver pan in the opposite corner of the table.,Shift the silver pan to the diagonally opposite corner of the table
Put the silver pan in the opposite corner of the table.,Position the silver pan in the corner of the table that is on the opposite side
Put the silver pan in the opposite corner of the table.,Relocate the silver pan to the corner of the table that is on the opposite side
Put the silver pan in the opposite corner of the table.,"Move the silver pan to the farthest corner of the table, opposite to its current location"
Put the silver pan in the opposite corner of the table.,Transfer the silver pan to the corner of the table that is at the farthest point from its current spot
Put the silver pan in the opposite corner of the table.,Shift the silver pan to the corner of the table that is diametrically opposite
Put the silver pan in the opposite corner of the table.,Transfer the silver pan to the corner of the table that is on the opposite end
Put the silver pan in the opposite corner of the table.,Transfer the silver pan to the corner of the table that is furthest away from its current location
Put the silver pan in the opposite corner of the table.,Place the silver pan in the corner of the table that is directly across from its current position
Put the silver pan in the opposite corner of the table.,Shift the silver pan to the corner of the table that is in the opposite direction
Put the silver pan in the opposite corner of the table.,Move the silver pan to the corner of the table that is on the opposite end
Put the silver pan in the opposite corner of the table.,Relocate the silver pan to the corner of the table that is furthest away from its current spot
Put the silver pan in the opposite corner of the table.,Place the silver pan in the corner of the table that is on the opposite side from where it currently is
Put the silver pan in the opposite corner of the table.,Shift the silver pan to the corner of the table that is diametrically opposite to its current spot
Put the silver pan in the opposite corner of the table.,Move the silver pan to the corner of the table that is diametrically opposite to its current position
Put the silver pan in the opposite corner of the table.,Relocate the silver pan to the corner of the table that is directly across from its current location
Put the silver pan in the opposite corner of the table.,Place the silver pan in the corner of the table that is diagonally across from its current spot
Put the silver pan in the opposite corner of the table.,Relocate the silver pan to the corner of the table that is situated at the opposite end from its current location
Put the silver pan in the opposite corner of the table.,Move the silver pan to the corner of the table that is diagonally across from where it is presently
Put the silver pan in the opposite corner of the table.,"Place the silver pan at the farthest corner of the table, opposite to its current position"
Put the silver pan in the opposite corner of the table.,"Move the silver pan to the farthest corner of the table, opposite to where it is now"
Put the silver pan in the opposite corner of the table.,Position the silver pan in the corner of the table that is on the exact opposite side
Put the silver pan in the opposite corner of the table.,Move the silver pan to the diagonally opposite corner of the table
Move the purple cloth to the upper left corner of the table,Move the purple cloth to the corner of the table that is positioned in the upper leftmost area
Move the purple cloth to the upper left corner of the table,Shift the purple cloth to the uppermost left corner of the table
Move the purple cloth to the upper left corner of the table,Relocate the purple fabric to the corner of the table that is located in the upper leftmost position
Move the purple cloth to the upper left corner of the table,Transfer the purple cloth to the upper left corner of the table
Move the purple cloth to the upper left corner of the table,Relocate the purple fabric to the corner of the table that is in the top left position
Move the purple cloth to the upper left corner of the table,Move the purple fabric to the corner of the table that is situated in the uppermost left area
Move the purple cloth to the upper left corner of the table,Relocate the purple cloth to the uppermost left corner of the table
Move the purple cloth to the upper left corner of the table,Shift the purple cloth to the corner of the table that is in the upper left position
Move the purple cloth to the upper left corner of the table,Transfer the purple cloth to the top left corner of the table
Move the purple cloth to the upper left corner of the table,Transfer the purple fabric to the corner of the table that is located in the upper left
Move the purple cloth to the upper left corner of the table,Relocate the purple fabric to the corner of the table that is at the top leftmost point
Move the purple cloth to the upper left corner of the table,Transfer the purple fabric to the corner of the table that is positioned towards the top left
Move the purple cloth to the upper left corner of the table,Move the purple cloth to the corner of the table that is situated at the upper left side
Move the purple cloth to the upper left corner of the table,Move the purple fabric to the corner of the table that is positioned at the upper leftmost point
Move the purple cloth to the upper left corner of the table,Place the purple cloth in the corner of the table that is in the upper left position
Move the purple cloth to the upper left corner of the table,Move the purple fabric to the corner of the table that is located at the top left
Move the purple cloth to the upper left corner of the table,Adjust the position of the purple cloth to the upper left corner of the table
Move the purple cloth to the upper left corner of the table,Place the purple cloth in the corner of the table that is located towards the upper left
Move the purple cloth to the upper left corner of the table,Shift the purple cloth to the upper left corner of the table
Move the purple cloth to the upper left corner of the table,Move the purple fabric to the corner of the table that is situated in the upper left area
Move the purple cloth to the upper left corner of the table,Shift the purple cloth to the upper leftmost corner of the table
Move the purple cloth to the upper left corner of the table,Place the purple cloth in the upper left corner of the table
Move the purple cloth to the upper left corner of the table,Relocate the purple fabric to the corner of the table that is in the upper left position
Move the purple cloth to the upper left corner of the table,Transfer the purple fabric to the corner of the table that is in the upper left position
Move the purple cloth to the upper left corner of the table,Move the purple fabric to the corner of the table that is situated at the top left
Move the purple cloth to the upper left corner of the table,Transfer the purple fabric to the corner of the table that is positioned at the top left
Move the purple cloth to the upper left corner of the table,Transfer the purple cloth to the corner of the table that is at the top left
Move the purple cloth to the upper left corner of the table,Transfer the purple fabric to the corner of the table that is situated in the upper left
Move the purple cloth to the upper left corner of the table,Move the purple fabric to the corner of the table that is positioned at the top left
Move the purple cloth to the upper left corner of the table,Relocate the purple fabric to the top left corner of the table
Move the purple cloth to the upper left corner of the table,Shift the purple cloth to the upper left-hand side of the table
Move the purple cloth to the upper left corner of the table,Place the purple cloth in the corner of the table that is located at the upper leftmost position
Move the purple cloth to the upper left corner of the table,Relocate the purple fabric to the top-left corner of the table
Move the purple cloth to the upper left corner of the table,Place the purple fabric in the corner of the table that is situated at the upper leftmost position
Move the purple cloth to the upper left corner of the table,Position the purple fabric in the upper left corner of the table
Move the purple cloth to the upper left corner of the table,Shift the purple fabric to the corner of the table that is in the upper left position
Put the blue spoon to the right of the red cloth.,"Position the blue spoon next to the red cloth, towards the right"
Put the blue spoon to the right of the red cloth.,Move the blue spoon so that it is on the right of the red cloth
Put the blue spoon to the right of the red cloth.,Move the blue spoon to the right of the red cloth
Put the blue spoon to the right of the red cloth.,"Move the blue spoon to the right, next to the red cloth"
Put the blue spoon to the right of the red cloth.,Arrange the blue spoon to the right of the red cloth
Put the blue spoon to the right of the red cloth.,Position the blue spoon to the right of the red cloth's location
Put the blue spoon to the right of the red cloth.,Place the blue spoon on the right side of the red cloth
Put the blue spoon to the right of the red cloth.,Position the blue spoon on the right side of the red cloth
Put the blue spoon to the right of the red cloth.,Place the blue spoon to the right-hand side of the red cloth
Put the blue spoon to the right of the red cloth.,Transfer the blue spoon to the right of the red cloth
Put the blue spoon to the right of the red cloth.,Put the blue spoon on the right of the red cloth
Put the blue spoon to the right of the red cloth.,Shift the blue spoon to the right side of the red cloth
Put the blue spoon to the right of the red cloth.,"Place the blue spoon beside the red cloth, towards the right"
Put the blue spoon to the right of the red cloth.,Arrange the blue spoon on the right-hand side of the red cloth
Put the blue spoon to the right of the red cloth.,Position the blue spoon to the right of the red cloth
Put the blue spoon to the right of the red cloth.,Arrange the blue spoon on the right of the red cloth
Put the blue spoon to the right of the red cloth.,Place the blue spoon on the right-hand side of the red cloth
Put the blue spoon to the right of the red cloth.,Position the blue spoon on the right of the red cloth
Put the blue spoon to the right of the red cloth.,Position the blue spoon to the right side of the red cloth
Put the blue spoon to the right of the red cloth.,Ensure that the blue spoon is positioned to the right of the red cloth
Put the blue spoon to the right of the red cloth.,Place the blue spoon on the rightward side of the red cloth
Put the blue spoon to the right of the red cloth.,Set the blue spoon on the right-hand side of the red cloth
Put the blue spoon to the right of the red cloth.,Locate the blue spoon on the right-hand side of the red cloth
Put the blue spoon to the right of the red cloth.,Shift the blue spoon to the right adjacent to the red cloth
Put the blue spoon to the right of the red cloth.,Position the blue spoon to the right-hand side of the red cloth
Put the blue spoon to the right of the red cloth.,Set the blue spoon to the right of the red cloth
Put the blue spoon to the right of the red cloth.,Set the blue spoon on the right side of the red cloth
Put the blue spoon to the right of the red cloth.,Place the blue spoon adjacent to the red cloth on its right side
Put the blue spoon to the right of the red cloth.,Move the blue spoon so that it is on the right side of the red cloth
Put the blue spoon to the right of the red cloth.,Locate the blue spoon to the right of the red cloth
Put the blue spoon to the right of the red cloth.,Securely position the blue spoon on the right-hand side of the red cloth
Put the blue spoon to the right of the red cloth.,Move the blue spoon towards the right of the red cloth
Place the spatula on the far left side of the table,Move the spatula and position it on the leftmost side of the table
Place the spatula on the far left side of the table,Ensure the spatula is placed on the left side of the table
Place the spatula on the far left side of the table,Deposit the spatula on the left edge of the table
Place the spatula on the far left side of the table,Locate the spatula on the left side of the table
Place the spatula on the far left side of the table,Slide the spatula to the leftmost position on the table
Place the spatula on the far left side of the table,Locate the spatula at the far left corner of the table
Place the spatula on the far left side of the table,Position the spatula on the table's leftmost side
Place the spatula on the far left side of the table,Settle the spatula towards the left edge of the table
Place the spatula on the far left side of the table,Position the spatula at the leftmost position on the table
Place the spatula on the far left side of the table,"Place the spatula on the left side of the table, as far as possible"
Place the spatula on the far left side of the table,Move the spatula to the extreme left side of the table
Place the spatula on the far left side of the table,Set the spatula towards the far left end of the table
Place the spatula on the far left side of the table,Put the spatula towards the extreme left side of the table
Place the spatula on the far left side of the table,Ensure the spatula is positioned on the far left side of the table
Place the spatula on the far left side of the table,Arrange the spatula on the table's left side
Place the spatula on the far left side of the table,Put the spatula on the far left side of the table
Place the spatula on the far left side of the table,Ensure the spatula is on the far left side of the table
Place the spatula on the far left side of the table,Put the spatula towards the far left side of the table
Place the spatula on the far left side of the table,Move the spatula to the farthest left side of the table
Place the spatula on the far left side of the table,Securely place the spatula on the far left section of the table
Place the spatula on the far left side of the table,Affix the spatula to the leftmost section of the table
Place the spatula on the far left side of the table,Put the spatula at the leftmost part of the table
Place the spatula on the far left side of the table,Locate the spatula at the leftmost part of the table
Place the spatula on the far left side of the table,Arrange the spatula on the left-hand side of the table
Place the spatula on the far left side of the table,Securely place the spatula on the leftmost section of the table
Place the spatula on the far left side of the table,Locate the spatula on the leftmost part of the table
Place the spatula on the far left side of the table,Position the spatula at the table's left edge
Place the spatula on the far left side of the table,Locate the spatula at the leftmost corner of the table
Place the spatula on the far left side of the table,Put the spatula at the extreme left side of the table
Place the spatula on the far left side of the table,Position the spatula on the leftmost edge of the table
Place the spatula on the far left side of the table,Arrange the spatula on the far left-hand side of the table
Place the spatula on the far left side of the table,Move the spatula to the far left corner of the table
Place the spatula on the far left side of the table,Position the spatula towards the extreme left edge of the table
Place the spatula on the far left side of the table,Ensure the spatula is positioned on the left side of the table
Place the spatula on the far left side of the table,Set the spatula on the far left corner of the table
Place the spatula on the far left side of the table,Securely place the spatula on the left side of the table
Place the spatula on the far left side of the table,Ensure the spatula is placed on the far left-hand side of the table
Place the spatula on the far left side of the table,Settle the spatula on the farthest left part of the table
Place the spatula on the far left side of the table,Securely place the spatula on the furthest left side of the table
Place the spatula on the far left side of the table,Affix the spatula on the far left side of the table
Place the spatula on the far left side of the table,Set the spatula on the far left end of the table
Place the spatula on the far left side of the table,Put the spatula on the leftmost part of the table
fold cloth in half,Fold the fabric precisely in half
fold cloth in half,"Make a fold in the cloth, ensuring both sides are symmetrical"
fold cloth in half,Take the cloth and fold it neatly down the middle
fold cloth in half,Fold the cloth so that both ends meet perfectly in the middle
fold cloth in half,"Create a fold in the cloth, bringing both sides together at the center"
fold cloth in half,"Fold the fabric once, ensuring it is divided evenly in half"
fold cloth in half,Bend the cloth in half to create a fold
fold cloth in half,Fold the cloth in such a way that it forms a symmetrical half
fold cloth in half,Fold the cloth so that both ends meet in the middle
fold cloth in half,"Fold the cloth neatly, making sure it is divided evenly in half"
fold cloth in half,Create a fold in the fabric by bringing both ends together
fold cloth in half,Make a clean fold in the fabric by halving it accurately
fold cloth in half,"Fold the cloth, ensuring both ends meet perfectly in the center"
fold cloth in half,"Create a fold in the fabric, dividing it into two symmetrical parts"
fold cloth in half,Bend the cloth to create a symmetrical fold
fold cloth in half,"Fold the cloth precisely, ensuring that it is divided into two equal parts"
fold cloth in half,"Bend the fabric in half, making sure the edges align perfectly"
fold cloth in half,Bring the ends of the cloth together and fold it in half
fold cloth in half,"Fold the fabric neatly, dividing it into two equal parts"
fold cloth in half,"Fold the cloth, aligning the edges to create a central crease"
fold cloth in half,Fold the material precisely in the center to form two identical halves
fold cloth in half,Bend the fabric in such a way that it forms a perfect half
fold cloth in half,Fold the fabric by halving it
fold cloth in half,Fold the cloth into two equal halves
fold cloth in half,Create a fold by bringing both ends of the cloth together
fold cloth in half,Take the cloth and fold it precisely in the middle
fold cloth in half,"Fold the cloth precisely, ensuring both sides are symmetrical"
fold cloth in half,Take the cloth and fold it in half
fold cloth in half,Make a crease in the cloth by folding it halfway
fold cloth in half,"Create a fold in the cloth, making sure both ends meet"
fold cloth in half,Fold the fabric into two equal halves
fold cloth in half,Divide the cloth into two equal parts by folding it in half
fold cloth in half,"Make a clean fold in the cloth, ensuring it is halved accurately"
fold cloth in half,Fold the cloth in such a way that it divides into two identical halves
fold cloth in half,"Fold the fabric neatly, ensuring both sides are aligned"
fold cloth in half,Take one end of the fabric and fold it over until it aligns with the other end
fold cloth in half,"Fold the fabric, ensuring it is halved with precision"
fold cloth in half,Fold the fabric down the center to form a perfect half
fold cloth in half,"Carefully fold the fabric, ensuring that both sides align perfectly"
fold cloth in half,"Bend the cloth, making sure it is divided equally into two parts"
fold cloth in half,Bring the two ends of the cloth together and fold it in half
fold cloth in half,Fold the fabric into two equal parts
fold cloth in half,Create a fold in the cloth that perfectly splits it into two halves
fold cloth in half,Fold the fabric over itself to form a symmetrical fold
fold cloth in half,Bend the cloth over itself to create a fold in the middle
fold cloth in half,Fold the fabric so that it forms a perfect half
move yellow to the bottom corner of the table on the left,Arrange the object colored yellow to the bottom corner on the left side of the table
move yellow to the bottom corner of the table on the left,Slide the yellow item to the bottom left corner of the table
move yellow to the bottom corner of the table on the left,Place the yellow object at the corner of the table's bottom left side
move yellow to the bottom corner of the table on the left,Shift the yellow item to the lower left corner of the table
move yellow to the bottom corner of the table on the left,Arrange the yellow entity at the corner on the left side of the table's bottom
move yellow to the bottom corner of the table on the left,Slide the yellow item to the bottom corner on the left side of the table
move yellow to the bottom corner of the table on the left,Slide the yellow object to the corner at the bottom left of the table
move yellow to the bottom corner of the table on the left,Place the yellow object in the bottom left corner of the table
move yellow to the bottom corner of the table on the left,Place the yellow object at the bottom corner on the left side of the table
move yellow to the bottom corner of the table on the left,Transfer the yellow item to the left bottom corner of the table
move yellow to the bottom corner of the table on the left,Place the yellow object at the corner on the left side of the table's bottom
move yellow to the bottom corner of the table on the left,Move the yellow object to the bottom corner on the left side of the table
move yellow to the bottom corner of the table on the left,Relocate the yellow object to the bottom corner on the left side of the table
move yellow to the bottom corner of the table on the left,Transfer the object that is yellow to the bottom left corner of the table
move yellow to the bottom corner of the table on the left,Arrange the yellow object at the bottom left corner of the table
move yellow to the bottom corner of the table on the left,Position the yellow object at the bottom corner on the left side of the table
move yellow to the bottom corner of the table on the left,Place the yellow item at the left bottom corner of the table
move yellow to the bottom corner of the table on the left,Shift the yellow object to the left bottom corner of the table
move yellow to the bottom corner of the table on the left,Relocate the yellow object to the bottom left corner of the table
move yellow to the bottom corner of the table on the left,Displace the yellow item to the bottom corner on the left side of the table
move yellow to the bottom corner of the table on the left,Arrange the yellow item in the bottom corner on the left side of the table
move yellow to the bottom corner of the table on the left,Place the yellow item at the bottom corner on the left side of the table
move yellow to the bottom corner of the table on the left,Move the object colored yellow to the lower left corner of the table
move yellow to the bottom corner of the table on the left,Transfer the yellow item to the bottom left corner of the table
move yellow to the bottom corner of the table on the left,Transport the yellow item to the bottom left corner of the table
move yellow to the bottom corner of the table on the left,Relocate the object that is yellow to the bottom corner on the left side of the table
move yellow to the bottom corner of the table on the left,Position the yellow object in the bottom left corner of the table
move yellow to the bottom corner of the table on the left,Move the yellow item to the left corner at the bottom of the table
move yellow to the bottom corner of the table on the left,Shift the yellow item to the bottom corner on the left side of the table
move yellow to the bottom corner of the table on the left,Move the yellow item to the bottom corner on the left side of the table
move yellow to the bottom corner of the table on the left,Arrange the yellow item at the left corner of the table's bottom
move yellow to the bottom corner of the table on the left,Place the yellow item at the bottom left corner of the table
move yellow to the bottom corner of the table on the left,Transfer the yellow entity to the bottom corner on the left side of the table
move yellow to the bottom corner of the table on the left,Move the yellow item to the lower left corner of the table
move yellow to the bottom corner of the table on the left,Move the object that is yellow to the bottom left corner of the table
move yellow to the bottom corner of the table on the left,Position the yellow entity at the bottom corner on the left side of the table
move yellow to the bottom corner of the table on the left,Transfer the yellow object to the bottom left corner of the table
move yellow to the bottom corner of the table on the left,Shift the yellow object to the bottom left corner of the table
move yellow to the bottom corner of the table on the left,Position the yellow object at the bottom left corner of the table
Move the pot to the right side of the towel,Place the pot on the right side of the towel
Move the pot to the right side of the towel,Shift the pot's placement to the right side of the towel
Move the pot to the right side of the towel,Place the pot on the right-hand portion of the towel
Move the pot to the right side of the towel,Adjust the pot's position to the right side of the towel
Move the pot to the right side of the towel,Arrange the pot on the right side of the towel
Move the pot to the right side of the towel,"Transfer the pot to the opposite side of the towel, specifically the right"
Move the pot to the right side of the towel,Place the pot on the right portion of the towel
Move the pot to the right side of the towel,Move the pot so that it is positioned on the right side of the towel
Move the pot to the right side of the towel,Slide the pot towards the right side of the towel's surface
Move the pot to the right side of the towel,Shift the pot horizontally to the right side of the towel
Move the pot to the right side of the towel,"Relocate the pot to the opposite side of the towel, towards the right"
Move the pot to the right side of the towel,Slide the pot over to the right side of the towel's surface
Move the pot to the right side of the towel,Move the pot until it is situated on the right side of the towel
Move the pot to the right side of the towel,Transfer the pot to the right-hand side of the towel
Move the pot to the right side of the towel,Shift the pot horizontally until it reaches the right side of the towel
Move the pot to the right side of the towel,"Transfer the pot to the opposite side of the towel, towards the right"
Move the pot to the right side of the towel,Slide the pot to the right side of the towel
Move the pot to the right side of the towel,Maneuver the pot to the right-hand portion of the towel
Move the pot to the right side of the towel,Slide the pot over to the right side of the towel
Move the pot to the right side of the towel,Displace the pot towards the right side of the towel
Move the pot to the right side of the towel,Transfer the pot to the right side of the towel
Move the pot to the right side of the towel,Slide the pot to the right end of the towel
Move the pot to the right side of the towel,Move the pot in a manner that it ends up on the right side of the towel
Move the pot to the right side of the towel,"Slide the pot to the opposite end of the towel, towards the right"
Move the pot to the right side of the towel,Shift the pot towards the right edge of the towel
Move the pot to the right side of the towel,"Transfer the pot to the opposite end of the towel, towards the right"
Move the pot to the right side of the towel,Slide the pot to the rightmost part of the towel
Move the pot to the right side of the towel,Relocate the pot to the right-hand side of the towel
Move the pot to the right side of the towel,Position the pot towards the right side of the towel
Move the knife and place it behind the vessel,Rearrange the knife and position it behind the container
Move the knife and place it behind the vessel,Transfer the knife and position it at the rear end of the vessel
Move the knife and place it behind the vessel,Shift the knife and carefully position it at the back of the container
Move the knife and place it behind the vessel,Adjust the knife's position so that it is placed behind the vessel
Move the knife and place it behind the vessel,Place the knife behind the vessel after moving it
Move the knife and place it behind the vessel,Shift the knife and arrange it in a position behind the container
Move the knife and place it behind the vessel,Slide the knife and position it behind the vessel
Move the knife and place it behind the vessel,Move the knife and position it towards the rear of the vessel
Move the knife and place it behind the vessel,Shift the knife and carefully position it towards the rear of the container
Move the knife and place it behind the vessel,Displace the knife and place it in a position behind the container
Move the knife and place it behind the vessel,Move the knife to a spot situated behind the vessel
Move the knife and place it behind the vessel,Move the knife to a location situated at the back of the vessel
Move the knife and place it behind the vessel,Adjust the knife's placement to be behind the vessel
Move the knife and place it behind the vessel,Adjust the knife's position so that it is now located behind the vessel
Move the knife and place it behind the vessel,Shift the knife's position to behind the vessel
Move the knife and place it behind the vessel,Transfer the knife to a spot situated behind the vessel
Move the knife and place it behind the vessel,Move the knife and position it behind the container
Move the knife and place it behind the vessel,Shift the knife to a location situated behind the container
Move the knife and place it behind the vessel,Adjust the knife's position so that it is placed at the back of the container
Move the knife and place it behind the vessel,Adjust the knife's position so that it is now situated behind the vessel
Move the knife and place it behind the vessel,Move the knife to the backside of the vessel
Move the knife and place it behind the vessel,Displace the knife and place it in the vicinity behind the container
Move the knife and place it behind the vessel,Rearrange the knife and position it at the back of the container
Move the knife and place it behind the vessel,Relocate the knife and position it at the rear of the container
Move the knife and place it behind the vessel,Transfer the knife to a position situated behind the vessel
Move the knife and place it behind the vessel,Shift the knife and relocate it behind the vessel
Move the knife and place it behind the vessel,Adjust the knife's placement so that it is positioned behind the vessel
Move the knife and place it behind the vessel,Rearrange the knife and position it behind the vessel
Move the knife and place it behind the vessel,Move the knife to a location situated towards the back of the vessel
Move the knife and place it behind the vessel,Shift the knife and carefully place it at the rear of the vessel
Move the knife and place it behind the vessel,Transfer the knife to a position situated behind the container
Move the knife and place it behind the vessel,Relocate the knife so that it is situated behind the container
Move the knife and place it behind the vessel,Move the knife and place it towards the rear of the container
Move the knife and place it behind the vessel,Move the knife and carefully position it behind the vessel
Move the knife and place it behind the vessel,Displace the knife and place it at the back of the container
Move the knife and place it behind the vessel,Move the knife to the backside of the vessel and place it there
Move the knife and place it behind the vessel,Place the knife at the back of the vessel after relocating it
Move the knife and place it behind the vessel,Shift the knife and carefully position it behind the container
Move the knife and place it behind the vessel,Move the knife to a spot situated behind the vessel and place it there
Move the knife and place it behind the vessel,"Reposition the knife, ensuring it is situated behind the vessel"
Move the knife and place it behind the vessel,Displace the knife and securely position it at the rear of the container
Move the knife and place it behind the vessel,Transfer the knife to a location behind the vessel and place it there
move vessel from left to right,"Move the vessel horizontally, shifting it from the left side to the right side"
move vessel from left to right,Transfer the vessel in a lateral motion from left to right
move vessel from left to right,Glide the vessel from the left side to the right side
move vessel from left to right,"Move the vessel horizontally, shifting it from the left position to the right"
move vessel from left to right,"Slide the vessel laterally, transitioning it from left to right"
move vessel from left to right,Transition the vessel's location from left to right by moving it horizontally
move vessel from left to right,"Transport the vessel from the left to the right, ensuring a horizontal movement"
move vessel from left to right,Slide the container from the left-hand side to the right-hand side
move vessel from left to right,"Glide the vessel horizontally, moving it from left to right"
move vessel from left to right,"Transfer the vessel in a lateral motion, moving it from left to right"
move vessel from left to right,Transfer the container's placement from the left side to the right side
move vessel from left to right,Shift the container's position from the left side to the right side in a horizontal manner
move vessel from left to right,"Maneuver the vessel horizontally, shifting it from left to right"
move vessel from left to right,"Shift the vessel horizontally, transitioning it from the left to the right"
move vessel from left to right,Relocate the container by shifting it from the left to the right
move vessel from left to right,"Displace the container horizontally, moving it from the left to the right"
move vessel from left to right,"Slide the vessel across, transitioning it from the left to the right"
move vessel from left to right,Shift the container's position from left to right horizontally
move vessel from left to right,"Transport the vessel laterally, shifting it from left to right"
move vessel from left to right,"Displace the container horizontally, shifting it from left to right"
move vessel from left to right,"Move the vessel horizontally, transitioning it from the left to the right"
move vessel from left to right,"Relocate the container in a horizontal motion, shifting it from left to right"
move vessel from left to right,"Transfer the vessel's location laterally, moving it from the left to the right side"
move vessel from left to right,"Glide the container horizontally, transferring it from left to right"
move vessel from left to right,"Slide the vessel from left to right, changing its location horizontally"
move vessel from left to right,"Transfer the vessel laterally, moving it from the left to the right"
move vessel from left to right,"Displace the container laterally, shifting it from the left side to the right side"
move vessel from left to right,Displace the vessel by moving it from the left to the right side
move vessel from left to right,Shift the container's position by moving it from left to right
move vessel from left to right,Transport the container from the left side to the right side
move vessel from left to right,"Transfer the vessel laterally, starting from the left and ending on the right"
move vessel from left to right,Shift the container horizontally from the left side to the right side
move vessel from left to right,"Transport the vessel in a sideways manner, transitioning it from left to right"
move vessel from left to right,Relocate the container by moving it from the left to the right
move vessel from left to right,"Transport the vessel laterally, transitioning it from the left side to the right side"
move vessel from left to right,Shift the vessel's position from the left to the right side
move vessel from left to right,"Relocate the container in a horizontal motion, moving it from left to right"
move vessel from left to right,"Relocate the vessel by shifting it horizontally, moving it from left to right"
move vessel from left to right,"Slide the container from left to right, altering its position horizontally"
move vessel from left to right,"Displace the container in a horizontal direction, moving it from left to right"
move vessel from left to right,Glide the container from the left side to the right side
move vessel from left to right,Slide the container from the left side to the right side
move vessel from left to right,Transfer the container's location from the left to the right horizontally
move vessel from left to right,"Transfer the vessel by shifting it laterally, from left to right"
move banana to upper right corner,Place the banana in the corner at the top right
move banana to upper right corner,Relocate the banana to the top right corner
move banana to upper right corner,Slide the banana to the upper right corner
move banana to upper right corner,Arrange the banana in the upper right corner
move banana to upper right corner,Shift the banana to the corner in the upper right
move banana to upper right corner,Transfer the banana to the uppermost right corner
move banana to upper right corner,Transfer the banana to the top right corner
move banana to upper right corner,Place the banana in the upper right corner
move banana to upper right corner,Position the banana in the corner at the upper right
move banana to upper right corner,Place the banana in the corner that is located at the upper right
move banana to upper right corner,Shift the banana to the corner in the upper right position
move banana to upper right corner,Relocate the banana to the upper right corner
move banana to upper right corner,Transport the banana to the corner located at the upper right
move banana to upper right corner,Transport the banana to the corner situated in the upper right
move banana to upper right corner,Shift the banana to the top right corner
move banana to upper right corner,Move the banana towards the top right corner
move banana to upper right corner,Position the banana at the upper right corner
move banana to upper right corner,Transfer the banana to the upper rightmost corner
move banana to upper right corner,Transport the banana to the upper right corner
move banana to upper right corner,Place the banana at the corner that is both upper and right
move banana to upper right corner,Position the banana at the top right corner
move banana to upper right corner,Shift the banana to the corner at the top right
move banana to upper right corner,Transport the banana to the corner in the upper right
move banana to upper right corner,Shift the banana to the corner located at the upper right
move banana to upper right corner,Take the banana and place it in the upper right corner
move banana to upper right corner,Transfer the banana to the upper right corner
move banana to upper right corner,Move the banana to the corner situated at the top right
move banana to upper right corner,Shift the banana to the upper right corner
move banana to upper right corner,Shift the banana to the uppermost right corner
move banana to upper right corner,Place the banana at the corner in the top right
move banana to upper right corner,Move the banana to the corner that is located at the top right
move banana to upper right corner,Shift the banana to the corner positioned at the upper right
move banana to upper right corner,Move the banana to the corner at the top right
Move the mushroom behind the pot,Transfer the mushroom so that it is now located behind the pot
Move the mushroom behind the pot,Move the mushroom to the area behind the pot
Move the mushroom behind the pot,Rearrange the position of the mushroom to be situated behind the pot
Move the mushroom behind the pot,Transfer the mushroom to the area behind the pot
Move the mushroom behind the pot,Adjust the mushroom so that it is positioned behind the pot
Move the mushroom behind the pot,Relocate the mushroom to a place positioned behind the pot
Move the mushroom behind the pot,Slide the mushroom to the backside of the pot
Move the mushroom behind the pot,Move the mushroom to a spot situated at the rear of the pot
Move the mushroom behind the pot,Shift the mushroom to the backside of the pot
Move the mushroom behind the pot,Relocate the mushroom to the back of the pot
Move the mushroom behind the pot,Transfer the mushroom to a spot located behind the pot
Move the mushroom behind the pot,Shift the mushroom so that it is positioned at the rear of the pot
Move the mushroom behind the pot,Adjust the mushroom's placement to be behind the pot
Move the mushroom behind the pot,Displace the mushroom so that it is situated behind the pot
Move the mushroom behind the pot,Displace the mushroom to a location situated at the back of the pot
Move the mushroom behind the pot,Slide the mushroom to a position situated behind the pot
Move the mushroom behind the pot,Shift the mushroom to a spot located behind the pot
Move the mushroom behind the pot,Slide the mushroom behind the pot
Move the mushroom behind the pot,Shift the mushroom's position to be behind the pot
Move the mushroom behind the pot,Place the mushroom behind the pot
Move the mushroom behind the pot,Relocate the mushroom to a position behind the pot
Move the mushroom behind the pot,Transfer the mushroom to a location situated at the back of the pot
Move the mushroom behind the pot,Shift the mushroom so that it is positioned behind the pot
Move the mushroom behind the pot,Position the mushroom behind the pot
Move the mushroom behind the pot,Adjust the placement of the mushroom so that it is now positioned behind the pot
Move the mushroom behind the pot,Place the mushroom at the back of the pot
Move the mushroom behind the pot,Rearrange the mushroom to a position situated behind the pot
Move the mushroom behind the pot,Rearrange the mushroom so that it is positioned behind the pot
Move the mushroom behind the pot,Relocate the mushroom to a spot situated behind the pot
Move the mushroom behind the pot,Transfer the mushroom behind the pot
Move the mushroom behind the pot,Displace the mushroom to a location situated behind the pot
Move the mushroom behind the pot,Move the mushroom to a position situated in the rear of the pot
Move the mushroom behind the pot,Place the mushroom at the rear of the pot
Move the mushroom behind the pot,Adjust the mushroom's position so that it is situated behind the pot
Move the mushroom behind the pot,Shift the mushroom to a position at the rear of the pot
Move the mushroom behind the pot,Move the mushroom so that it is situated behind the pot
Move the mushroom behind the pot,Place the mushroom behind the pot's backside
Move the mushroom behind the pot,Move the mushroom and position it behind the pot
Move the mushroom behind the pot,Reposition the mushroom to a spot located at the back of the pot
Move the mushroom behind the pot,Shift the mushroom to a location that is positioned behind the pot
Move the mushroom behind the pot,Relocate the mushroom to a spot located behind the pot
move the bowl onto the towel,Place the bowl on top of the towel
move the bowl onto the towel,Place the bowl in the direction of the towel
move the bowl onto the towel,Set the bowl onto the towel
move the bowl onto the towel,Slide the bowl onto the towel
move the bowl onto the towel,Transfer the bowl onto the towel
move the bowl onto the towel,Shift the bowl onto the towel
move the bowl onto the towel,Move the bowl so that it rests on the towel
move the bowl onto the towel,Place the bowl onto the towel
move the bowl onto the towel,Move the bowl and position it onto the towel
move the bowl onto the towel,Move the bowl and put it on the towel
move the bowl onto the towel,Relocate the bowl onto the towel
move the bowl onto the towel,Place the bowl over the towel
move the bowl onto the towel,Place the bowl gently onto the towel
move the bowl onto the towel,Place the bowl in the vicinity of the towel
move the bowl onto the towel,Position the bowl onto the towel
Place the silver pot to the left of the yellow cloth.,Ensure that the silver pot is placed on the left of the yellow cloth
Place the silver pot to the left of the yellow cloth.,Securely position the silver pot to the left of the yellow cloth
Place the silver pot to the left of the yellow cloth.,Position the silver pot on the leftward side of the yellow cloth
Place the silver pot to the left of the yellow cloth.,"Position the silver pot adjacent to the yellow cloth, towards the left"
Place the silver pot to the left of the yellow cloth.,Situate the silver pot to the left of the yellow cloth
Place the silver pot to the left of the yellow cloth.,Shift the silver pot towards the left of the yellow cloth
Place the silver pot to the left of the yellow cloth.,Place the silver pot on the leftmost part of the yellow cloth
Place the silver pot to the left of the yellow cloth.,Place the silver pot adjacent to the yellow cloth on its left
Place the silver pot to the left of the yellow cloth.,Locate the silver pot to the left of the yellow cloth
Place the silver pot to the left of the yellow cloth.,Locate the silver pot on the left side of the yellow cloth
Place the silver pot to the left of the yellow cloth.,Arrange the silver pot to the left of the yellow cloth
Place the silver pot to the left of the yellow cloth.,Set the silver pot on the left-hand side of the yellow cloth
Place the silver pot to the left of the yellow cloth.,Move the silver pot towards the left of the yellow cloth
Place the silver pot to the left of the yellow cloth.,Put the silver pot on the left of the yellow cloth
Place the silver pot to the left of the yellow cloth.,Move the silver pot so that it is on the left side of the yellow cloth
Place the silver pot to the left of the yellow cloth.,Arrange the silver pot in a leftward position relative to the yellow cloth
Place the silver pot to the left of the yellow cloth.,Shift the silver pot to the left side of the yellow cloth
Place the silver pot to the left of the yellow cloth.,Position the silver pot to the left of the yellow fabric
Place the silver pot to the left of the yellow cloth.,Position the silver pot on the left side of the yellow cloth
Place the silver pot to the left of the yellow cloth.,Shift the silver pot to the left of the yellow cloth
Place the silver pot to the left of the yellow cloth.,Place the silver pot in a position that is to the left of the yellow cloth
Place the silver pot to the left of the yellow cloth.,"Place the silver pot adjacent to the yellow cloth, on its left"
Place the silver pot to the left of the yellow cloth.,Put the silver pot to the left of the yellow cloth
move the carrot to the pot,Move the carrot and put it in the pot
move the carrot to the pot,Relocate the carrot and position it inside the pot
move the carrot to the pot,Carry the carrot and put it in the pot
move the carrot to the pot,Transfer the carrot's placement to the pot
move the carrot to the pot,Transport the carrot and place it in the pot
move the carrot to the pot,Maneuver the carrot to the pot
move the carrot to the pot,Shift the carrot's location and place it in the pot
move the carrot to the pot,Slide the carrot into the pot
move the carrot to the pot,Shift the carrot's location to the pot
move the carrot to the pot,Move the carrot and position it in the pot
move the carrot to the pot,Move the carrot and place it within the pot
move the carrot to the pot,Shift the carrot and put it in the pot
move the carrot to the pot,Transfer the carrot's position to the pot
move the carrot to the pot,Shift the carrot to the pot
move the carrot to the pot,Shift the carrot's position to the pot
move the carrot to the pot,Carry the carrot and place it in the pot
move the carrot to the pot,Place the carrot inside the pot
move the carrot to the pot,Transport the carrot to the pot
move the carrot to the pot,Shift the carrot over to the pot
move the carrot to the pot,Relocate the carrot into the pot
move the carrot to the pot,Transfer the carrot to the pot
Move the yellow cloth to the right side of the table.,Relocate the yellow fabric so that it is positioned on the right side of the table
Move the yellow cloth to the right side of the table.,Shift the yellow fabric towards the right edge of the table
Move the yellow cloth to the right side of the table.,Place the yellow cloth on the right portion of the table
Move the yellow cloth to the right side of the table.,Shift the yellow fabric in a manner that it ends up on the right side of the table
Move the yellow cloth to the right side of the table.,Arrange the yellow cloth on the right side of the table
Move the yellow cloth to the right side of the table.,Maneuver the yellow fabric to the right-hand side of the table
Move the yellow cloth to the right side of the table.,Adjust the yellow fabric to the right side of the table
Move the yellow cloth to the right side of the table.,Relocate the yellow fabric to the right side of the table
Move the yellow cloth to the right side of the table.,Push the yellow cloth to the right edge of the table
Move the yellow cloth to the right side of the table.,Push the yellow cloth towards the right edge of the table
Move the yellow cloth to the right side of the table.,Relocate the yellow fabric to the table's right side
Move the yellow cloth to the right side of the table.,Maneuver the yellow cloth until it is situated on the right side of the table
Move the yellow cloth to the right side of the table.,Shift the yellow fabric towards the right side of the table
Move the yellow cloth to the right side of the table.,"Displace the yellow cloth, ensuring it ends up on the right side of the table"
Move the yellow cloth to the right side of the table.,Place the yellow cloth adjacent to the right side of the table
Move the yellow cloth to the right side of the table.,Move the yellow fabric towards the table's right side
Move the yellow cloth to the right side of the table.,Shift the yellow fabric so that it is on the right side of the table
Move the yellow cloth to the right side of the table.,Slide the yellow fabric over to the right of the table
Move the yellow cloth to the right side of the table.,Slide the yellow cloth to the right side of the table
Move the yellow cloth to the right side of the table.,Transfer the yellow cloth to the right-hand side of the table
Move the yellow cloth to the right side of the table.,Place the yellow cloth on the right side of the table
Move the yellow cloth to the right side of the table.,Place the yellow cloth on the right-hand side of the table
Move the yellow cloth to the right side of the table.,Push the yellow cloth towards the right side of the table
Move the yellow cloth to the right side of the table.,Place the yellow fabric on the right side of the table
Move the yellow cloth to the right side of the table.,Maneuver the yellow cloth to the right side of the table
Move the yellow cloth to the right side of the table.,Position the yellow fabric on the right-hand section of the table
Move the yellow cloth to the right side of the table.,Move the yellow fabric towards the right side of the table
Move the yellow cloth to the right side of the table.,Glide the yellow material to the right-hand side of the table
Move the yellow cloth to the right side of the table.,Relocate the yellow material to the right side of the table
Move the yellow cloth to the right side of the table.,Move the yellow cloth so that it is positioned on the right side of the table
Move the yellow cloth to the right side of the table.,Transfer the yellow fabric and position it on the right side of the table
Move the yellow cloth to the right side of the table.,Slide the yellow fabric towards the right side of the table
Move the yellow cloth to the right side of the table.,Slide the yellow fabric over to the right side of the table
Move the yellow cloth to the right side of the table.,Slide the yellow cloth over to the right side of the table
Move the yellow cloth to the right side of the table.,Shift the yellow cloth so that it is positioned on the right side of the table
Move the yellow cloth to the right side of the table.,Move the yellow cloth over to the right side of the table
Move the yellow cloth to the right side of the table.,Adjust the position of the yellow fabric to the right side of the table
Pick up the silver pot and move it to the bottom left corner of the table.,Grip the silver pot and shift it to the bottom left corner of the table
Pick up the silver pot and move it to the bottom left corner of the table.,Carry the silver pot and position it at the table's bottom left corner
Pick up the silver pot and move it to the bottom left corner of the table.,Hold the silver pot and position it at the bottom left corner of the table
Pick up the silver pot and move it to the bottom left corner of the table.,Clasp the silver pot and transfer it to the bottom left corner of the table
Pick up the silver pot and move it to the bottom left corner of the table.,Grab the silver pot and transfer it to the bottom left corner of the table
Pick up the silver pot and move it to the bottom left corner of the table.,Lift the silver pot and place it in the bottom left corner of the table
Pick up the silver pot and move it to the bottom left corner of the table.,Carry the silver pot and place it at the bottom left corner of the table
Pick up the silver pot and move it to the bottom left corner of the table.,Take hold of the silver pot and relocate it to the lower left corner of the table
Pick up the silver pot and move it to the bottom left corner of the table.,Secure the silver pot and shift it to the bottom left corner of the table
Pick up the silver pot and move it to the bottom left corner of the table.,Take hold of the silver pot and place it at the bottom left corner of the table
Pick up the silver pot and move it to the bottom left corner of the table.,Take the silver pot and place it in the bottom left corner of the table
Pick up the silver pot and move it to the bottom left corner of the table.,Take the silver pot and relocate it to the bottom left corner of the table
Pick up the silver pot and move it to the bottom left corner of the table.,Lift the silver pot and transfer it to the bottom left corner of the table
Pick up the silver pot and move it to the bottom left corner of the table.,Hold onto the silver pot and position it at the bottom left corner of the table
Pick up the silver pot and move it to the bottom left corner of the table.,Grasp the silver pot and transfer it to the bottom left corner of the table
Pick up the silver pot and move it to the bottom left corner of the table.,Lift up the silver pot and place it in the bottom left corner of the table
Pick up the silver pot and move it to the bottom left corner of the table.,Seize the silver pot and shift it to the bottom left corner of the table
Pick up the silver pot and move it to the bottom left corner of the table.,Transport the silver pot and move it to the bottom left corner of the table
Pick up the silver pot and move it to the bottom left corner of the table.,Carry the silver pot and position it in the bottom left corner of the table
Pick up the silver pot and move it to the bottom left corner of the table.,Take possession of the silver pot and move it to the lower left corner of the table
Pick up the silver pot and move it to the bottom left corner of the table.,Secure the silver pot and place it in the bottom left corner of the table
Pick up the silver pot and move it to the bottom left corner of the table.,Grasp the silver pot and shift it to the table's bottom left corner
Pick up the silver pot and move it to the bottom left corner of the table.,Lift the silver pot and move it to the bottom left corner of the table
Pick up the silver pot and move it to the bottom left corner of the table.,Hold the silver pot and transport it to the lower left corner of the table
Pick up the silver pot and move it to the bottom left corner of the table.,Take the silver pot and move it to the table's bottom left corner
Pick up the silver pot and move it to the bottom left corner of the table.,Acquire the silver pot and transport it to the lower left corner of the table
Pick up the silver pot and move it to the bottom left corner of the table.,Secure the silver pot and move it to the bottom left corner of the table
Pick up the silver pot and move it to the bottom left corner of the table.,Get a hold of the silver pot and transfer it to the bottom left corner of the table
Pick up the silver pot and move it to the bottom left corner of the table.,Move the silver pot to the bottom left corner of the table
Pick up the silver pot and move it to the bottom left corner of the table.,Transfer the silver pot to the bottom left corner of the table
Pick up the silver pot and move it to the bottom left corner of the table.,Grip the silver pot and place it in the bottom left corner of the table
Pick up the silver pot and move it to the bottom left corner of the table.,Retrieve the silver pot and place it in the bottom left corner of the table
Pick up the silver pot and move it to the bottom left corner of the table.,Grab the silver pot and relocate it to the bottom left corner of the table
Pick up the silver pot and move it to the bottom left corner of the table.,Lift the silver pot and place it at the bottom left corner of the table
Pick up the silver pot and move it to the bottom left corner of the table.,Seize the silver pot and place it in the bottom left corner of the table
Pick up the silver pot and move it to the bottom left corner of the table.,Transport the silver pot to the bottom left corner of the table
Pick up the silver pot and move it to the bottom left corner of the table.,Pick up the silver pot and transfer it to the bottom left corner of the table
Pick up the silver pot and move it to the bottom left corner of the table.,Grasp the silver pot and shift it to the bottom left corner of the table
Pick up the silver pot and move it to the bottom left corner of the table.,Secure the silver pot and move it to the lower left corner of the table
move the pan from the cloth to the right coren of the table,Transfer the pan from the cloth to the corner on the right-hand side of the table
move the pan from the cloth to the right coren of the table,Transfer the pan from the cloth to the corner at the rightmost part of the table
move the pan from the cloth to the right coren of the table,Transfer the pan from the cloth to the corner at the far right of the table
move the pan from the cloth to the right coren of the table,Transfer the pan from the cloth and position it in the corner on the right side of the table
move the pan from the cloth to the right coren of the table,Displace the pan from the cloth to the corner situated at the right end of the table
move the pan from the cloth to the right coren of the table,Move the pan from the cloth to the rightmost corner of the table
move the pan from the cloth to the right coren of the table,Transport the pan from the cloth to the corner at the right end of the table
move the pan from the cloth to the right coren of the table,Move the pan from the cloth and place it in the corner at the right end of the table
move the pan from the cloth to the right coren of the table,Relocate the pan from the cloth to the corner on the right side of the table
move the pan from the cloth to the right coren of the table,Relocate the pan from the cloth to the table's corner on the right-hand side
move the pan from the cloth to the right coren of the table,Place the pan from the cloth onto the corner at the right end of the table
move the pan from the cloth to the right coren of the table,Shift the pan from the cloth and position it in the table's corner on the right side
move the pan from the cloth to the right coren of the table,Shift the pan from the cloth and place it in the corner positioned on the right side of the table
move the pan from the cloth to the right coren of the table,Shift the pan from the cloth to the corner positioned on the right side of the table
move the pan from the cloth to the right coren of the table,Shift the pan from the cloth to the corner at the far right of the table
move the pan from the cloth to the right coren of the table,Slide the pan from the cloth to the corner situated on the right side of the table
move the pan from the cloth to the right coren of the table,Shift the pan from the cloth to the far-right corner of the table
move the pan from the cloth to the right coren of the table,Place the pan from the cloth onto the corner of the table towards the right
move the pan from the cloth to the right coren of the table,Relocate the pan from the cloth to the rightmost corner of the table
move the pan from the cloth to the right coren of the table,Shift the pan from the cloth to the table's rightmost corner
move the pan from the cloth to the right coren of the table,Relocate the pan from the cloth to the corner of the table on the right side
move the pan from the cloth to the right coren of the table,Relocate the pan from the cloth to the corner located on the right corner of the table
move the pan from the cloth to the right coren of the table,Shift the pan from the cloth to the corner on the right side of the table
move the pan from the cloth to the right coren of the table,Shift the pan from the cloth to the table's right corner
move the pan from the cloth to the right coren of the table,Move the pan from the cloth to the table's corner situated on the right
move the pan from the cloth to the right coren of the table,Displace the pan from the cloth and position it in the corner on the right corner of the table
move the pan from the cloth to the right coren of the table,Slide the pan from the cloth to the corner positioned on the right side of the table
move the pan from the cloth to the right coren of the table,Transfer the pan from the cloth to the corner at the right end of the table
move the pan from the cloth to the right coren of the table,Transport the pan from the cloth to the corner located in the rightmost part of the table
move the pan from the cloth to the right coren of the table,Transfer the pan from the cloth to the bottom-right corner of the table
move the pan from the cloth to the right coren of the table,Take the pan from the cloth and position it in the bottom right corner of the table
move the pan from the cloth to the right coren of the table,Move the pan from the cloth and place it in the corner on the right side of the table
move the pan from the cloth to the right coren of the table,Displace the pan from the cloth and move it to the corner located on the right side of the table
move the pan from the cloth to the right coren of the table,Slide the pan from the cloth to the corner situated at the table's right corner
move the pan from the cloth to the right coren of the table,Transport the pan from the cloth to the rightmost corner of the table
move the pan from the cloth to the right coren of the table,Move the pan from the cloth and place it in the rightmost corner of the table
move the pan from the cloth to the right coren of the table,Slide the pan from the cloth to the corner on the right side of the table
move the pan from the cloth to the right coren of the table,Displace the pan from the cloth to the corner located on the right corner of the table
move the pan from the cloth to the right coren of the table,Move the pan from the cloth and place it in the right corner of the table
move the pan from the cloth to the right coren of the table,Slide the pan from the cloth to the corner on the right-hand side of the table
move the pan from the cloth to the right coren of the table,Move the pan from the cloth to the corner situated at the rightmost part of the table
move the pan from the cloth to the right coren of the table,Transfer the pan from the cloth to the bottom right corner of the table
Place the red fork left of the purple cloth.,Set the red fork on the left side of the purple cloth's vicinity
Place the red fork left of the purple cloth.,"Arrange the red fork next to the purple cloth, on the left side"
Place the red fork left of the purple cloth.,"Position the red fork to the left side, adjacent to the purple cloth"
Place the red fork left of the purple cloth.,Arrange the red fork on the left side of the purple cloth
Place the red fork left of the purple cloth.,Set the red fork on the left-hand side of the purple cloth
Place the red fork left of the purple cloth.,Position the red fork leftwards of the purple cloth
Place the red fork left of the purple cloth.,Put the red fork on the left-hand vicinity of the purple cloth
Place the red fork left of the purple cloth.,"Arrange the red fork to the left, in proximity to the purple cloth"
Place the red fork left of the purple cloth.,"Place the red fork on the left side, alongside the purple cloth"
Place the red fork left of the purple cloth.,Set the red fork to the left of the purple cloth
Place the red fork left of the purple cloth.,Position the red fork adjacent to the purple cloth on the left
Place the red fork left of the purple cloth.,"Put the red fork on the left, next to the purple cloth"
Place the red fork left of the purple cloth.,"Set the red fork on the left-hand side, beside the purple cloth"
Place the red fork left of the purple cloth.,Arrange the red fork adjacent to the left of the purple cloth
Place the red fork left of the purple cloth.,Locate the red fork leftwards from the purple cloth
Place the red fork left of the purple cloth.,Locate the red fork to the left of the purple cloth
Place the red fork left of the purple cloth.,Put the red fork towards the left of the purple cloth
Place the red fork left of the purple cloth.,Set the red fork in proximity to the left side of the purple cloth
Place the red fork left of the purple cloth.,Set the red fork on the left-hand side in relation to the purple cloth
Place the red fork left of the purple cloth.,Arrange the red fork in a leftward position relative to the purple cloth
Place the red fork left of the purple cloth.,Arrange the red fork in a leftward position from the purple cloth
Place the red fork left of the purple cloth.,Place the red fork on the leftmost side of the purple cloth
Place the red fork left of the purple cloth.,Position the red fork on the left side relative to the purple cloth
Place the red fork left of the purple cloth.,Set the red fork leftwards from the purple cloth
Place the red fork left of the purple cloth.,"Place the red fork on the left side, adjacent to the purple cloth"
Place the red fork left of the purple cloth.,"Position the red fork to the left, near the purple cloth"
Place the red fork left of the purple cloth.,"Position the red fork on the left, next to the purple cloth"
Place the red fork left of the purple cloth.,Situate the red fork on the left side of the purple cloth
Place the red fork left of the purple cloth.,Place the red fork on the left-hand side of the purple cloth
Place the red fork left of the purple cloth.,Position the red fork to the left of the purple cloth
Place the red fork left of the purple cloth.,Position the red fork to the left of where the purple cloth is placed
Place the red fork left of the purple cloth.,Put the red fork on the left-hand side of the purple cloth
Place the red fork left of the purple cloth.,Put the red fork to the left of the purple cloth
Place the red fork left of the purple cloth.,Place the red fork towards the left of the purple cloth
Place the red fork left of the purple cloth.,Position the red fork on the purple cloth's left side
Place the red fork left of the purple cloth.,Locate the red fork on the left of the purple cloth
Put the silver pot in the lower left corner of table.,Move the silver pot to the lower left corner of the table
Put the silver pot in the lower left corner of table.,Set the silver pot in the bottom left corner of the table
Put the silver pot in the lower left corner of table.,"Put the silver pot in the corner of the table, towards the lower left side"
Put the silver pot in the lower left corner of table.,Arrange the silver pot in the bottom left corner of the table's surface
Put the silver pot in the lower left corner of table.,Set the silver pot at the bottom left corner of the table's top
Put the silver pot in the lower left corner of table.,"Move the silver pot to the left corner of the table, closer to the bottom"
Put the silver pot in the lower left corner of table.,"Set the silver pot at the table's corner, specifically the lower left side"
Put the silver pot in the lower left corner of table.,Make sure the silver pot is placed in the lower left corner of the table
Put the silver pot in the lower left corner of table.,"Position the silver pot at the corner of the table, specifically the lower left side"
Put the silver pot in the lower left corner of table.,Move the silver pot and position it in the lower left corner of the table
Put the silver pot in the lower left corner of table.,Position the silver pot towards the lower left corner of the table
Put the silver pot in the lower left corner of table.,Position the silver pot at the bottom left corner of the table
Put the silver pot in the lower left corner of table.,"Place the silver pot at the table's corner, specifically the lower left side"
Put the silver pot in the lower left corner of table.,Arrange the silver pot at the corner of the table that is lower and to the left
Put the silver pot in the lower left corner of table.,Ensure the silver pot is in the lower left corner of the table
Put the silver pot in the lower left corner of table.,Arrange the silver pot at the table's lower left corner
Put the silver pot in the lower left corner of table.,Position the silver pot in the corner of the table that is lower and to the left
Put the silver pot in the lower left corner of table.,Set the silver pot in the lower left corner of the table
Put the silver pot in the lower left corner of table.,"Place the silver pot at the left corner of the table, towards the bottom"
Put the silver pot in the lower left corner of table.,Position the silver pot in the table's lower left corner
Put the silver pot in the lower left corner of table.,Place the silver pot in the bottom left corner of the table
Put the silver pot in the lower left corner of table.,Arrange the silver pot in the bottom left corner of the table
Put the silver pot in the lower left corner of table.,Arrange the silver pot at the lower left corner of the table
Put the silver pot in the lower left corner of table.,"Arrange the silver pot at the leftmost corner of the table, towards the bottom"
Put the silver pot in the lower left corner of table.,Locate the silver pot at the lower left corner of the table
Put the silver pot in the lower left corner of table.,Place the silver pot in the table's lower left corner
Put the silver pot in the lower left corner of table.,Securely position the silver pot at the bottom left corner of the table
Put the silver pot in the lower left corner of table.,Move the silver pot to the lowermost left corner of the table
Put the silver pot in the lower left corner of table.,Move the silver pot to the corner of the table that is situated at the bottom left
Put the silver pot in the lower left corner of table.,"Position the silver pot at the corner of the table, towards the bottom left"
Put the silver pot in the lower left corner of table.,Set the silver pot at the bottom left corner of the table
Put the silver pot in the lower left corner of table.,Place the silver pot towards the lower left corner of the table
Put the silver pot in the lower left corner of table.,Arrange the silver pot in the lower left corner of the table's surface
Put the silver pot in the lower left corner of table.,Place the silver pot at the table's bottom left corner
Move the silver pot to the bottom center of the table.,Adjust the silver pot so that it is positioned at the center-bottom of the table
Move the silver pot to the bottom center of the table.,Transfer the silver pot to the bottom center of the table
Move the silver pot to the bottom center of the table.,"Adjust the silver pot's position to the center of the table, at the bottom"
Move the silver pot to the bottom center of the table.,Relocate the silver pot to the center-bottom of the table
Move the silver pot to the bottom center of the table.,Place the silver pot in the bottom center of the table
Move the silver pot to the bottom center of the table.,Transfer the silver pot to the table's bottom center
Move the silver pot to the bottom center of the table.,Relocate the silver pot to the center-bottom position on the table
Move the silver pot to the bottom center of the table.,Place the silver pot at the center-bottom of the table
Move the silver pot to the bottom center of the table.,Arrange the silver pot at the table's bottom center location
Move the silver pot to the bottom center of the table.,"Transfer the silver pot to the middle of the table, towards the bottom"
Move the silver pot to the bottom center of the table.,"Relocate the silver pot to the center of the table, at the bottom"
Move the silver pot to the bottom center of the table.,Shift the silver pot to the bottom center of the table
Move the silver pot to the bottom center of the table.,Move the silver pot so that it is at the bottom center of the table
Move the silver pot to the bottom center of the table.,Relocate the silver pot to the bottom center of the table's surface
Move the silver pot to the bottom center of the table.,Move the silver pot towards the center-bottom of the table
Move the silver pot to the bottom center of the table.,"Shift the silver pot to the center of the table, towards the bottom"
Move the silver pot to the bottom center of the table.,Position the silver pot at the center-bottom spot on the table
Move the silver pot to the bottom center of the table.,Relocate the silver pot and position it at the bottom center of the table
Move the silver pot to the bottom center of the table.,Transfer the silver pot to the table's center-bottom
Move the silver pot to the bottom center of the table.,"Move the silver pot towards the center of the table, positioning it at the bottom"
Move the silver pot to the bottom center of the table.,Arrange the silver pot at the bottom center of the table
Move the silver pot to the bottom center of the table.,"Place the silver pot at the center of the table, towards the bottom"
Move the silver pot to the bottom center of the table.,Position the silver pot at the bottom center of the table's layout
Move the silver pot to the bottom center of the table.,Place the silver pot in the table's bottom center position
Move the silver pot to the bottom center of the table.,Position the silver pot at the center-bottom of the table
Move the silver pot to the bottom center of the table.,Position the silver pot at the bottom center of the table
Move the silver pot to the bottom center of the table.,"Place the silver pot in the middle of the table, towards the bottom"
Move the silver pot to the bottom center of the table.,Relocate the silver pot to the bottom center of the table
Move the silver pot to the bottom center of the table.,Relocate the silver pot to the bottom center spot on the table
Move the silver pot to the bottom center of the table.,Slide the silver pot to the bottom center of the table
Move the silver pot to the bottom center of the table.,Move the silver pot so that it rests at the center-bottom of the table
Move the silver pot to the bottom center of the table.,Place the silver pot in the middle-bottom of the table
Move the silver pot to the bottom center of the table.,Shift the silver pot to the center-bottom of the table's surface
Move the silver pot to the bottom center of the table.,Place the silver pot in the bottom center position of the table
Move the silver pot to the bottom center of the table.,Move the silver pot and position it at the table's center-bottom
Move the silver pot to the bottom center of the table.,Shift the silver pot to the center-bottom position on the table
Move the silver pot to the bottom center of the table.,"Place the silver pot in the center of the table, towards the bottom"
Move the silver pot to the bottom center of the table.,Move the silver pot to the middle-bottom area of the table
Move the silver pot to the bottom center of the table.,"Move the silver pot towards the center of the table, ensuring it is at the bottom"
Move the silver pot to the bottom center of the table.,Arrange the silver pot at the table's bottom center
Move the silver pot to the bottom center of the table.,Place the silver pot at the bottom center of the table
Move the silver pot to the bottom center of the table.,Place the silver pot in the center-bottom spot on the table
Put the scoop onto the cloth.,Install the scoop onto the cloth
Put the scoop onto the cloth.,Affix the scoop firmly onto the cloth
Put the scoop onto the cloth.,Position the scoop on the cloth
Put the scoop onto the cloth.,Place the scoop onto the fabric
Put the scoop onto the cloth.,Rest the scoop onto the cloth
Put the scoop onto the cloth.,Place the scoop on top of the cloth
Put the scoop onto the cloth.,Mount the scoop onto the cloth
Put the scoop onto the cloth.,Position the scoop on top of the cloth
Put the scoop onto the cloth.,Settle the scoop onto the cloth
Put the scoop onto the cloth.,Affix the scoop to the surface of the cloth
Put the scoop onto the cloth.,Affix the scoop onto the cloth
Put the scoop onto the cloth.,Place the scoop over the cloth
Put the scoop onto the cloth.,Set the scoop onto the cloth
Put the scoop onto the cloth.,Position the scoop onto the cloth
Put the scoop onto the cloth.,Attach the scoop firmly onto the cloth
Put the scoop onto the cloth.,Securely place the scoop onto the fabric
Put the scoop onto the cloth.,Affix the scoop to the cloth surface
Put the scoop onto the cloth.,Install the scoop onto the fabric
Put the scoop onto the cloth.,Attach the scoop to the cloth
Put the scoop onto the cloth.,Secure the scoop onto the cloth
Put the scoop onto the cloth.,Securely position the scoop on the cloth
Put the scoop onto the cloth.,Place the scoop onto the cloth
Move the spoon to the lower left corner of table.,Adjust the spoon to the corner of the table that is both lower and left
Move the spoon to the lower left corner of table.,Slide the spoon to the lower left corner of the table
Move the spoon to the lower left corner of table.,Position the spoon at the lower left corner of the table
Move the spoon to the lower left corner of table.,Place the spoon in the bottom left corner of the table
Move the spoon to the lower left corner of table.,Shift the spoon to the bottom left corner of the table
Move the spoon to the lower left corner of table.,Arrange the spoon in the bottom left corner of the table
Move the spoon to the lower left corner of table.,Move the spoon to the left corner at the bottom of the table
Move the spoon to the lower left corner of table.,Maneuver the spoon to the bottom left corner of the table
Move the spoon to the lower left corner of table.,Shift the spoon's position to the lower left corner of the table
Move the spoon to the lower left corner of table.,Arrange the spoon in the corner of the table that is located at the lower left
Move the spoon to the lower left corner of table.,Arrange the spoon in the lower left corner of the table
Move the spoon to the lower left corner of table.,Move the spoon towards the lower left corner of the table
Move the spoon to the lower left corner of table.,Transfer the spoon to the lower left-hand corner of the table
Move the spoon to the lower left corner of table.,Settle the spoon in the corner of the table that is towards the bottom and left
Move the spoon to the lower left corner of table.,Shift the spoon to the corner of the table that is situated in the bottom left
Move the spoon to the lower left corner of table.,Place the spoon at the corner of the table that is situated towards the bottom left
Move the spoon to the lower left corner of table.,Move the spoon to the corner of the table that is positioned towards the bottom left
Move the spoon to the lower left corner of table.,Relocate the spoon to the bottom left corner of the table
Move the spoon to the lower left corner of table.,Place the spoon in the lower left corner of the table
Move the spoon to the lower left corner of table.,Slide the spoon to the bottom left corner of the table
Move the spoon to the lower left corner of table.,Transport the spoon to the lower left corner of the table
Move the spoon to the lower left corner of table.,Place the spoon at the leftmost and bottommost corner of the table
Move the spoon to the lower left corner of table.,Transfer the spoon to the lower left corner of the table
Move the spoon to the lower left corner of table.,Arrange the spoon at the bottom left corner of the table
Move the spoon to the lower left corner of table.,Shift the spoon to the lower left corner of the table
Move the spoon to the lower left corner of table.,Shift the spoon to the corner of the table that is lower and left
Move the spoon to the lower left corner of table.,Place the spoon in the corner of the table that is towards the bottom left
Move the spoon to the lower left corner of table.,Move the spoon towards the left and down to the corner of the table
Move the spoon to the lower left corner of table.,Transport the spoon to the corner of the table that is located at the bottom left
Move the spoon to the lower left corner of table.,Move the spoon to the corner of the table that is at the bottom left
Move the spoon to the lower left corner of table.,Position the spoon at the bottom left corner of the table
move white toy to the right corner of the table,Place the white toy at the right corner of the table
move white toy to the right corner of the table,Place the white toy in the right corner of the table
move white toy to the right corner of the table,Transport the white toy and position it in the right corner of the table
move white toy to the right corner of the table,Push the white toy to the corner on the right-hand side of the table
move white toy to the right corner of the table,Please shift the white toy towards the right corner of the table
move white toy to the right corner of the table,Slide the white toy over to the right corner of the table
move white toy to the right corner of the table,Slide the white toy over to the corner on the right side of the table
move white toy to the right corner of the table,Transport the white toy and place it in the corner on the right side of the table
move white toy to the right corner of the table,Move the white toy and place it in the corner at the right end of the table
move white toy to the right corner of the table,Take the white toy and move it to the corner on the right side of the table
move white toy to the right corner of the table,Move the white toy over to the corner on the right side of the table
move white toy to the right corner of the table,Maneuver the white toy to the corner on the right side of the table
move white toy to the right corner of the table,Push the white toy towards the corner of the table on the right side
move white toy to the right corner of the table,Relocate the white toy to the corner at the right end of the table
move white toy to the right corner of the table,Slide the white toy to the corner located on the right side of the table
move white toy to the right corner of the table,Displace the white toy and settle it in the corner at the rightmost end of the table
move white toy to the right corner of the table,Adjust the position of the white toy to the right corner of the table
move white toy to the right corner of the table,Move the white toy over to the corner located on the right side of the table
move white toy to the right corner of the table,Move the toy that is white to the corner on the right side of the table
move white toy to the right corner of the table,"Transfer the toy, which is white, to the corner positioned on the right side of the table"
move white toy to the right corner of the table,Move the white toy so that it is situated in the corner on the right side of the table
move white toy to the right corner of the table,Position the white toy in the right corner of the table
move white toy to the right corner of the table,Transfer the white toy to the corner situated on the right side of the table
move white toy to the right corner of the table,Relocate the toy that is white to the corner at the right end of the table
move white toy to the right corner of the table,Shift the white-colored toy to the corner situated on the right-hand side of the table
move white toy to the right corner of the table,Transfer the white toy to the right corner of the table
move white toy to the right corner of the table,Place the white toy in the corner of the table on the right side
move white toy to the right corner of the table,Relocate the white toy and position it in the corner at the right side of the table
move white toy to the right corner of the table,Slide the white toy towards the corner positioned on the right side of the table
move white toy to the right corner of the table,Shift the white toy to the right corner of the table
move white toy to the right corner of the table,Place the white toy in the corner located at the right end of the table
move white toy to the right corner of the table,Shift the white-colored toy to the corner positioned towards the right-hand side of the table
move white toy to the right corner of the table,Please relocate the white toy to the right corner of the table
move white toy to the right corner of the table,Transfer the white toy and position it in the right corner of the table
move white toy to the right corner of the table,Transfer the white toy to the corner located on the right side of the table
move white toy to the right corner of the table,Relocate the white toy to the corner situated on the right side of the table
move white toy to the right corner of the table,Transfer the toy that is white to the right corner of the table
move white toy to the right corner of the table,Take the white toy and place it in the corner located on the right side of the table
move white toy to the right corner of the table,Shift the white toy to the corner positioned on the right side of the table
move white toy to the right corner of the table,Maneuver the white toy to the right corner of the table
move white toy to the right corner of the table,Relocate the white toy to the right corner of the table
move white toy to the right corner of the table,Relocate the white toy to the corner on the right side of the table
move white toy to the right corner of the table,"Place the toy, which is white in color, at the corner that is on the right side of the table"
move white toy to the right corner of the table,Glide the white toy to the corner situated on the right side of the table
move white toy to the right corner of the table,Shift the white toy towards the right corner of the table
