task,suite,task_id,canonical,split_20260901,eval_set_20260904,phrase_a,phrase_b,a_is_canonical,edit_type,span_a,span_b,span_pos,edit_class,succ_a,succ_b,delta,p_z,p_fisher,both,a_only,b_only,neither,p_mcnemar,designed,design_note,source_a,source_b,significant_18pp
libero_10/0,libero_10,0,put both the alphabet soup and the tomato sauce in the basket,unassigned,,put both the alphabet soup and the tomato sauce in the basket,put both the soup and the tomato sauce in the basket,True,delete,alphabet,,3,words removed,94,96,2,0.64635519553949,1.0,47,0,1,2,1.0,True,round8: E long-horizon nouns; alphabet soup -> soup,round8,round8,False
libero_10/1,libero_10,1,put both the cream cheese box and the butter in the basket,unassigned,,put both the cream cheese box and the butter in the basket,put both the cream cheese and the butter in the basket,True,delete,box,,5,words removed,100,100,0,1.0,1.0,50,0,0,0,1.0,True,round8: E long-horizon nouns; drop 'box',round8,round8,False
libero_10/2,libero_10,2,turn on the stove and put the moka pot on it,unassigned,,turn on the stove and put the moka pot on it,switch on the stove and put the moka pot on it,True,replace,turn,switch,0,verb/frame,94,94,0,1.0,1.0,44,3,3,0,1.0,True,round4: C long-horizon structure; turn on->switch on (free on goal/7),round4,round4,False
libero_10/2,libero_10,2,turn on the stove and put the moka pot on it,unassigned,,turn on the stove and put the moka pot on it,turn on the stove and put the coffee pot on it,True,replace,moka,coffee,7,noun/other,94,100,6,0.0786401793488283,0.24242424242424243,47,0,3,0,0.25,True,round8: E long-horizon nouns; moka -> coffee,round4,round8,False
libero_10/3,libero_10,3,put the black bowl in the bottom drawer of the cabinet and close it,unassigned,,put the black bowl in the bottom drawer of the cabinet and close it,put the black bowl in the bottom drawer of the cabinet and shut it,True,replace,close,shut,12,verb/frame,98,96,-2,0.5577341459422835,1.0,48,1,0,1,1.0,True,round4: C long-horizon structure; close->shut,round4,round4,False
libero_10/5,libero_10,5,pick up the book and place it in the back compartment of the caddy,unassigned,,pick up the book and place it in the back compartment of the caddy,pick up the book and place it in the back slot of the caddy,True,replace,compartment,slot,10,noun/other,98,100,2,0.31487864133641963,1.0,49,0,1,0,1.0,True,round8: E long-horizon nouns; compartment -> slot,round8,round8,False
libero_10/8,libero_10,8,put both moka pots on the stove,unassigned,,put both coffee pots on the stove,put the moka pots on the stove,False,replace,both coffee,the moka,1,noun/other,66,66,0,1.0,1.0,23,10,10,7,1.0,False,,round8,round4,False
libero_10/8,libero_10,8,put both moka pots on the stove,unassigned,,put both moka pots on the stove,put both coffee pots on the stove,True,replace,moka,coffee,2,noun/other,62,66,4,0.6769222390213792,0.8351562058369704,21,10,12,7,0.8318119049072266,True,round8: E long-horizon nouns; moka -> coffee,round4,round8,False
libero_10/8,libero_10,8,put both moka pots on the stove,unassigned,,put both moka pots on the stove,put the moka pots on the stove,True,replace,both,the,1,noun/other,62,66,4,0.6769222390213792,0.8351562058369704,26,5,7,12,0.7744140625,True,round4: C long-horizon structure; drop 'both',round4,round4,False
libero_10/9,libero_10,9,put the yellow and white mug in the microwave and close it,unassigned,,put the yellow and white mug in the microwave and close it,put the yellow and white cup in the microwave and close it,True,replace,mug,cup,5,noun/other,94,94,0,1.0,1.0,45,2,2,1,1.0,True,round8: E long-horizon nouns; mug -> cup,round8,round8,False
libero_90/1,libero_90,1,close the top drawer of the cabinet and put the black bowl on top of it,train,,close the top drawer of the cabinet and put the black bowl on top of it,close the top drawer of the cabinet and place the black bowl on top of it,True,replace,put,place,8,verb/frame,0,0,0,1.0,1.0,0,0,0,50,1.0,True,round6: F more floor rescues; paraphrase,round6,round6,False
libero_90/1,libero_90,1,close the top drawer of the cabinet and put the black bowl on top of it,train,,close the top drawer of the cabinet and put the black bowl on top of it,shut the top drawer of the cabinet and put the black bowl on top of it,True,replace,close,shut,0,verb/frame,0,0,0,1.0,1.0,0,0,0,50,1.0,True,round6: F more floor rescues; paraphrase,round6,round6,False
libero_90/10,libero_90,10,put the black bowl on top of the cabinet,train,,place the black bowl on top of the cabinet,place the black bowl up onto the cabinet,False,replace,on top of,up onto,4,preposition/particle,100,60,-40,5.73303143758389e-07,1.758607257103998e-07,30,20,0,0,1.9073486328125e-06,False,,roll50,roll50,True
libero_90/10,libero_90,10,put the black bowl on top of the cabinet,train,,put the black bowl on top of the cabinet,put the grey bowl on top of the cabinet,True,replace,black,grey,2,color,94,96,2,0.64635519553949,1.0,46,1,2,1,1.0,True,"round7: same string, healthy scene",round7,round7,False
libero_90/10,libero_90,10,put the black bowl on top of the cabinet,train,,put the black bowl on top of the cabinet,place the black bowl on top of the cabinet,True,replace,put,place,0,verb/frame,94,100,6,0.0786401793488283,0.24242424242424243,47,0,3,0,0.25,True,roll50: preposition; confirm50,round7,roll50,False
libero_90/15,libero_90,15,put the middle black bowl on top of the cabinet,train,,put the middle black bowl on top of the cabinet,put the middle black bowl atop the cabinet,True,replace,on top of,atop,5,preposition/particle,2,0,-2,0.31487864133641996,1.0,0,1,0,49,1.0,True,round6: F more floor rescues; paraphrase,round6,round6,False
libero_90/15,libero_90,15,put the middle black bowl on top of the cabinet,train,,put the middle black bowl on top of the cabinet,place the middle black bowl on top of the cabinet,True,replace,put,place,0,verb/frame,2,10,8,0.09212296325765205,0.20440158503099362,1,0,4,45,0.125,True,round6: F more floor rescues; paraphrase,round6,round6,False
libero_90/17,libero_90,17,stack the middle black bowl on the back black bowl,train,,stack the middle black bowl on the back black bowl,put the middle black bowl on the back black bowl,True,replace,stack,put,0,verb/frame,0,0,0,1.0,1.0,0,0,0,50,1.0,True,round6: G identical-object locator; verb,round6,round6,False
libero_90/17,libero_90,17,stack the middle black bowl on the back black bowl,train,,stack the middle black bowl on the back black bowl,stack the centre black bowl on the back black bowl,True,replace,middle,centre,2,noun/other,0,0,0,1.0,1.0,0,0,0,50,1.0,True,round6: G identical-object locator; middle -> centre,round6,round6,False
libero_90/17,libero_90,17,stack the middle black bowl on the back black bowl,train,,stack the middle black bowl on the back black bowl,stack the middle black bowl on the rear black bowl,True,replace,back,rear,7,noun/other,0,0,0,1.0,1.0,0,0,0,50,1.0,True,round6: G identical-object locator; back -> rear,round6,round6,False
libero_90/19,libero_90,19,put the moka pot on the stove,train,,put the moka pot on the stove,put the coffee pot on the stove,True,replace,moka,coffee,2,noun/other,94,84,-10,0.11004143475794968,0.19971707940132497,41,6,1,2,0.125,True,minpair: TARGET; minpair,roll50,minpair_partial,False
libero_90/19,libero_90,19,put the moka pot on the stove,train,,put the moka pot on the stove,put the espresso pot on the stove,True,replace,moka,espresso,2,noun/other,94,84,-10,0.11004143475794968,0.19971707940132497,41,6,1,2,0.125,True,minpair: TARGET; minpair,roll50,minpair_partial,False
libero_90/19,libero_90,19,put the moka pot on the stove,train,,put the moka pot on the burner,put the moka pot on the stove.,False,replace,burner,stove.,6,noun/other,96,90,-6,0.23967772321846303,0.4360315033131094,44,4,1,1,0.375,False,,minpair_partial,round8,False
libero_90/19,libero_90,19,put the moka pot on the stove,train,,put the moka pot on the burner,put the moka pot on the hot plate,False,replace,burner,hot plate,6,noun/other,96,92,-4,0.39970292178238365,0.6777322876074912,44,4,2,0,0.6875,False,,minpair_partial,round2,False
libero_90/19,libero_90,19,put the moka pot on the stove,train,,put the moka pot on the stove,put the moka pot on the stove.,True,replace,stove,stove.,6,punctuation,94,90,-4,0.4609947864255787,0.7149836629646897,42,5,3,0,0.7265625,True,round8: A formatting; trailing period (Bridge: -11pp),roll50,round8,False
libero_90/19,libero_90,19,put the moka pot on the stove,train,,put the moka pot on the stove,Put the moka pot on the stove,True,replace,put,Put,0,case,94,92,-2,0.6951092703010286,1.0,43,4,3,0,1.0,True,round8: A formatting; capitalise (Bridge: -12pp),roll50,round8,False
libero_90/19,libero_90,19,put the moka pot on the stove,train,,can you put the moka pot on the stove,i want the moka pot on the stove,False,replace,can you put,i want,0,verb/frame,94,92,-2,0.6951092703010286,1.0,44,3,2,1,1.0,False,,round8,round8,False
libero_90/19,libero_90,19,put the moka pot on the stove,train,,can you put the moka pot on the stove,just put the moka pot on the stove,False,replace,can you,just,0,noun/other,94,92,-2,0.6951092703010286,1.0,44,3,2,1,1.0,False,,round8,roll50,False
libero_90/19,libero_90,19,put the moka pot on the stove,train,,put the moka pot on the stove,i want the moka pot on the stove,True,replace,put,i want,0,verb/frame,94,92,-2,0.6951092703010286,1.0,44,3,2,1,1.0,True,round8: F sentence structure; desire,roll50,round8,False
libero_90/19,libero_90,19,put the moka pot on the stove,train,,put the moka pot on the stove,just put the moka pot on the stove,True,insert,,just,0,words added,94,92,-2,0.6951092703010286,1.0,44,3,2,1,1.0,True,roll50: proposed; probe50,roll50,roll50,False
libero_90/19,libero_90,19,put the moka pot on the stove,train,,put the moka pot on the stove,put the moka pot on the hot plate,True,replace,stove,hot plate,6,noun/other,94,92,-2,0.6951092703010286,1.0,43,4,3,0,1.0,True,round2: A_transfer; stove -> hot plate; r2,roll50,round2,False
libero_90/19,libero_90,19,put the moka pot on the stove,train,,put the moka pot on the hot plate,put the moka pot on the stove.,False,replace,hot plate,stove.,6,noun/other,92,90,-2,0.7267678061991002,1.0,41,5,4,0,1.0,False,,round2,round8,False
libero_90/19,libero_90,19,put the moka pot on the stove,train,,put the moka pot on the stove,put the silver moka pot on the stove,True,insert,,silver,2,words added,94,92,-2,0.6951092703010286,1.0,43,4,3,0,1.0,True,round6: E specificity penalty; add 'silver',roll50,round6,False
libero_90/19,libero_90,19,put the moka pot on the stove,train,,Put the moka pot on the stove,i want the moka pot on the stove,False,replace,Put,i want,0,verb/frame,92,92,0,1.0,1.0,43,3,3,1,1.0,False,,round8,round8,False
libero_90/19,libero_90,19,put the moka pot on the stove,train,,Put the moka pot on the stove,just put the moka pot on the stove,False,replace,Put,just put,0,words added,92,92,0,1.0,1.0,43,3,3,1,1.0,False,,round8,roll50,False
libero_90/19,libero_90,19,put the moka pot on the stove,train,,put the moka pot on the stove,can you put the moka pot on the stove,True,insert,,can you,0,verb/frame,94,94,0,1.0,1.0,45,2,2,1,1.0,True,round8: F sentence structure; question,roll50,round8,False
libero_90/19,libero_90,19,put the moka pot on the stove,train,,i want the moka pot on the stove,just put the moka pot on the stove,False,replace,i want,just put,0,noun/other,92,92,0,1.0,1.0,45,1,1,3,1.0,False,,round8,roll50,False
libero_90/19,libero_90,19,put the moka pot on the stove,train,,put the coffee pot on the stove,put the espresso pot on the stove,False,replace,coffee,espresso,2,noun/other,84,84,0,1.0,0.9999999999999999,36,6,6,2,1.0,False,,minpair_partial,minpair_partial,False
libero_90/19,libero_90,19,put the moka pot on the stove,train,,the moka pot goes on the stove,the moka pot should be put on the stove,False,replace,goes,should be put,3,verb/frame,90,90,0,1.0,1.0,41,4,4,1,1.0,False,,round8,round8,False
libero_90/19,libero_90,19,put the moka pot on the stove,train,,Put the moka pot on the stove,can you put the moka pot on the stove,False,replace,Put,can you put,0,verb/frame,92,94,2,0.6951092703010286,1.0,44,2,3,1,1.0,False,,round8,round8,False
libero_90/19,libero_90,19,put the moka pot on the stove,train,,put the moka pot on the stove,put the moka pot on the burner,True,replace,stove,burner,6,noun/other,94,96,2,0.64635519553949,1.0,45,2,3,0,1.0,True,minpair: DEST; minpair,roll50,minpair_partial,False
libero_90/19,libero_90,19,put the moka pot on the stove,train,,put the coffee pot on the stove,put the silver moka pot on the stove,False,replace,coffee,silver moka,2,noun/other,84,92,8,0.21835469056590126,0.35666132312750487,39,3,7,1,0.34375,False,,minpair_partial,round6,False
libero_90/19,libero_90,19,put the moka pot on the stove,train,,put the espresso pot on the stove,put the silver moka pot on the stove,False,replace,espresso,silver moka,2,noun/other,84,92,8,0.21835469056590126,0.35666132312750487,38,4,8,0,0.3876953125,False,,minpair_partial,round6,False
libero_90/21,libero_90,21,turn on the stove and put the frying pan on it,train,,fire up the stove and put the frying pan on it,start the stove and put the frying pan on it,False,replace,fire up,start,0,verb/frame,0,0,0,1.0,1.0,0,0,0,50,1.0,False,,round6,round6,False
libero_90/21,libero_90,21,turn on the stove and put the frying pan on it,train,,fire up the stove and put the frying pan on it,switch on the stove and put the frying pan on it,False,replace,fire up,switch on,0,verb/frame,0,0,0,1.0,1.0,0,0,0,50,1.0,False,,round6,round6,False
libero_90/21,libero_90,21,turn on the stove and put the frying pan on it,train,,turn on the stove and put the frying pan on it,fire up the stove and put the frying pan on it,True,replace,turn on,fire up,0,verb/frame,0,0,0,1.0,1.0,0,0,0,50,1.0,True,round6: C verb rescue; verb alternative,round6,round6,False
libero_90/21,libero_90,21,turn on the stove and put the frying pan on it,train,,start the stove and put the frying pan on it,switch on the stove and put the frying pan on it,False,replace,start,switch on,0,verb/frame,0,0,0,1.0,1.0,0,0,0,50,1.0,False,,round6,round6,False
libero_90/21,libero_90,21,turn on the stove and put the frying pan on it,train,,turn on the stove and put the frying pan on it,start the stove and put the frying pan on it,True,replace,turn on,start,0,verb/frame,0,0,0,1.0,1.0,0,0,0,50,1.0,True,round6: C verb rescue; verb alternative,round6,round6,False
libero_90/21,libero_90,21,turn on the stove and put the frying pan on it,train,,turn on the stove and put the frying pan on it,switch on the stove and put the frying pan on it,True,replace,turn,switch,0,verb/frame,0,0,0,1.0,1.0,0,0,0,50,1.0,True,round6: C verb rescue; verb alternative,round6,round6,False
libero_90/22,libero_90,22,close the bottom drawer of the cabinet,train,,close the bottom drawer of the cupboard,close the bottom drawer of the wooden cabinet,False,replace,cupboard,wooden cabinet,6,noun/other,100,98,-2,0.31487864133641963,1.0,49,1,0,0,1.0,False,,roll50,round6,False
libero_90/22,libero_90,22,close the bottom drawer of the cabinet,train,,close the bottom drawer of the cabinet,close the bottom drawer of the wooden cabinet,True,insert,,wooden,6,color,96,98,2,0.5577341459422835,1.0,47,1,2,0,1.0,True,round6: E specificity penalty; add 'wooden',roll50,round6,False
libero_90/22,libero_90,22,close the bottom drawer of the cabinet,train,,close the bottom drawer of the cabinet,close the bottom drawer of the cupboard,True,replace,cabinet,cupboard,6,noun/other,96,100,4,0.15312745101966943,0.494949494949495,48,0,2,0,0.5,True,roll50: proposed; probe50,roll50,roll50,False
libero_90/22,libero_90,22,close the bottom drawer of the cabinet,train,,close the bottom drawer of the cabinet,close the lower drawer of the cabinet,True,replace,bottom,lower,2,noun/other,96,100,4,0.15312745101966943,0.494949494949495,48,0,2,0,0.5,True,roll50: proposed; probe50,roll50,roll50,False
libero_90/23,libero_90,23,close the bottom drawer of the cabinet and open the top drawer,train,,close the bottom drawer of the cabinet and open the top drawer,push in the bottom drawer of the cabinet and open the top drawer,True,replace,close,push in,0,verb/frame,0,0,0,1.0,1.0,0,0,0,50,1.0,True,round6: F more floor rescues; paraphrase,round6,round6,False
libero_90/23,libero_90,23,close the bottom drawer of the cabinet and open the top drawer,train,,close the bottom drawer of the cabinet and open the top drawer,shut the bottom drawer of the cabinet and open the top drawer,True,replace,close,shut,0,verb/frame,0,0,0,1.0,1.0,0,0,0,50,1.0,True,round6: F more floor rescues; paraphrase,round6,round6,False
libero_90/23,libero_90,23,close the bottom drawer of the cabinet and open the top drawer,train,,push in the bottom drawer of the cabinet and open the top drawer,shut the bottom drawer of the cabinet and open the top drawer,False,replace,push in,shut,0,verb/frame,0,0,0,1.0,1.0,0,0,0,50,1.0,False,,round6,round6,False
libero_90/24,libero_90,24,put the black bowl in the bottom drawer of the cabinet,train,,can you put the black bowl in the bottom drawer of the cabinet,i want the black bowl in the bottom drawer of the cabinet,False,replace,can you put,i want,0,verb/frame,100,100,0,1.0,1.0,50,0,0,0,1.0,False,,round8,round8,False
libero_90/24,libero_90,24,put the black bowl in the bottom drawer of the cabinet,train,,can you put the black bowl in the bottom drawer of the cabinet,place the black bowl in the bottom drawer of the cabinet,False,replace,can you put,place,0,verb/frame,100,100,0,1.0,1.0,50,0,0,0,1.0,False,,round8,round3,False
libero_90/24,libero_90,24,put the black bowl in the bottom drawer of the cabinet,train,,put the black bowl in the bottom drawer of the cabinet,can you put the black bowl in the bottom drawer of the cabinet,True,insert,,can you,0,verb/frame,100,100,0,1.0,1.0,50,0,0,0,1.0,True,round8: F sentence structure; question,round2,round8,False
libero_90/24,libero_90,24,put the black bowl in the bottom drawer of the cabinet,train,,i want the black bowl in the bottom drawer of the cabinet,place the black bowl in the bottom drawer of the cabinet,False,replace,i want,place,0,verb/frame,100,100,0,1.0,1.0,50,0,0,0,1.0,False,,round8,round3,False
libero_90/24,libero_90,24,put the black bowl in the bottom drawer of the cabinet,train,,put the black bowl in the bottom drawer of the cabinet,i want the black bowl in the bottom drawer of the cabinet,True,replace,put,i want,0,verb/frame,100,100,0,1.0,1.0,50,0,0,0,1.0,True,round8: F sentence structure; desire,round2,round8,False
libero_90/24,libero_90,24,put the black bowl in the bottom drawer of the cabinet,train,,put the black bowl in the bottom drawer of the cabinet,place the black bowl in the bottom drawer of the cabinet,True,replace,put,place,0,verb/frame,100,100,0,1.0,1.0,50,0,0,0,1.0,True,round3: 8 replicate put vs place; 90/59 gave +12pp p=0.241,round2,round3,False
libero_90/24,libero_90,24,put the black bowl in the bottom drawer of the cabinet,train,,put the black bowl in the bottom drawer of the cabinet,put the black bowl in the bottom drawer of the cupboard,True,replace,cabinet,cupboard,10,noun/other,100,100,0,1.0,1.0,50,0,0,0,1.0,True,round2: B_role; DEST rename; r2,round2,round2,False
libero_90/24,libero_90,24,put the black bowl in the bottom drawer of the cabinet,train,,put the black bowl in the bottom drawer of the cabinet,put the black bowl in the bottom drawer of the wooden cabinet,True,insert,,wooden,10,color,100,100,0,1.0,1.0,50,0,0,0,1.0,True,round6: E specificity penalty; add 'wooden',round2,round6,False
libero_90/24,libero_90,24,put the black bowl in the bottom drawer of the cabinet,train,,put the black bowl in the bottom drawer of the cabinet,put the black dish in the bottom drawer of the cabinet,True,replace,bowl,dish,3,noun/other,100,100,0,1.0,1.0,50,0,0,0,1.0,True,round2: B_role; TARGET rename; r2,round2,round2,False
libero_90/24,libero_90,24,put the black bowl in the bottom drawer of the cabinet,train,,put the black bowl in the bottom drawer of the cupboard,put the black bowl in the bottom drawer of the wooden cabinet,False,replace,cupboard,wooden cabinet,10,noun/other,100,100,0,1.0,1.0,50,0,0,0,1.0,False,,round2,round6,False
libero_90/24,libero_90,24,put the black bowl in the bottom drawer of the cabinet,train,,the black bowl goes in the bottom drawer of the cabinet,the black bowl should be put in the bottom drawer of the cabinet,False,replace,goes,should be put,3,verb/frame,100,100,0,1.0,1.0,50,0,0,0,1.0,False,,round8,round8,False
libero_90/25,libero_90,25,put the black bowl on top of the cabinet,train,,put the black bowl on top of the cabinet,place the black bowl on top of the cabinet,True,replace,put,place,0,verb/frame,0,0,0,1.0,1.0,0,0,0,50,1.0,True,"round6: B same string, other scenes; verb",round6,round6,False
libero_90/25,libero_90,25,put the black bowl on top of the cabinet,train,,put the black bowl on top of the cabinet,put the black bowl atop the cabinet,True,replace,on top of,atop,4,preposition/particle,0,0,0,1.0,1.0,0,0,0,50,1.0,True,"round6: B same string, other scenes; preposition",round6,round6,False
libero_90/25,libero_90,25,put the black bowl on top of the cabinet,train,,put the black bowl on top of the cabinet,put the bowl on top of the cabinet,True,delete,black,,2,color,0,0,0,1.0,1.0,0,0,0,50,1.0,True,"round6: B same string, other scenes; drop the colour",round6,round6,False
libero_90/25,libero_90,25,put the black bowl on top of the cabinet,train,,put the black bowl on top of the cabinet,put the grey bowl on top of the cabinet,True,replace,black,grey,2,color,0,0,0,1.0,1.0,0,0,0,50,1.0,True,"round7: same string, scene at 0%",round6,round7,False
libero_90/25,libero_90,25,put the black bowl on top of the cabinet,train,,put the bowl on top of the cabinet,put the grey bowl on top of the cabinet,False,insert,,grey,2,color,0,0,0,1.0,1.0,0,0,0,50,1.0,False,,round6,round7,False
libero_90/28,libero_90,28,close the top drawer of the cabinet,train,,close the open top drawer of the white cabinet on the left,push in the open top drawer of the white cabinet on the left,False,replace,close,push in,0,verb/frame,48,30,-18,0.06500731219208666,0.10040717163394025,10,14,5,21,0.063568115234375,False,,roll50,roll50,False
libero_90/28,libero_90,28,close the top drawer of the cabinet,train,,close the top drawer of the cabinet,close the upper drawer of the cabinet,True,replace,top,upper,2,noun/other,38,38,0,1.0,1.0,11,8,8,23,1.0,True,roll50: modifier; confirm50,roll50,roll50,False
libero_90/30,libero_90,30,put the black bowl on the plate,sealed_test,B_ood_range,put the black bowl on the plate,put the black bowl on the dish,True,replace,plate,dish,6,noun/other,76,20,-56,2.088746156416682e-08,2.8890933972659572e-08,6,32,4,8,1.941574737429619e-06,True,round3: 9 SEALED (held out); held-out plate->dish (90/9 gave -8pp),round3,round3,True
libero_90/30,libero_90,30,put the black bowl on the plate,sealed_test,B_ood_range,put the black bowl on the plate,put the dark bowl on the plate,True,replace,black,dark,2,noun/other,76,72,-4,0.6484182011551726,0.8199963968244333,28,10,8,4,0.8145294189453125,True,round3: 9 SEALED (held out); held-out black->dark (90/9 gave -10pp),round3,round3,False
libero_90/30,libero_90,30,put the black bowl on the plate,sealed_test,B_ood_range,put the black bowl on the plate,put the grey bowl on the plate,True,replace,black,grey,2,color,76,72,-4,0.6484182011551726,0.8199963968244333,31,7,5,7,0.7744140625,True,"round7: sealed scene (76%, dish was -56)",round3,round7,False
libero_90/30,libero_90,30,put the black bowl on the plate,sealed_test,B_ood_range,put the dark bowl on the plate,put the grey bowl on the plate,False,replace,dark,grey,2,noun/other,72,72,0,1.0,0.9999999999999999,28,8,8,6,1.0,False,,round3,round7,False
libero_90/31,libero_90,31,put the black bowl on top of the cabinet,train,,put the bowl on top of the cabinet,put the grey bowl on top of the cabinet,False,insert,,grey,2,color,36,10,-26,0.00200753736420068,0.0037212012790969573,3,15,2,30,0.002349853515625,False,,round6,round7,True
libero_90/31,libero_90,31,put the black bowl on top of the cabinet,train,,put the black bowl on top of the cabinet,put the black bowl atop the cabinet,True,replace,on top of,atop,4,preposition/particle,16,10,-6,0.3723653021980271,0.5535550107112579,1,7,4,38,0.548828125,True,"round6: B same string, other scenes; preposition",round6,round6,False
libero_90/31,libero_90,31,put the black bowl on top of the cabinet,train,,put the black bowl on top of the cabinet,put the grey bowl on top of the cabinet,True,replace,black,grey,2,color,16,10,-6,0.3723653021980271,0.5535550107112579,3,5,2,40,0.453125,True,round7: black 16% / bowl 36% — is 'black' the problem?,round6,round7,False
libero_90/31,libero_90,31,put the black bowl on top of the cabinet,train,,put the black bowl on top of the cabinet,place the black bowl on top of the cabinet,True,replace,put,place,0,verb/frame,16,14,-2,0.7794345284272752,1.0,3,5,4,38,1.0,True,"round6: B same string, other scenes; verb",round6,round6,False
libero_90/31,libero_90,31,put the black bowl on top of the cabinet,train,,put the black bowl on top of the cabinet,put the bowl on top of the cabinet,True,delete,black,,2,color,16,36,20,0.02261932973833059,0.039006299959161286,7,1,11,31,0.00634765625,True,"round6: B same string, other scenes; drop the colour",round6,round6,True
libero_90/32,libero_90,32,put the ketchup in the top drawer of the cabinet,train,,put the ketchup in the top drawer of the cabinet,place the ketchup in the top drawer of the cabinet,True,replace,put,place,0,verb/frame,0,0,0,1.0,1.0,0,0,0,50,1.0,True,round6: F more floor rescues; paraphrase,round6,round6,False
libero_90/32,libero_90,32,put the ketchup in the top drawer of the cabinet,train,,place the ketchup in the top drawer of the cabinet,set the ketchup in the top drawer of the cabinet,False,replace,place,set,0,verb/frame,0,0,0,1.0,1.0,0,0,0,50,1.0,False,,round6,round6,False
libero_90/32,libero_90,32,put the ketchup in the top drawer of the cabinet,train,,put the ketchup in the top drawer of the cabinet,put the ketchup into the top drawer of the cabinet,True,replace,in,into,3,preposition/particle,0,0,0,1.0,1.0,0,0,0,50,1.0,True,round6: F more floor rescues; paraphrase,round6,round6,False
libero_90/32,libero_90,32,put the ketchup in the top drawer of the cabinet,train,,put the ketchup in the top drawer of the cabinet,set the ketchup in the top drawer of the cabinet,True,replace,put,set,0,verb/frame,0,0,0,1.0,1.0,0,0,0,50,1.0,True,round6: F more floor rescues; paraphrase,round6,round6,False
libero_90/34,libero_90,34,put the yellow and white mug to the front of the white mug,train,,put the yellow and white mug to the front of the white mug,move the yellow and white mug to the front of the white mug,True,replace,put,move,0,verb/frame,0,0,0,1.0,1.0,0,0,0,50,1.0,True,round6: F more floor rescues; paraphrase,round6,round6,False
libero_90/34,libero_90,34,put the yellow and white mug to the front of the white mug,train,,place the yellow and white mug in front of the white mug,put the yellow and white mug in front of the white mug,False,replace,place,put,0,verb/frame,0,0,0,1.0,1.0,0,0,0,50,1.0,False,,round6,round6,False
libero_90/34,libero_90,34,put the yellow and white mug to the front of the white mug,train,,put the yellow and white mug to the front of the white mug,put the yellow and white mug in front of the white mug,True,replace,to the,in,6,preposition/particle,0,0,0,1.0,1.0,0,0,0,50,1.0,True,round6: F more floor rescues; paraphrase,round6,round6,False
libero_90/35,libero_90,35,open the microwave,train,,open the microwave,open the microwave door,True,insert,,door,3,words added,8,2,-6,0.1686686188878151,0.3621784858898261,0,4,1,45,0.375,True,round6: C verb rescue; verb alternative,round6,round6,False
libero_90/35,libero_90,35,open the microwave,train,,open the microwave,pull open the microwave,True,insert,,pull,0,verb/frame,8,6,-2,0.6951092703010273,1.0,1,3,2,44,1.0,True,round6: C verb rescue; verb alternative,round6,round6,False
libero_90/35,libero_90,35,open the microwave,train,,open the microwave,unlatch the microwave,True,replace,open,unlatch,0,noun/other,8,6,-2,0.6951092703010273,1.0,0,4,3,43,1.0,True,round6: C verb rescue; verb alternative,round6,round6,False
libero_90/35,libero_90,35,open the microwave,train,,open up the microwave,unlatch the microwave,False,replace,open up,unlatch,0,noun/other,8,6,-2,0.6951092703010273,1.0,0,4,3,43,1.0,False,,round6,round6,False
libero_90/35,libero_90,35,open the microwave,train,,open the microwave,open up the microwave,True,insert,,up,1,preposition/particle,8,8,0,1.0,1.0,2,2,2,44,1.0,True,round6: C verb rescue; verb alternative,round6,round6,False
libero_90/35,libero_90,35,open the microwave,train,,pull open the microwave,unlatch the microwave,False,replace,pull open,unlatch,0,noun/other,6,6,0,1.0,1.0,0,3,3,44,1.0,False,,round6,round6,False
libero_90/36,libero_90,36,put the white bowl on the plate,train,,place the white bowl on the plate,set the white bowl on the plate,False,replace,place,set,0,verb/frame,4,2,-2,0.5577341459422839,1.0,0,2,1,47,1.0,False,,round6,round6,False
libero_90/36,libero_90,36,put the white bowl on the plate,train,,put the white bowl on the plate,put the white dish on the plate,True,replace,bowl,dish,3,noun/other,0,2,2,0.31487864133641996,1.0,0,0,1,49,1.0,True,round6: D floor place-tasks; paraphrase,round6,round6,False
libero_90/36,libero_90,36,put the white bowl on the plate,train,,put the white bowl on the plate,set the white bowl on the plate,True,replace,put,set,0,verb/frame,0,2,2,0.31487864133641996,1.0,0,0,1,49,1.0,True,round6: D floor place-tasks; paraphrase,round6,round6,False
libero_90/36,libero_90,36,put the white bowl on the plate,train,,put the white bowl on the plate,place the white bowl on the plate,True,replace,put,place,0,verb/frame,0,4,4,0.1531274510196696,0.494949494949495,0,0,2,48,0.5,True,round6: D floor place-tasks; paraphrase,round6,round6,False
libero_90/37,libero_90,37,put the white bowl to the right of the plate,train,,put the white bowl to the right of the plate,place the white bowl to the right of the plate,True,replace,put,place,0,verb/frame,0,0,0,1.0,1.0,0,0,0,50,1.0,True,round6: D floor place-tasks; paraphrase,round6,round6,False
libero_90/37,libero_90,37,put the white bowl to the right of the plate,train,,put the white bowl to the right of the plate,put the white bowl on the right of the plate,True,replace,to,on,4,preposition/particle,0,0,0,1.0,1.0,0,0,0,50,1.0,True,round6: D floor place-tasks; paraphrase,round6,round6,False
libero_90/38,libero_90,38,put the right moka pot on the stove,train,,put the right moka pot on the stove,put the right moka pot on the hot plate,True,replace,stove,hot plate,7,noun/other,36,40,4,0.6803080368774632,0.8369464893157669,8,10,12,20,0.8318119049072266,True,round2: A_transfer; stove -> hot plate; r2,round2,round2,False
libero_90/38,libero_90,38,put the right moka pot on the stove,train,,lift the right moka pot and place it on the stove,pick up the right moka pot and place it on the stove,False,replace,lift,pick up,0,verb/frame,34,54,20,0.04395104379938907,0.06926404391768659,13,4,14,19,0.0308837890625,False,,roll50,roll50,True
libero_90/39,libero_90,39,turn off the stove,train,,turn off the stove,power off the stove,True,replace,turn,power,0,verb/frame,2,0,-2,0.31487864133641996,1.0,0,1,0,49,1.0,True,round6: C verb rescue; verb alternative,round6,round6,False
libero_90/39,libero_90,39,turn off the stove,train,,turn off the stove,shut off the stove,True,replace,turn,shut,0,verb/frame,2,0,-2,0.31487864133641996,1.0,0,1,0,49,1.0,True,round6: C verb rescue; verb alternative,round6,round6,False
libero_90/39,libero_90,39,turn off the stove,train,,turn off the stove,switch off the stove,True,replace,turn,switch,0,verb/frame,2,0,-2,0.31487864133641996,1.0,0,1,0,49,1.0,True,round6: C verb rescue; verb alternative,round6,round6,False
libero_90/39,libero_90,39,turn off the stove,train,,power off the stove,shut off the stove,False,replace,power,shut,0,verb/frame,0,0,0,1.0,1.0,0,0,0,50,1.0,False,,round6,round6,False
libero_90/39,libero_90,39,turn off the stove,train,,power off the stove,switch off the stove,False,replace,power,switch,0,verb/frame,0,0,0,1.0,1.0,0,0,0,50,1.0,False,,round6,round6,False
libero_90/39,libero_90,39,turn off the stove,train,,shut off the stove,switch off the stove,False,replace,shut,switch,0,verb/frame,0,0,0,1.0,1.0,0,0,0,50,1.0,False,,round6,round6,False
libero_90/41,libero_90,41,put the frying pan on top of the cabinet,train,,put the frying pan on top of the cabinet,put the frying pan atop the cabinet,True,replace,on top of,atop,4,preposition/particle,0,0,0,1.0,1.0,0,0,0,50,1.0,True,round6: F more floor rescues; paraphrase,round6,round6,False
libero_90/41,libero_90,41,put the frying pan on top of the cabinet,train,,put the frying pan on top of the cabinet,place the frying pan on top of the cabinet,True,replace,put,place,0,verb/frame,0,2,2,0.31487864133641996,1.0,0,0,1,49,1.0,True,round6: F more floor rescues; paraphrase,round6,round6,False
libero_90/44,libero_90,44,turn on the stove,train,,fire up the stove,ignite the stove,False,replace,fire up,ignite,0,verb/frame,100,100,0,1.0,1.0,50,0,0,0,1.0,False,,roll50,round3,False
libero_90/44,libero_90,44,turn on the stove,train,,fire up the stove,power on the stove,False,replace,fire up,power on,0,verb/frame,100,100,0,1.0,1.0,50,0,0,0,1.0,False,,roll50,round3,False
libero_90/44,libero_90,44,turn on the stove,train,,fire up the stove,start the stove,False,replace,fire up,start,0,verb/frame,100,100,0,1.0,1.0,50,0,0,0,1.0,False,,roll50,round3,False
libero_90/44,libero_90,44,turn on the stove,train,,fire up the stove,switch on the stove,False,replace,fire up,switch on,0,verb/frame,100,100,0,1.0,1.0,50,0,0,0,1.0,False,,roll50,round3,False
libero_90/44,libero_90,44,turn on the stove,train,,ignite the stove,power on the stove,False,replace,ignite,power on,0,verb/frame,100,100,0,1.0,1.0,50,0,0,0,1.0,False,,round3,round3,False
libero_90/44,libero_90,44,turn on the stove,train,,ignite the stove,start the stove,False,replace,ignite,start,0,verb/frame,100,100,0,1.0,1.0,50,0,0,0,1.0,False,,round3,round3,False
libero_90/44,libero_90,44,turn on the stove,train,,ignite the stove,switch on the stove,False,replace,ignite,switch on,0,verb/frame,100,100,0,1.0,1.0,50,0,0,0,1.0,False,,round3,round3,False
libero_90/44,libero_90,44,turn on the stove,train,,power on the stove,start the stove,False,replace,power on,start,0,verb/frame,100,100,0,1.0,1.0,50,0,0,0,1.0,False,,round3,round3,False
libero_90/44,libero_90,44,turn on the stove,train,,power on the stove,switch on the stove,False,replace,power,switch,0,verb/frame,100,100,0,1.0,1.0,50,0,0,0,1.0,False,,round3,round3,False
libero_90/44,libero_90,44,turn on the stove,train,,start the stove,switch on the stove,False,replace,start,switch on,0,verb/frame,100,100,0,1.0,1.0,50,0,0,0,1.0,False,,round3,round3,False
libero_90/44,libero_90,44,turn on the stove,train,,turn on the stove,fire up the stove,True,replace,turn on,fire up,0,verb/frame,6,100,94,4.6431125021264605e-21,4.64380767359492e-25,3,0,47,0,1.4210854715202004e-14,True,roll50: verb; confirm50,roll50,roll50,True
libero_90/44,libero_90,44,turn on the stove,train,,turn on the stove,ignite the stove,True,replace,turn on,ignite,0,verb/frame,6,100,94,4.6431125021264605e-21,4.64380767359492e-25,3,0,47,0,1.4210854715202004e-14,True,"round3: 4 verb ladder (canonical fails); canonical 6%, 'fire up' 100%",roll50,round3,True
libero_90/44,libero_90,44,turn on the stove,train,,turn on the stove,power on the stove,True,replace,turn,power,0,verb/frame,6,100,94,4.6431125021264605e-21,4.64380767359492e-25,3,0,47,0,1.4210854715202004e-14,True,"round3: 4 verb ladder (canonical fails); canonical 6%, 'fire up' 100%",roll50,round3,True
libero_90/44,libero_90,44,turn on the stove,train,,turn on the stove,start the stove,True,replace,turn on,start,0,verb/frame,6,100,94,4.6431125021264605e-21,4.64380767359492e-25,3,0,47,0,1.4210854715202004e-14,True,"round3: 4 verb ladder (canonical fails); canonical 6%, 'fire up' 100%",roll50,round3,True
libero_90/44,libero_90,44,turn on the stove,train,,turn on the stove,switch on the stove,True,replace,turn,switch,0,verb/frame,6,100,94,4.6431125021264605e-21,4.64380767359492e-25,3,0,47,0,1.4210854715202004e-14,True,"round3: 4 verb ladder (canonical fails); canonical 6%, 'fire up' 100%",roll50,round3,True
libero_90/48,libero_90,48,pick up the ketchup and put it in the basket,train,,pick up the ketchup and put it in the basket,pick up the ketchup and place it in the basket,True,replace,put,place,5,verb/frame,2,0,-2,0.31487864133641996,1.0,0,1,0,49,1.0,True,round6: A one-word rescue; object/4 scores 98% with 'place',round6,round6,False
libero_90/48,libero_90,48,pick up the ketchup and put it in the basket,train,,pick up the ketchup and put it in the basket,pick up the ketchup and put it into the basket,True,replace,in,into,7,preposition/particle,2,0,-2,0.31487864133641996,1.0,0,1,0,49,1.0,True,round6: A one-word rescue; in -> into,round6,round6,False
libero_90/48,libero_90,48,pick up the ketchup and put it in the basket,train,,pick up the ketchup and put it in the basket,pick up the ketchup and set it in the basket,True,replace,put,set,5,verb/frame,2,0,-2,0.31487864133641996,1.0,0,1,0,49,1.0,True,round6: A one-word rescue; verb alternative,round6,round6,False
libero_90/48,libero_90,48,pick up the ketchup and put it in the basket,train,,pick up the ketchup and put it in the basket,grab the ketchup and put it in the basket,True,replace,pick up,grab,0,verb/frame,2,2,0,1.0,1.0,0,1,1,48,1.0,True,round6: A one-word rescue; verb alternative,round6,round6,False
libero_90/48,libero_90,48,pick up the ketchup and put it in the basket,train,,pick up the ketchup and place it in the basket,pick up the ketchup and set it in the basket,False,replace,place,set,5,verb/frame,0,0,0,1.0,1.0,0,0,0,50,1.0,False,,round6,round6,False
libero_90/51,libero_90,51,pick up the butter and put it in the basket,sealed_test,B_ood_range,pick up the butter and put it in the basket,lift the butter and put it in the basket,True,replace,pick up,lift,0,verb/frame,100,100,0,1.0,1.0,50,0,0,0,1.0,True,round3: 9 SEALED (held out); held-out pick up->lift,round3,round3,False
libero_90/51,libero_90,51,pick up the butter and put it in the basket,sealed_test,B_ood_range,pick up the butter and put it in the basket,pick up the butter and place it in the basket,True,replace,put,place,5,verb/frame,100,100,0,1.0,1.0,50,0,0,0,1.0,True,round3: 9 SEALED (held out); held-out put->place,round3,round3,False
libero_90/52,libero_90,52,pick up the milk and put it in the basket,train,,pick up the milk and put it in the basket,grab the milk and put it in the basket,True,replace,pick up,grab,0,verb/frame,0,0,0,1.0,1.0,0,0,0,50,1.0,True,round6: A one-word rescue; verb alternative,round6,round6,False
libero_90/52,libero_90,52,pick up the milk and put it in the basket,train,,pick up the milk and put it in the basket,pick up the milk and place it in the basket,True,replace,put,place,5,verb/frame,0,0,0,1.0,1.0,0,0,0,50,1.0,True,round6: A one-word rescue; object/7 scores 100% with 'place',round6,round6,False
libero_90/52,libero_90,52,pick up the milk and put it in the basket,train,,pick up the milk and place it in the basket,pick up the milk and set it in the basket,False,replace,place,set,5,verb/frame,0,0,0,1.0,1.0,0,0,0,50,1.0,False,,round6,round6,False
libero_90/52,libero_90,52,pick up the milk and put it in the basket,train,,pick up the milk and put it in the basket,pick up the milk and put it into the basket,True,replace,in,into,7,preposition/particle,0,0,0,1.0,1.0,0,0,0,50,1.0,True,round6: A one-word rescue; in -> into,round6,round6,False
libero_90/52,libero_90,52,pick up the milk and put it in the basket,train,,pick up the milk and put it in the basket,pick up the milk and set it in the basket,True,replace,put,set,5,verb/frame,0,0,0,1.0,1.0,0,0,0,50,1.0,True,round6: A one-word rescue; verb alternative,round6,round6,False
libero_90/57,libero_90,57,pick up the cream cheese and put it in the tray,train,,grab the cream cheese and put it in the tray,lift the cream cheese and put it in the tray,False,replace,grab,lift,0,verb/frame,100,100,0,1.0,1.0,50,0,0,0,1.0,False,,roll50,round3,False
libero_90/57,libero_90,57,pick up the cream cheese and put it in the tray,train,,pick up the cream cheese and put it in the tray,pick up the cream cheese and place it in the tray,True,replace,put,place,6,verb/frame,98,98,0,1.0,1.0,48,1,1,0,1.0,True,round3: 8 replicate put vs place; 90/59 gave +12pp p=0.241,roll50,round3,False
libero_90/57,libero_90,57,pick up the cream cheese and put it in the tray,train,,pick up the cream cheese and put it in the tray,grab the cream cheese and put it in the tray,True,replace,pick up,grab,0,verb/frame,98,100,2,0.31487864133641963,1.0,49,0,1,0,1.0,True,roll50: proposed; probe50,roll50,roll50,False
libero_90/57,libero_90,57,pick up the cream cheese and put it in the tray,train,,pick up the cream cheese and put it in the tray,lift the cream cheese and put it in the tray,True,replace,pick up,lift,0,verb/frame,98,100,2,0.31487864133641963,1.0,49,0,1,0,1.0,True,"round3: 5 replicate pick up->lift; 90/38 gave +20pp, 95% CI +1..+39",roll50,round3,False
libero_90/57,libero_90,57,pick up the cream cheese and put it in the tray,train,,pick up the cream cheese and put it in the tray,pick up the cream cheese box and put it in the tray,True,insert,,box,5,words added,98,100,2,0.31487864133641963,1.0,49,0,1,0,1.0,True,round6: E specificity penalty; add 'box',roll50,round6,False
libero_90/59,libero_90,59,pick up the tomato sauce and put it in the tray,train,,grasp the green and orange can and put it in the wooden tray,grasp the green and orange tin and put it in the wooden tray,False,replace,can,tin,5,noun/other,22,22,0,1.0,0.9999999999999999,4,7,7,32,1.0,False,,roll50,roll50,False
libero_90/59,libero_90,59,pick up the tomato sauce and put it in the tray,train,,grasp the tomato sauce can and put it in the wooden tray,pick up the tomato sauce can and put it in the wooden tray,False,replace,grasp,pick up,0,noun/other,30,30,0,1.0,1.0,8,7,7,28,1.0,False,,roll50,roll50,False
libero_90/59,libero_90,59,pick up the tomato sauce and put it in the tray,train,,pick up the tomato sauce can and put it in the tray,pick up the tomato sauce can and put it in the wooden tray,False,insert,,wooden,11,color,24,30,6,0.4992073997150144,0.652850193875693,8,4,7,31,0.548828125,False,,roll50,roll50,False
libero_90/59,libero_90,59,pick up the tomato sauce and put it in the tray,train,,grasp the green and orange can and put it in the wooden tray,grasp the tomato sauce can and put it in the wooden tray,False,replace,green and orange,tomato sauce,2,noun/other,22,30,8,0.3618100399768198,0.4945011595032017,3,8,12,27,0.5034446716308594,False,,roll50,roll50,False
libero_90/59,libero_90,59,pick up the tomato sauce and put it in the tray,train,,grasp the green and orange tin and put it in the wooden tray,grasp the tomato sauce can and put it in the wooden tray,False,replace,green and orange tin,tomato sauce can,2,noun/other,22,30,8,0.3618100399768198,0.4945011595032017,2,9,13,26,0.5234670639038086,False,,roll50,roll50,False
libero_90/59,libero_90,59,pick up the tomato sauce and put it in the tray,train,,grasp the orange and green can and put it in the wooden tray,grasp the tomato sauce can and put it in the wooden tray,False,replace,orange and green,tomato sauce,2,noun/other,18,30,12,0.16005734623194487,0.24142379746764067,3,6,12,29,0.237884521484375,False,,roll50,roll50,False
libero_90/59,libero_90,59,pick up the tomato sauce and put it in the tray,train,,grasp the tomato sauce can and place it in the wooden tray,grasp the tomato sauce can and put it in the wooden tray,False,replace,place,put,6,verb/frame,18,30,12,0.16005734623194487,0.24142379746764067,5,4,10,31,0.1795654296875,False,,roll50,roll50,False
libero_90/66,libero_90,66,put the red mug on the right plate,train,,put the red mug on the right plate,place the red mug on the right plate,True,replace,put,place,0,verb/frame,0,0,0,1.0,1.0,0,0,0,50,1.0,True,round6: F more floor rescues; paraphrase,round6,round6,False
libero_90/66,libero_90,66,put the red mug on the right plate,train,,place the red mug on the right plate,set the red mug on the right plate,False,replace,place,set,0,verb/frame,0,0,0,1.0,1.0,0,0,0,50,1.0,False,,round6,round6,False
libero_90/66,libero_90,66,put the red mug on the right plate,train,,put the red mug on the right plate,put the red cup on the right plate,True,replace,mug,cup,3,noun/other,0,0,0,1.0,1.0,0,0,0,50,1.0,True,round6: F more floor rescues; paraphrase,round6,round6,False
libero_90/66,libero_90,66,put the red mug on the right plate,train,,put the red mug on the right plate,set the red mug on the right plate,True,replace,put,set,0,verb/frame,0,0,0,1.0,1.0,0,0,0,50,1.0,True,round6: F more floor rescues; paraphrase,round6,round6,False
libero_90/68,libero_90,68,put the yellow and white mug on the right plate,train,,can you put the yellow and white mug on the right plate,i want the yellow and white mug on the right plate,False,replace,can you put,i want,0,verb/frame,100,100,0,1.0,1.0,50,0,0,0,1.0,False,,round8,round8,False
libero_90/68,libero_90,68,put the yellow and white mug on the right plate,train,,put the yellow and white mug on the right plate,can you put the yellow and white mug on the right plate,True,insert,,can you,0,verb/frame,100,100,0,1.0,1.0,50,0,0,0,1.0,True,round8: F sentence structure; question,roll50,round8,False
libero_90/68,libero_90,68,put the yellow and white mug on the right plate,train,,put the yellow and white mug on the right plate,i want the yellow and white mug on the right plate,True,replace,put,i want,0,verb/frame,100,100,0,1.0,1.0,50,0,0,0,1.0,True,round8: F sentence structure; desire,roll50,round8,False
libero_90/68,libero_90,68,put the yellow and white mug on the right plate,train,,put the yellow and white mug on the right plate,put the yellow and white cup on the right plate,True,replace,mug,cup,5,noun/other,100,100,0,1.0,1.0,50,0,0,0,1.0,True,round2: B_role; TARGET rename; r2,roll50,round2,False
libero_90/68,libero_90,68,put the yellow and white mug on the right plate,train,,put the yellow and white mug on the right plate,put the yellow and white mug on the right dish,True,replace,plate,dish,9,noun/other,100,100,0,1.0,1.0,50,0,0,0,1.0,True,round2: B_role; DEST rename; r2,roll50,round2,False
libero_90/68,libero_90,68,put the yellow and white mug on the right plate,train,,put the yellow and white mug on the right dish,put the yellow and white mug on the right white plate,False,replace,dish,white plate,9,noun/other,100,100,0,1.0,1.0,50,0,0,0,1.0,False,,round2,round6,False
libero_90/68,libero_90,68,put the yellow and white mug on the right plate,train,,put the yellow and white mug on the right plate,put the yellow and white mug on the right white plate,True,insert,,white,9,color,100,100,0,1.0,1.0,50,0,0,0,1.0,True,round6: E specificity penalty; add 'white',roll50,round6,False
libero_90/68,libero_90,68,put the yellow and white mug on the right plate,train,,the yellow and white mug goes on the right plate,the yellow and white mug should be put on the right plate,False,replace,goes,should be put,5,verb/frame,100,100,0,1.0,1.0,50,0,0,0,1.0,False,,round8,round8,False
libero_90/70,libero_90,70,put the chocolate pudding to the right of the plate,train,,set the brown pudding down to the right of that plate,set the chocolate pudding down to the right of that plate,False,replace,brown,chocolate,2,noun/other,76,70,-6,0.49920739971501393,0.652850193875693,27,11,8,4,0.6476058959960938,False,,roll50,roll50,False
libero_90/70,libero_90,70,put the chocolate pudding to the right of the plate,train,,put the chocolate pudding to the right of the plate,put the chocolate pudding to the right of the dish,True,replace,plate,dish,9,noun/other,64,70,6,0.5234677465852955,0.6709420671138303,26,6,9,9,0.60723876953125,True,minpair: REF; minpair,round2,round2,False
libero_90/70,libero_90,70,put the chocolate pudding to the right of the plate,train,,put the chocolate pudding to the right of the plate,put the chocolate dessert to the right of the plate,True,replace,pudding,dessert,3,noun/other,64,80,16,0.0747913775869442,0.11815940020348115,27,5,13,5,0.09625244140625,True,minpair: TARGET; minpair,round2,round2,False
libero_90/71,libero_90,71,put the red mug on the plate,train,,put the red mug on the plate,place the red mug on the plate,True,replace,put,place,0,verb/frame,0,0,0,1.0,1.0,0,0,0,50,1.0,True,round6: D floor place-tasks; paraphrase,round6,round6,False
libero_90/71,libero_90,71,put the red mug on the plate,train,,place the red mug on the plate,set the red mug on the plate,False,replace,place,set,0,verb/frame,0,0,0,1.0,1.0,0,0,0,50,1.0,False,,round6,round6,False
libero_90/71,libero_90,71,put the red mug on the plate,train,,put the red mug on the plate,put the red cup on the plate,True,replace,mug,cup,3,noun/other,0,0,0,1.0,1.0,0,0,0,50,1.0,True,round6: D floor place-tasks; paraphrase,round6,round6,False
libero_90/71,libero_90,71,put the red mug on the plate,train,,put the red mug on the plate,set the red mug on the plate,True,replace,put,set,0,verb/frame,0,0,0,1.0,1.0,0,0,0,50,1.0,True,round6: D floor place-tasks; paraphrase,round6,round6,False
libero_90/72,libero_90,72,put the white mug on the plate,train,,put the white mug on the dish,put the white mug on the plate.,False,replace,dish,plate.,6,noun/other,100,94,-6,0.0786401793488283,0.24242424242424243,47,3,0,0,0.25,False,,round2,round8,False
libero_90/72,libero_90,72,put the white mug on the plate,train,,put the white mug on the dish,put the white mug on the round plate,False,replace,dish,round plate,6,noun/other,100,96,-4,0.15312745101966943,0.494949494949495,48,2,0,0,0.5,False,,round2,round6,False
libero_90/72,libero_90,72,put the white mug on the plate,train,,Put the white mug on the plate,put that white mug on the plate,False,replace,Put the,put that,0,determiner,98,98,0,1.0,1.0,48,1,1,0,1.0,False,,round8,roll50,False
libero_90/72,libero_90,72,put the white mug on the plate,train,,put the white mug on the plate,put the white cup on the plate,True,replace,mug,cup,3,noun/other,94,94,0,1.0,1.0,44,3,3,0,1.0,True,minpair: TARGET; minpair,roll50,round2,False
libero_90/72,libero_90,72,put the white mug on the plate,train,,put the white mug on the plate,put the white mug on the plate.,True,replace,plate,plate.,6,punctuation,94,94,0,1.0,1.0,45,2,2,1,1.0,True,round8: A formatting; trailing period (Bridge: -11pp),roll50,round8,False
libero_90/72,libero_90,72,put the white mug on the plate,train,,put the white mug on the plate,put the white mug on the round plate,True,insert,,round,6,words added,94,96,2,0.64635519553949,1.0,45,2,3,0,1.0,True,round6: E specificity penalty; add 'round',roll50,round6,False
libero_90/72,libero_90,72,put the white mug on the plate,train,,put the white mug on the plate.,put the white mug on the round plate,False,replace,plate.,round plate,6,noun/other,94,96,2,0.64635519553949,1.0,45,2,3,0,1.0,False,,round8,round6,False
libero_90/72,libero_90,72,put the white mug on the plate,train,,put the white mug on the plate,Put the white mug on the plate,True,replace,put,Put,0,case,94,98,4,0.3074341659273952,0.6173070915338956,46,1,3,0,0.625,True,round8: A formatting; capitalise (Bridge: -12pp),roll50,round8,False
libero_90/72,libero_90,72,put the white mug on the plate,train,,put the white mug on the plate,put that white mug on the plate,True,replace,the,that,1,determiner,94,98,4,0.3074341659273952,0.6173070915338956,46,1,3,0,0.625,True,roll50: proposed; probe50,roll50,roll50,False
libero_90/72,libero_90,72,put the white mug on the plate,train,,put the white mug on the plate,put the white mug on the dish,True,replace,plate,dish,6,noun/other,94,100,6,0.0786401793488283,0.24242424242424243,47,0,3,0,0.25,True,minpair: DEST; minpair,roll50,round2,False
libero_90/78,libero_90,78,pick up the book and place it in the front compartment of the caddy,train,,pick up the book and place it in the front compartment of the caddy,pick up the book and place it in the front slot of the caddy,True,replace,compartment,slot,10,noun/other,0,0,0,1.0,1.0,0,0,0,50,1.0,True,round6: F more floor rescues; paraphrase,round6,round6,False
libero_90/78,libero_90,78,pick up the book and place it in the front compartment of the caddy,train,,pick up the book and place it in the front compartment of the caddy,pick up the book and put it in the front compartment of the caddy,True,replace,place,put,5,verb/frame,0,0,0,1.0,1.0,0,0,0,50,1.0,True,round6: F more floor rescues; paraphrase,round6,round6,False
libero_90/78,libero_90,78,pick up the book and place it in the front compartment of the caddy,train,,place the book in the front compartment of the caddy,put the book in the front compartment of the caddy,False,replace,place,put,0,verb/frame,0,0,0,1.0,1.0,0,0,0,50,1.0,False,,round6,round6,False
libero_90/81,libero_90,81,pick up the book and place it in the front compartment of the caddy,train,,pick up the book and place it in the front compartment of the caddy,pick up the book and place it in the front slot of the caddy,True,replace,compartment,slot,10,noun/other,0,0,0,1.0,1.0,0,0,0,50,1.0,True,"round6: B same string, other scenes; compartment -> slot",round6,round6,False
libero_90/81,libero_90,81,pick up the book and place it in the front compartment of the caddy,train,,pick up the book and place it in the front compartment of the caddy,pick up the book and put it in the front compartment of the caddy,True,replace,place,put,5,verb/frame,0,0,0,1.0,1.0,0,0,0,50,1.0,True,"round6: B same string, other scenes; place -> put",round6,round6,False
libero_90/81,libero_90,81,pick up the book and place it in the front compartment of the caddy,train,,place the book in the front compartment of the caddy,put the book in the front compartment of the caddy,False,replace,place,put,0,verb/frame,0,0,0,1.0,1.0,0,0,0,50,1.0,False,,round6,round6,False
libero_90/82,libero_90,82,pick up the book and place it in the left compartment of the caddy,train,,place the black book inside the left slot of the brown caddy,place the black book into the left slot of the brown caddy,False,replace,inside,into,4,preposition/particle,38,34,-4,0.6769222390213795,0.8351562058369704,11,8,6,25,0.79052734375,False,,roll50,roll50,False
libero_90/82,libero_90,82,pick up the book and place it in the left compartment of the caddy,train,,place the black book into the left compartment of the brown caddy,place the black book into the left slot of the brown caddy,False,replace,compartment,slot,7,noun/other,22,34,12,0.1814492077214203,0.2653288926339733,6,5,11,28,0.210113525390625,False,,roll50,roll50,False
libero_90/9,libero_90,9,put the black bowl on the plate,train,,put the black bowl on the plate,can you put the black bowl on the plate,True,insert,,can you,0,verb/frame,98,84,-14,0.014445182089611795,0.030857822974463097,41,8,1,0,0.0390625,True,round8: F sentence structure; question,roll50,round8,False
libero_90/9,libero_90,9,put the black bowl on the plate,train,,put the black bowl on the plate,put the dark bowl on the plate,True,replace,black,dark,2,noun/other,98,88,-10,0.05003618617623281,0.11174961771814729,43,6,1,0,0.125,True,minpair: MOD; minpair,roll50,roll50,False
libero_90/9,libero_90,9,put the black bowl on the plate,train,,put the black bowl on the plate,put the black bowl on the dish,True,replace,plate,dish,6,noun/other,98,90,-8,0.09212296325765235,0.20440158503099362,44,5,1,0,0.21875,True,minpair: DEST; minpair,roll50,roll50,False
libero_90/9,libero_90,9,put the black bowl on the plate,train,,put the black bowl on the plate,put the black bowl onto the plate,True,replace,on,onto,4,preposition/particle,98,90,-8,0.09212296325765235,0.20440158503099362,44,5,1,0,0.21875,True,roll50: proposed; probe50,roll50,roll50,False
libero_90/9,libero_90,9,put the black bowl on the plate,train,,put the black bowl on the plate,put the grey bowl on the plate,True,replace,black,grey,2,color,98,90,-8,0.09212296325765235,0.20440158503099362,44,5,1,0,0.21875,True,round7: healthy scene (98%); does grey work generally?,roll50,round7,False
libero_90/9,libero_90,9,put the black bowl on the plate,train,,put the black bowl on the plate,i want the black bowl on the plate,True,replace,put,i want,0,verb/frame,98,94,-4,0.3074341659273952,0.6173070915338956,46,3,1,0,0.625,True,round8: F sentence structure; desire,roll50,round8,False
libero_90/9,libero_90,9,put the black bowl on the plate,train,,put the dark bowl on the plate,put the grey bowl on the plate,False,replace,dark,grey,2,noun/other,88,90,2,0.749270523528457,0.9999999999999999,39,5,6,0,1.0,False,,roll50,round7,False
libero_90/9,libero_90,9,put the black bowl on the plate,train,,the black bowl goes on the plate,the black bowl should be put on the plate,False,replace,goes,should be put,3,verb/frame,92,94,2,0.6951092703010286,1.0,44,2,3,1,1.0,False,,round8,round8,False
libero_90/9,libero_90,9,put the black bowl on the plate,train,,can you put the black bowl on the plate,i want the black bowl on the plate,False,replace,can you put,i want,0,verb/frame,84,94,10,0.11004143475794968,0.19971707940132497,39,3,8,0,0.2265625,False,,round8,round8,False
libero_goal/1,libero_goal,1,put the bowl on the stove,train,,place the grey bowl on the electric burner,place the grey bowl on the electric hot plate,False,replace,burner,hot plate,7,noun/other,92,0,-92,2.7168988386070504e-20,6.269140359353142e-24,0,46,0,4,2.842170943040401e-14,False,,roll50,round3,True
libero_goal/1,libero_goal,1,put the bowl on the stove,train,,place the grey bowl on the electric burner,place the grey bowl on the hot plate,False,replace,electric burner,hot plate,6,noun/other,92,0,-92,2.7168988386070504e-20,6.269140359353142e-24,0,46,0,4,2.842170943040401e-14,False,,roll50,roll50,True
libero_goal/1,libero_goal,1,put the bowl on the stove,train,,place the grey bowl on the electric burner,place the grey bowl on the hotplate,False,replace,electric burner,hotplate,6,noun/other,92,18,-74,1.027796809528446e-13,1.9126508636672872e-14,9,37,0,4,1.4551915228366852e-11,False,,roll50,round3,True
libero_goal/1,libero_goal,1,put the bowl on the stove,train,,place the grey bowl on the electric hot plate,place the grey bowl on the hot plate,False,delete,electric,,6,words removed,0,0,0,1.0,1.0,0,0,0,50,1.0,False,,round3,roll50,False
libero_goal/1,libero_goal,1,put the bowl on the stove,train,,place the grey bowl on the electric hot plate,place the grey bowl on the hotplate,False,replace,electric hot plate,hotplate,6,noun/other,0,18,18,0.0016616944579835144,0.002634204400259045,0,0,9,41,0.00390625,False,,round3,round3,True
libero_goal/1,libero_goal,1,put the bowl on the stove,train,,place the grey bowl on the hot plate,place the grey bowl on the hotplate,False,replace,hot plate,hotplate,6,noun/other,0,18,18,0.0016616944579835144,0.002634204400259045,0,0,9,41,0.00390625,False,,roll50,round3,True
libero_goal/2,libero_goal,2,put the wine bottle on top of the cabinet,train,,put the wine bottle on top of the cabinet,put the wine jug on top of the cabinet,True,replace,bottle,jug,3,noun/other,100,96,-4,0.15312745101966943,0.494949494949495,48,2,0,0,0.5,True,round2: B_role; TARGET rename; r2,round2,round2,False
libero_goal/2,libero_goal,2,put the wine bottle on top of the cabinet,train,,put the wine bottle on top of the cabinet,put the wine bottle on top of the cupboard,True,replace,cabinet,cupboard,8,noun/other,100,98,-2,0.31487864133641963,1.0,49,1,0,0,1.0,True,round2: B_role; DEST rename; r2,round2,round2,False
libero_goal/2,libero_goal,2,put the wine bottle on top of the cabinet,train,,put the wine bottle on top of the cabinet,put the wine bottle up onto the cabinet,True,replace,on top of,up onto,4,preposition/particle,100,98,-2,0.31487864133641963,1.0,49,1,0,0,1.0,True,round3: 6 replicate on top of->up onto; 90/10 gave +40pp,round2,round3,False
libero_goal/2,libero_goal,2,put the wine bottle on top of the cabinet,train,,put the wine bottle up onto the cabinet,put the wine jug on top of the cabinet,False,replace,bottle up onto,jug on top of,3,noun/other,98,96,-2,0.5577341459422835,1.0,47,2,1,0,1.0,False,,round3,round2,False
libero_goal/4,libero_goal,4,put the bowl on top of the cabinet,train,,put the bowl on top of the cabinet,put the dish on top of the cabinet,True,replace,bowl,dish,2,noun/other,98,92,-6,0.1686686188878156,0.3621784858898261,45,4,1,0,0.375,True,round2: B_role; TARGET rename; r2,round2,round2,False
libero_goal/4,libero_goal,4,put the bowl on top of the cabinet,train,,put the bowl on top of the cabinet,put the bowl up onto the cabinet,True,replace,on top of,up onto,3,preposition/particle,98,94,-4,0.3074341659273952,0.6173070915338956,46,3,1,0,0.625,True,round3: 6 replicate on top of->up onto; 90/10 gave +40pp,round2,round3,False
libero_goal/4,libero_goal,4,put the bowl on top of the cabinet,train,,put the bowl up onto the cabinet,put the dish on top of the cabinet,False,replace,bowl up onto,dish on top of,2,noun/other,94,92,-2,0.6951092703010286,1.0,43,4,3,0,1.0,False,,round3,round2,False
libero_goal/4,libero_goal,4,put the bowl on top of the cabinet,train,,put the bowl on top of the cabinet,can you put the bowl on top of the cabinet,True,insert,,can you,0,verb/frame,98,98,0,1.0,1.0,48,1,1,0,1.0,True,round8: F sentence structure; question,round2,round8,False
libero_goal/4,libero_goal,4,put the bowl on top of the cabinet,train,,can you put the bowl on top of the cabinet,i want the bowl on top of the cabinet,False,replace,can you put,i want,0,verb/frame,98,100,2,0.31487864133641963,1.0,49,0,1,0,1.0,False,,round8,round8,False
libero_goal/4,libero_goal,4,put the bowl on top of the cabinet,train,,put the bowl on top of the cabinet,i want the bowl on top of the cabinet,True,replace,put,i want,0,verb/frame,98,100,2,0.31487864133641963,1.0,49,0,1,0,1.0,True,round8: F sentence structure; desire,round2,round8,False
libero_goal/4,libero_goal,4,put the bowl on top of the cabinet,train,,put the bowl on top of the cabinet,put the bowl on top of the cupboard,True,replace,cabinet,cupboard,7,noun/other,98,100,2,0.31487864133641963,1.0,49,0,1,0,1.0,True,round2: B_role; DEST rename; r2,round2,round2,False
libero_goal/4,libero_goal,4,put the bowl on top of the cabinet,train,,the bowl goes on top of the cabinet,the bowl should be put on top of the cabinet,False,replace,goes,should be put,2,verb/frame,96,100,4,0.15312745101966943,0.494949494949495,48,0,2,0,0.5,False,,round8,round8,False
libero_goal/5,libero_goal,5,,train,,Go ahead and push the plate right up to the front of the stove.,Slide that dish over to the front of the stove.,False,replace,Go ahead and push the plate right up,Slide that dish over,0,noun/other,98,0,-98,1.104212358298447e-22,1.0109886081846705e-27,0,49,0,1,3.552713678800501e-15,False,,pilotA,pilotA,True
libero_goal/5,libero_goal,5,,train,,push the plate to the front of the stove,slide that flat dish over to the front of the stove,False,replace,push the plate,slide that flat dish over,0,noun/other,98,0,-98,1.104212358298447e-22,1.0109886081846705e-27,0,49,0,1,3.552713678800501e-15,True,round3: 1 ambiguity rescue; does a disambiguator recover it,pilotA,round3,True
libero_goal/5,libero_goal,5,,train,,push the plate to the front of the stove,slide that dish over to the front of the stove,False,replace,push the plate,slide that dish over,0,noun/other,98,2,-96,7.994442411452559e-22,4.957808841313453e-26,1,48,0,1,7.105427357601002e-15,True,roll50: object noun; confirm50,pilotA,roll50,True
libero_goal/5,libero_goal,5,,train,,slide that dish over to the front of the stove,slide that flat dish over to the front of the stove,False,insert,,flat,2,words added,2,0,-2,0.31487864133641996,1.0,0,1,0,49,1.0,False,,roll50,round3,False
libero_goal/5,libero_goal,5,,train,,slide that dish over to the front of the stove,slide that plate over to the front of the stove,False,replace,dish,plate,2,noun/other,2,62,60,1.266029956613059e-10,2.1513513623369084e-11,1,0,30,19,1.862645149230957e-09,False,,roll50,roll50,True
libero_goal/5,libero_goal,5,,train,,slide that flat dish over to the front of the stove,slide that plate over to the front of the stove,False,replace,flat dish,plate,2,noun/other,0,62,62,2.0446235120259837e-11,9.16882297722339e-13,0,0,31,19,9.313225746154785e-10,False,,round3,roll50,True
libero_goal/7,libero_goal,7,turn on the stove,train,,switch on the electric stove,switch on the hot plate,False,replace,electric stove,hot plate,3,noun/other,100,2,-98,1.104212358298447e-22,1.0109886081846705e-27,1,49,0,0,3.552713678800501e-15,False,,round3,roll50,True
libero_goal/7,libero_goal,7,turn on the stove,train,,switch on the cooker,switch on the electric hot plate,False,replace,cooker,electric hot plate,3,noun/other,84,2,-82,1.2157111054780722e-16,1.4137601115780865e-18,1,41,0,8,9.094947017729282e-13,False,,round3,round3,True
libero_goal/7,libero_goal,7,turn on the stove,train,,switch on the cooker,switch on the hot plate,False,replace,cooker,hot plate,3,noun/other,84,2,-82,1.2157111054780722e-16,1.4137601115780865e-18,1,41,0,8,9.094947017729282e-13,False,,round3,roll50,True
libero_goal/7,libero_goal,7,turn on the stove,train,,switch on the hob,switch on the hot plate,False,replace,hob,hot plate,3,noun/other,78,2,-76,8.715576275874583e-15,2.7323253747185797e-16,1,38,0,11,7.275957614183426e-12,False,,round2,roll50,True
libero_goal/7,libero_goal,7,turn on the stove,train,,switch on the cooktop,switch on the electric hot plate,False,replace,cooktop,electric hot plate,3,noun/other,74,2,-72,1.20010371860149e-13,6.301330243604465e-15,1,36,0,13,2.9103830456733704e-11,False,,round2,round3,True
libero_goal/7,libero_goal,7,turn on the stove,train,,switch on the cooktop,switch on the hot plate,False,replace,cooktop,hot plate,3,noun/other,74,2,-72,1.20010371860149e-13,6.301330243604465e-15,1,36,0,13,2.9103830456733704e-11,False,,round2,roll50,True
libero_goal/7,libero_goal,7,turn on the stove,train,,switch on the electric stove,switch on the hotplate,False,replace,electric stove,hotplate,3,noun/other,100,30,-70,2.168191179001757e-13,4.110852140103697e-15,15,35,0,0,5.820766091346741e-11,False,,round3,round3,True
libero_goal/7,libero_goal,7,turn on the stove,train,,switch on the heating element,switch on the hot plate,False,replace,heating element,hot plate,3,noun/other,66,2,-64,1.4263314860155891e-11,1.7126837728707027e-12,1,32,0,17,4.656612873077393e-10,False,,round2,roll50,True
libero_goal/7,libero_goal,7,turn on the stove,train,,switch on the burner,switch on the electric hot plate,False,replace,burner,electric hot plate,3,noun/other,64,2,-62,4.317217002922435e-11,6.193059202774162e-12,1,31,0,18,9.313225746154785e-10,False,,round3,round3,True
libero_goal/7,libero_goal,7,turn on the stove,train,,switch on the burner,switch on the hot plate,False,replace,burner,hot plate,3,noun/other,64,2,-62,4.317217002922435e-11,6.193059202774162e-12,1,31,0,18,9.313225746154785e-10,False,,round3,roll50,True
libero_goal/7,libero_goal,7,turn on the stove,train,,switch on the griddle,switch on the hot plate,False,replace,griddle,hot plate,3,noun/other,62,2,-60,1.266029956613059e-10,2.1513513623369084e-11,1,30,0,19,1.862645149230957e-09,False,,round2,roll50,True
libero_goal/7,libero_goal,7,turn on the stove,train,,switch on the cooker,switch on the hotplate,False,replace,cooker,hotplate,3,noun/other,84,30,-54,4.9329390857454566e-08,6.863181935662514e-08,14,28,1,7,1.1175870895385742e-07,False,,round3,round3,True
libero_goal/7,libero_goal,7,turn on the stove,train,,switch on the hob,switch on the hotplate,False,replace,hob,hotplate,3,noun/other,78,30,-48,1.468802149631321e-06,2.577040463093285e-06,14,25,1,10,8.046627044677734e-07,False,,round2,round3,True
libero_goal/7,libero_goal,7,turn on the stove,train,,switch on the cooktop,switch on the hotplate,False,replace,cooktop,hotplate,3,noun/other,74,30,-44,1.0650638241080415e-05,1.9895305144825442e-05,15,22,0,13,4.76837158203125e-07,False,,round2,round3,True
libero_goal/7,libero_goal,7,turn on the stove,train,,switch on the electric stove,switch on the griddle,False,replace,electric stove,griddle,3,noun/other,100,62,-38,1.2775102876441465e-06,4.5950705750136725e-07,31,19,0,0,3.814697265625e-06,False,,round3,round2,True
libero_goal/7,libero_goal,7,turn on the stove,train,,switch on the heating element,switch on the hotplate,False,replace,heating element,hotplate,3,noun/other,66,30,-36,0.00031470664695668125,0.0005945852001101672,13,20,2,15,0.00012111663818359375,False,,round2,round3,True
libero_goal/7,libero_goal,7,turn on the stove,train,,switch on the burner,switch on the hotplate,False,replace,burner,hotplate,3,noun/other,64,30,-34,0.0006588920936534282,0.0012303771816091805,14,18,1,17,7.62939453125e-05,False,,round3,round3,True
libero_goal/7,libero_goal,7,turn on the stove,train,,switch on the electric stove,switch on the heating element,False,replace,electric stove,heating element,3,noun/other,100,66,-34,6.019695297302976e-06,2.9615577967370317e-06,33,17,0,0,1.52587890625e-05,False,,round3,round2,True
libero_goal/7,libero_goal,7,turn on the stove,train,,switch on the griddle,switch on the hotplate,False,replace,griddle,hotplate,3,noun/other,62,30,-32,0.0013260138860350886,0.0024378835652847978,13,18,2,17,0.0004024505615234375,False,,round2,round3,True
libero_goal/7,libero_goal,7,turn on the stove,train,,switch on the cooker,switch on the griddle,False,replace,cooker,griddle,3,noun/other,84,62,-22,0.013223089702248525,0.023279091690692727,29,13,2,6,0.00738525390625,False,,round3,round2,True
libero_goal/7,libero_goal,7,turn on the stove,train,,switch on the electric stove,switch on the hob,False,replace,electric stove,hob,3,noun/other,100,78,-22,0.00043873629550437255,0.0005274841534096255,39,11,0,0,0.0009765625,False,,round3,round2,True
libero_goal/7,libero_goal,7,turn on the stove,train,,switch on the cooker,switch on the heating element,False,replace,cooker,heating element,3,noun/other,84,66,-18,0.03766692222862875,0.06342196594237821,28,14,5,3,0.063568115234375,False,,round3,round2,True
libero_goal/7,libero_goal,7,turn on the stove,train,,turn on the burner,turn the black knob to activate the burner,False,replace,on,the black knob to activate,1,noun/other,100,84,-16,0.003189699706216857,0.005770162019615051,42,8,0,0,0.0078125,False,,round2,roll50,False
libero_goal/7,libero_goal,7,turn on the stove,train,,switch on the electric stove,switch on the range,False,replace,electric stove,range,3,noun/other,100,86,-14,0.006078502928914408,0.012479652740097666,43,7,0,0,0.015625,False,,round3,round2,False
libero_goal/7,libero_goal,7,turn on the stove,train,,turn on the burner,turn the black knob to start the burner,False,replace,on,the black knob to start,1,noun/other,100,86,-14,0.006078502928914408,0.012479652740097666,43,7,0,0,0.015625,False,,round2,roll50,False
libero_goal/7,libero_goal,7,turn on the stove,train,,switch on the cooktop,switch on the griddle,False,replace,cooktop,griddle,3,noun/other,74,62,-12,0.1983595284289871,0.2837331556117976,30,7,1,12,0.0703125,False,,round2,round2,False
libero_goal/7,libero_goal,7,turn on the stove,train,,switch on the cooker,switch on the cooktop,False,replace,cooker,cooktop,3,noun/other,84,74,-10,0.21960785079717374,0.3262289921728179,33,9,4,4,0.266845703125,False,,round3,round2,False
libero_goal/7,libero_goal,7,turn on the stove,train,,switch on the cooktop,switch on the heating element,False,replace,cooktop,heating element,3,noun/other,74,66,-8,0.3827330888852264,0.5130944333675264,30,7,3,10,0.34375,False,,round2,round2,False
libero_goal/7,libero_goal,7,turn on the stove,train,,switch on the cooker,switch on the hob,False,replace,cooker,hob,3,noun/other,84,78,-6,0.4444388225040357,0.611059301604134,36,6,3,5,0.5078125,False,,round3,round2,False
libero_goal/7,libero_goal,7,turn on the stove,train,,switch on the burner,switch on the griddle,False,replace,burner,griddle,3,noun/other,64,62,-2,0.8359136007500891,1.0,27,5,4,14,1.0,False,,round3,round2,False
libero_goal/7,libero_goal,7,turn on the stove,train,,could you turn on the stove,start the stove,False,replace,could you turn on,start,0,noun/other,100,100,0,1.0,1.0,50,0,0,0,1.0,False,,round2,round3,False
libero_goal/7,libero_goal,7,turn on the stove,train,,could you turn on the stove,switch on the stove,False,replace,could you turn,switch,0,noun/other,100,100,0,1.0,1.0,50,0,0,0,1.0,False,,round2,roll50,False
libero_goal/7,libero_goal,7,turn on the stove,train,,turn on the stove,could you turn on the stove,True,insert,,could you,0,words added,100,100,0,1.0,1.0,50,0,0,0,1.0,True,round2: C_bisect; question + politeness; r2,round2,round2,False
libero_goal/7,libero_goal,7,turn on the stove,train,,start the stove,switch on the stove,False,replace,start,switch on,0,verb/frame,100,100,0,1.0,1.0,50,0,0,0,1.0,False,,round3,roll50,False
libero_goal/7,libero_goal,7,turn on the stove,train,,turn on the stove,start the stove,True,replace,turn on,start,0,verb/frame,100,100,0,1.0,1.0,50,0,0,0,1.0,True,round3: 7 burner grid; scene has ONE burner,round2,round3,False
libero_goal/7,libero_goal,7,turn on the stove,train,,switch on the electric hot plate,switch on the hot plate,False,delete,electric,,3,words removed,2,2,0,1.0,1.0,0,1,1,48,1.0,False,,round3,roll50,False
libero_goal/7,libero_goal,7,turn on the stove,train,,switch on the electric stove,switch on the stove,False,delete,electric,,3,words removed,100,100,0,1.0,1.0,50,0,0,0,1.0,False,,round3,roll50,False
libero_goal/7,libero_goal,7,turn on the stove,train,,switch on the electric stove,switch on the stovetop,False,replace,electric stove,stovetop,3,noun/other,100,100,0,1.0,1.0,50,0,0,0,1.0,False,,round3,round3,False
libero_goal/7,libero_goal,7,turn on the stove,train,,switch on the stove,switch on the stovetop,False,replace,stove,stovetop,3,noun/other,100,100,0,1.0,1.0,50,0,0,0,1.0,False,,roll50,round3,False
libero_goal/7,libero_goal,7,turn on the stove,train,,turn on the stove,switch on the stove,True,replace,turn,switch,0,verb/frame,100,100,0,1.0,1.0,50,0,0,0,1.0,True,roll50: object noun; confirm50,round2,roll50,False
libero_goal/7,libero_goal,7,turn on the stove,train,,turn on the burner,turn on the burners,False,replace,burner,burners,3,noun/other,100,100,0,1.0,1.0,50,0,0,0,1.0,False,,round2,round2,False
libero_goal/7,libero_goal,7,turn on the stove,train,,turn on the stove,turn on the burner,True,replace,stove,burner,3,noun/other,100,100,0,1.0,1.0,50,0,0,0,1.0,True,round2: C_bisect; stove -> burner (singular); r2,round2,round2,False
libero_goal/7,libero_goal,7,turn on the stove,train,,turn on the stove,turn on the burners,True,replace,stove,burners,3,noun/other,100,100,0,1.0,1.0,50,0,0,0,1.0,True,round2: C_bisect; stove -> burners (plural); r2,round2,round2,False
libero_goal/7,libero_goal,7,turn on the stove,train,,power on the hot plate,switch on the hot plate,False,replace,power,switch,0,verb/frame,0,2,2,0.31487864133641996,1.0,0,0,1,49,1.0,False,,roll50,roll50,False
libero_goal/7,libero_goal,7,turn on the stove,train,,switch on the burner,switch on the heating element,False,replace,burner,heating element,3,noun/other,64,66,2,0.8339354140885519,0.9999999999999999,27,5,6,12,1.0,False,,round3,round2,False
libero_goal/7,libero_goal,7,turn on the stove,train,,switch on the cooker,switch on the range,False,replace,cooker,range,3,noun/other,84,86,2,0.7794345284272749,1.0,39,3,4,4,1.0,False,,round3,round2,False
libero_goal/7,libero_goal,7,turn on the stove,train,,turn the black knob to activate the burner,turn the black knob to start the burner,False,replace,activate,start,5,verb/frame,84,86,2,0.7794345284272749,1.0,37,5,6,2,1.0,False,,roll50,roll50,False
libero_goal/7,libero_goal,7,turn on the stove,train,,switch on the cooktop,switch on the hob,False,replace,cooktop,hob,3,noun/other,74,78,4,0.6395751409486874,0.8152594598987603,32,5,7,6,0.7744140625,False,,round2,round2,False
libero_goal/7,libero_goal,7,turn on the stove,train,,switch on the griddle,switch on the heating element,False,replace,griddle,heating element,3,noun/other,62,66,4,0.6769222390213792,0.8351562058369704,26,5,7,12,0.7744140625,False,,round2,round2,False
libero_goal/7,libero_goal,7,turn on the stove,train,,start the burner,start the burners,False,replace,burner,burners,2,noun/other,40,48,8,0.42034493503392895,0.5458508799604922,14,6,10,20,0.454498291015625,False,,round3,round2,False
libero_goal/7,libero_goal,7,turn on the stove,train,,switch on the hob,switch on the range,False,replace,hob,range,3,noun/other,78,86,8,0.2978020332948063,0.4355973324029915,37,2,6,5,0.2890625,False,,round2,round2,False
libero_goal/7,libero_goal,7,turn on the stove,train,,switch on the burner,switch on the cooktop,False,replace,burner,cooktop,3,noun/other,64,74,10,0.2796540232894174,0.38732546781670296,30,2,7,11,0.1796875,False,,round3,round2,False
libero_goal/7,libero_goal,7,turn on the stove,train,,switch on the cooktop,switch on the range,False,replace,cooktop,range,3,noun/other,74,86,12,0.13361440253771617,0.2107066827647145,35,2,8,5,0.109375,False,,round2,round2,False
libero_goal/7,libero_goal,7,turn on the stove,train,,switch on the heating element,switch on the hob,False,replace,heating element,hob,3,noun/other,66,78,12,0.18144920772142045,0.2653288926339733,29,4,10,7,0.1795654296875,False,,round2,round2,False
libero_goal/7,libero_goal,7,turn on the stove,train,,switch on the burner,switch on the hob,False,replace,burner,hob,3,noun/other,64,78,14,0.1229135954696038,0.18561208423412343,30,2,9,9,0.0654296875,False,,round3,round2,False
libero_goal/7,libero_goal,7,turn on the stove,train,,switch on the range,switch on the stove,False,replace,range,stove,3,noun/other,86,100,14,0.006078502928914408,0.012479652740097666,43,0,7,0,0.015625,False,,round2,roll50,False
libero_goal/7,libero_goal,7,turn on the stove,train,,switch on the range,switch on the stovetop,False,replace,range,stovetop,3,noun/other,86,100,14,0.006078502928914408,0.012479652740097666,43,0,7,0,0.015625,False,,round2,round3,False
libero_goal/7,libero_goal,7,turn on the stove,train,,switch on the cooker,switch on the electric stove,False,replace,cooker,electric stove,3,noun/other,84,100,16,0.003189699706216857,0.005770162019615051,42,0,8,0,0.0078125,False,,round3,round3,False
libero_goal/7,libero_goal,7,turn on the stove,train,,switch on the cooker,switch on the stove,False,replace,cooker,stove,3,noun/other,84,100,16,0.003189699706216857,0.005770162019615051,42,0,8,0,0.0078125,False,,round3,roll50,False
libero_goal/7,libero_goal,7,turn on the stove,train,,switch on the cooker,switch on the stovetop,False,replace,cooker,stovetop,3,noun/other,84,100,16,0.003189699706216857,0.005770162019615051,42,0,8,0,0.0078125,False,,round3,round3,False
libero_goal/7,libero_goal,7,turn on the stove,train,,switch on the griddle,switch on the hob,False,replace,griddle,hob,3,noun/other,62,78,16,0.08085559837005228,0.12591804226334383,29,2,10,9,0.03857421875,False,,round2,round2,False
libero_goal/7,libero_goal,7,turn on the stove,train,,switch on the burner,switch on the cooker,False,replace,burner,cooker,3,noun/other,64,84,20,0.02261932973833063,0.039006299959161286,30,2,12,6,0.012939453125,False,,round3,round3,True
libero_goal/7,libero_goal,7,turn on the stove,train,,switch on the burner,turn the black knob to activate the burner,False,replace,switch on,turn the black knob to activate,0,noun/other,64,84,20,0.02261932973833063,0.039006299959161286,30,2,12,6,0.012939453125,False,,round3,roll50,True
libero_goal/7,libero_goal,7,turn on the stove,train,,switch on the heating element,switch on the range,False,replace,heating element,range,3,noun/other,66,86,20,0.01920825109701396,0.03377437153418624,31,2,12,5,0.012939453125,False,,round2,round2,True
libero_goal/7,libero_goal,7,turn on the stove,train,,switch on the burner,switch on the range,False,replace,burner,range,3,noun/other,64,86,22,0.011074437676156628,0.019822562400919418,31,1,12,6,0.00341796875,False,,round3,round2,True
libero_goal/7,libero_goal,7,turn on the stove,train,,switch on the burner,turn the black knob to start the burner,False,replace,switch on,turn the black knob to start,0,noun/other,64,86,22,0.011074437676156628,0.019822562400919418,30,2,13,5,0.00738525390625,False,,round3,roll50,True
libero_goal/7,libero_goal,7,turn on the stove,train,,switch on the hob,switch on the stove,False,replace,hob,stove,3,noun/other,78,100,22,0.00043873629550437255,0.0005274841534096255,39,0,11,0,0.0009765625,False,,round2,roll50,True
libero_goal/7,libero_goal,7,turn on the stove,train,,switch on the hob,switch on the stovetop,False,replace,hob,stovetop,3,noun/other,78,100,22,0.00043873629550437255,0.0005274841534096255,39,0,11,0,0.0009765625,False,,round2,round3,True
libero_goal/7,libero_goal,7,turn on the stove,train,,start the burner,switch on the burner,False,replace,start,switch on,0,verb/frame,40,64,24,0.01630917187775499,0.027184075121116265,18,2,14,16,0.004180908203125,False,,round3,round3,True
libero_goal/7,libero_goal,7,turn on the stove,train,,switch on the griddle,switch on the range,False,replace,griddle,range,3,noun/other,62,86,24,0.006223554486728126,0.011296456819478587,29,2,14,5,0.004180908203125,False,,round2,round2,True
libero_goal/7,libero_goal,7,turn on the stove,train,,switch on the cooktop,switch on the electric stove,False,replace,cooktop,electric stove,3,noun/other,74,100,26,0.00011083608727214167,9.981250196029942e-05,37,0,13,0,0.000244140625,False,,round2,round3,True
libero_goal/7,libero_goal,7,turn on the stove,train,,switch on the cooktop,switch on the stove,False,replace,cooktop,stove,3,noun/other,74,100,26,0.00011083608727214167,9.981250196029942e-05,37,0,13,0,0.000244140625,False,,round2,roll50,True
libero_goal/7,libero_goal,7,turn on the stove,train,,switch on the cooktop,switch on the stovetop,False,replace,cooktop,stovetop,3,noun/other,74,100,26,0.00011083608727214167,9.981250196029942e-05,37,0,13,0,0.000244140625,False,,round2,round3,True
libero_goal/7,libero_goal,7,turn on the stove,train,,switch on the electric hot plate,switch on the hotplate,False,replace,electric hot plate,hotplate,3,noun/other,2,30,28,0.00013409532032314294,0.0001745577007253239,0,1,15,34,0.000518798828125,False,,round3,round3,True
libero_goal/7,libero_goal,7,turn on the stove,train,,switch on the hot plate,switch on the hotplate,False,replace,hot plate,hotplate,3,noun/other,2,30,28,0.00013409532032314294,0.0001745577007253239,1,0,14,35,0.0001220703125,False,,roll50,round3,True
libero_goal/7,libero_goal,7,turn on the stove,train,,switch on the heating element,switch on the stove,False,replace,heating element,stove,3,noun/other,66,100,34,6.019695297302976e-06,2.9615577967370317e-06,33,0,17,0,1.52587890625e-05,False,,round2,roll50,True
libero_goal/7,libero_goal,7,turn on the stove,train,,switch on the heating element,switch on the stovetop,False,replace,heating element,stovetop,3,noun/other,66,100,34,6.019695297302976e-06,2.9615577967370317e-06,33,0,17,0,1.52587890625e-05,False,,round2,round3,True
libero_goal/7,libero_goal,7,turn on the stove,train,,switch on the burner,switch on the electric stove,False,replace,burner,electric stove,3,noun/other,64,100,36,2.7966913074614887e-06,1.1774868348472536e-06,32,0,18,0,7.62939453125e-06,False,,round3,round3,True
libero_goal/7,libero_goal,7,turn on the stove,train,,switch on the burner,switch on the stove,False,replace,burner,stove,3,noun/other,64,100,36,2.7966913074614887e-06,1.1774868348472536e-06,32,0,18,0,7.62939453125e-06,False,,round3,roll50,True
libero_goal/7,libero_goal,7,turn on the stove,train,,switch on the burner,switch on the stovetop,False,replace,burner,stovetop,3,noun/other,64,100,36,2.7966913074614887e-06,1.1774868348472536e-06,32,0,18,0,7.62939453125e-06,False,,round3,round3,True
libero_goal/7,libero_goal,7,turn on the stove,train,,switch on the burner,turn on the burner,False,replace,switch,turn,0,verb/frame,64,100,36,2.7966913074614887e-06,1.1774868348472536e-06,32,0,18,0,7.62939453125e-06,False,,round3,round2,True
libero_goal/7,libero_goal,7,turn on the stove,train,,switch on the griddle,switch on the stove,False,replace,griddle,stove,3,noun/other,62,100,38,1.2775102876441465e-06,4.5950705750136725e-07,31,0,19,0,3.814697265625e-06,False,,round2,roll50,True
libero_goal/7,libero_goal,7,turn on the stove,train,,switch on the griddle,switch on the stovetop,False,replace,griddle,stovetop,3,noun/other,62,100,38,1.2775102876441465e-06,4.5950705750136725e-07,31,0,19,0,3.814697265625e-06,False,,round2,round3,True
libero_goal/7,libero_goal,7,turn on the stove,train,,start the burner,turn the black knob to activate the burner,False,replace,start,turn the black knob to activate,0,noun/other,40,84,44,5.829767093369652e-06,1.0105265043603593e-05,19,1,23,7,2.9802322387695312e-06,False,,round3,roll50,True
libero_goal/7,libero_goal,7,turn on the stove,train,,start the burner,turn the black knob to start the burner,False,insert,,turn the black knob to,0,words added,40,86,46,1.89947964938713e-06,3.0591917376715356e-06,19,1,24,6,1.5497207641601562e-06,False,,round3,roll50,True
libero_goal/7,libero_goal,7,turn on the stove,train,,start the burners,start the stove,False,replace,burners,stove,2,noun/other,48,100,52,3.0760048038993584e-09,3.474929547757128e-10,24,0,26,0,2.9802322387695312e-08,False,,round2,round3,True
libero_goal/7,libero_goal,7,turn on the stove,train,,start the burners,turn on the burners,False,replace,start,turn on,0,verb/frame,48,100,52,3.0760048038993584e-09,3.474929547757128e-10,24,0,26,0,2.9802322387695312e-08,False,,round2,round2,True
libero_goal/7,libero_goal,7,turn on the stove,train,,switch on the hotplate,switch on the range,False,replace,hotplate,range,3,noun/other,30,86,56,1.4024754001752093e-08,1.7021690767991312e-08,14,1,29,6,5.774199962615967e-08,False,,round3,round2,True
libero_goal/7,libero_goal,7,turn on the stove,train,,start the burner,start the stove,False,replace,burner,stove,2,noun/other,40,100,60,5.888668049571984e-11,3.2090880420281867e-12,20,0,30,0,1.862645149230957e-09,False,,round3,round3,True
libero_goal/7,libero_goal,7,turn on the stove,train,,start the burner,turn on the burner,False,replace,start,turn on,0,verb/frame,40,100,60,5.888668049571984e-11,3.2090880420281867e-12,20,0,30,0,1.862645149230957e-09,False,,round3,round2,True
libero_goal/7,libero_goal,7,turn on the stove,train,,switch on the electric hot plate,switch on the griddle,False,replace,electric hot plate,griddle,3,noun/other,2,62,60,1.266029956613059e-10,2.1513513623369084e-11,1,0,30,19,1.862645149230957e-09,False,,round3,round2,True
libero_goal/7,libero_goal,7,turn on the stove,train,,switch on the electric hot plate,switch on the heating element,False,replace,electric hot plate,heating element,3,noun/other,2,66,64,1.4263314860155891e-11,1.7126837728707027e-12,1,0,32,17,4.656612873077393e-10,False,,round3,round2,True
libero_goal/7,libero_goal,7,turn on the stove,train,,switch on the hotplate,switch on the stove,False,replace,hotplate,stove,3,noun/other,30,100,70,2.168191179001757e-13,4.110852140103697e-15,15,0,35,0,5.820766091346741e-11,False,,round3,roll50,True
libero_goal/7,libero_goal,7,turn on the stove,train,,switch on the hotplate,switch on the stovetop,False,replace,hotplate,stovetop,3,noun/other,30,100,70,2.168191179001757e-13,4.110852140103697e-15,15,0,35,0,5.820766091346741e-11,False,,round3,round3,True
libero_goal/7,libero_goal,7,turn on the stove,train,,switch on the electric hot plate,switch on the hob,False,replace,electric hot plate,hob,3,noun/other,2,78,76,8.715576275874583e-15,2.7323253747185797e-16,1,0,38,11,7.275957614183426e-12,False,,round3,round2,True
libero_goal/7,libero_goal,7,turn on the stove,train,,switch on the electric hot plate,switch on the range,False,replace,electric hot plate,range,3,noun/other,2,86,84,2.6477375764702174e-17,2.0292789400535498e-19,1,0,42,7,4.547473508864641e-13,False,,round3,round2,True
libero_goal/7,libero_goal,7,turn on the stove,train,,switch on the hot plate,switch on the range,False,replace,hot plate,range,3,noun/other,2,86,84,2.6477375764702174e-17,2.0292789400535498e-19,1,0,42,7,4.547473508864641e-13,False,,roll50,round2,True
libero_goal/7,libero_goal,7,turn on the stove,train,,switch on the electric hot plate,switch on the electric stove,False,replace,hot plate,stove,4,noun/other,2,100,98,1.104212358298447e-22,1.0109886081846705e-27,1,0,49,0,3.552713678800501e-15,False,,round3,round3,True
libero_goal/7,libero_goal,7,turn on the stove,train,,switch on the electric hot plate,switch on the stove,False,replace,electric hot plate,stove,3,noun/other,2,100,98,1.104212358298447e-22,1.0109886081846705e-27,1,0,49,0,3.552713678800501e-15,False,,round3,roll50,True
libero_goal/7,libero_goal,7,turn on the stove,train,,switch on the electric hot plate,switch on the stovetop,False,replace,electric hot plate,stovetop,3,noun/other,2,100,98,1.104212358298447e-22,1.0109886081846705e-27,1,0,49,0,3.552713678800501e-15,False,,round3,round3,True
libero_goal/7,libero_goal,7,turn on the stove,train,,switch on the hot plate,switch on the stove,False,replace,hot plate,stove,3,noun/other,2,100,98,1.104212358298447e-22,1.0109886081846705e-27,1,0,49,0,3.552713678800501e-15,False,,roll50,roll50,True
libero_goal/7,libero_goal,7,turn on the stove,train,,switch on the hot plate,switch on the stovetop,False,replace,hot plate,stovetop,3,noun/other,2,100,98,1.104212358298447e-22,1.0109886081846705e-27,1,0,49,0,3.552713678800501e-15,False,,roll50,round3,True
libero_goal/7,libero_goal,7,turn on the stove,train,,power on the hot plate,power on the stove burner,False,replace,hot plate,stove burner,3,noun/other,0,100,100,1.5239706048321186e-23,1.9823306042836678e-29,0,0,50,0,1.7763568394002505e-15,False,,roll50,roll50,True
libero_goal/8,libero_goal,8,put the bowl on the plate,train,,put the bowl on the plate,put the bowl on the flat dish,True,replace,plate,flat dish,5,noun/other,100,36,-64,6.8887833663272936e-12,2.52474835604702e-13,18,32,0,0,4.656612873077393e-10,True,round3: 1 ambiguity rescue; does a disambiguator recover it,round2,round3,True
libero_goal/8,libero_goal,8,put the bowl on the plate,train,,put the bowl on the plate,put the bowl on the dish,True,replace,plate,dish,5,noun/other,100,48,-52,3.0760048038993584e-09,3.474929547757128e-10,24,26,0,0,2.9802322387695312e-08,True,round2: B_role; DEST rename; r2,round2,round2,True
libero_goal/8,libero_goal,8,put the bowl on the plate,train,,put the bowl on the dish,put the bowl on the flat dish,False,insert,,flat,5,words added,48,36,-12,0.22411395400885614,0.311056706881086,14,10,4,22,0.1795654296875,False,,round2,round3,False
libero_goal/8,libero_goal,8,put the bowl on the plate,train,,Put the bowl on the plate,can you put the bowl on the plate,False,replace,Put,can you put,0,verb/frame,100,100,0,1.0,1.0,50,0,0,0,1.0,False,,round8,round8,False
libero_goal/8,libero_goal,8,put the bowl on the plate,train,,Put the bowl on the plate,i want the bowl on the plate,False,replace,Put,i want,0,verb/frame,100,100,0,1.0,1.0,50,0,0,0,1.0,False,,round8,round8,False
libero_goal/8,libero_goal,8,put the bowl on the plate,train,,put the bowl on the plate,Put the bowl on the plate,True,replace,put,Put,0,case,100,100,0,1.0,1.0,50,0,0,0,1.0,True,round8: A formatting; capitalise (Bridge: -12pp),round2,round8,False
libero_goal/8,libero_goal,8,put the bowl on the plate,train,,can you put the bowl on the plate,i want the bowl on the plate,False,replace,can you put,i want,0,verb/frame,100,100,0,1.0,1.0,50,0,0,0,1.0,False,,round8,round8,False
libero_goal/8,libero_goal,8,put the bowl on the plate,train,,put the bowl on the plate,can you put the bowl on the plate,True,insert,,can you,0,verb/frame,100,100,0,1.0,1.0,50,0,0,0,1.0,True,round8: F sentence structure; question,round2,round8,False
libero_goal/8,libero_goal,8,put the bowl on the plate,train,,put the bowl on the plate,i want the bowl on the plate,True,replace,put,i want,0,verb/frame,100,100,0,1.0,1.0,50,0,0,0,1.0,True,round8: F sentence structure; desire,round2,round8,False
libero_goal/8,libero_goal,8,put the bowl on the plate,train,,put the bowl on the plate,put the bowl on the plate.,True,replace,plate,plate.,5,punctuation,100,100,0,1.0,1.0,50,0,0,0,1.0,True,round8: A formatting; trailing period (Bridge: -11pp),round2,round8,False
libero_goal/8,libero_goal,8,put the bowl on the plate,train,,put the bowl on the plate,put the dish on the plate,True,replace,bowl,dish,2,noun/other,100,100,0,1.0,1.0,50,0,0,0,1.0,True,round2: B_role; TARGET rename; r2,round2,round2,False
libero_goal/8,libero_goal,8,put the bowl on the plate,train,,the bowl goes on the plate,the bowl should be put on the plate,False,replace,goes,should be put,2,verb/frame,100,100,0,1.0,1.0,50,0,0,0,1.0,False,,round8,round8,False
libero_goal/8,libero_goal,8,put the bowl on the plate,train,,put the bowl on the dish,put the bowl on the plate.,False,replace,dish,plate.,5,noun/other,48,100,52,3.0760048038993584e-09,3.474929547757128e-10,24,0,26,0,2.9802322387695312e-08,False,,round2,round8,True
libero_goal/8,libero_goal,8,put the bowl on the plate,train,,put the bowl on the flat dish,put the bowl on the plate.,False,replace,flat dish,plate.,5,noun/other,36,100,64,6.8887833663272936e-12,2.52474835604702e-13,18,0,32,0,4.656612873077393e-10,False,,round3,round8,True
libero_goal/9,libero_goal,9,put the wine bottle on the rack,train,,put the wine bottle on the rack,put the wine bottle on the wooden stand,True,replace,rack,wooden stand,6,noun/other,94,50,-44,9.593942024706293e-07,1.0530642124696915e-06,24,23,1,2,2.9802322387695312e-06,True,round3: 1 ambiguity rescue; does a disambiguator recover it,round2,round3,True
libero_goal/9,libero_goal,9,put the wine bottle on the rack,train,,put the wine bottle on the stand,put the wine bottle on the wooden stand,False,insert,,wooden,6,color,76,50,-26,0.007089677768050171,0.01243269111131524,23,15,2,10,0.002349853515625,False,,round2,round3,True
libero_goal/9,libero_goal,9,put the wine bottle on the rack,train,,put the wine bottle on the rack,put the wine bottle on the stand,True,replace,rack,stand,6,noun/other,94,76,-18,0.011718685599768668,0.022604386881923517,37,10,1,2,0.01171875,True,round2: B_role; DEST rename; r2,round2,round2,True
libero_goal/9,libero_goal,9,put the wine bottle on the rack,train,,put the wine bottle on the rack,put the wine jug on the rack,True,replace,bottle,jug,3,noun/other,94,98,4,0.3074341659273952,0.6173070915338956,46,1,3,0,0.625,True,round2: B_role; TARGET rename; r2,round2,round2,False
libero_object/0,libero_object,0,pick up the alphabet soup and place it in the basket,unassigned,,pick up the alphabet soup and place it in the basket,pick up the food and place it in the basket,True,replace,alphabet soup,food,3,noun/other,100,86,-14,0.006078502928914408,0.012479652740097666,43,7,0,0,0.015625,True,round8: D object hypernyms 2; alphabet soup -> the food,round4,round8,False
libero_object/0,libero_object,0,pick up the alphabet soup and place it in the basket,unassigned,,pick up the alphabet soup and place it in the basket,pick up the tin and place it in the basket,True,replace,alphabet soup,tin,3,noun/other,100,90,-10,0.021781462791119584,0.05628449442882433,45,5,0,0,0.0625,True,round8: D object hypernyms 2; alphabet soup -> the tin,round4,round8,False
libero_object/0,libero_object,0,pick up the alphabet soup and place it in the basket,unassigned,,pick up the soup and place it in the basket,pick up the tin and place it in the basket,False,replace,soup,tin,3,noun/other,100,90,-10,0.021781462791119584,0.05628449442882433,45,5,0,0,0.0625,False,,round4,round8,False
libero_object/0,libero_object,0,pick up the alphabet soup and place it in the basket,unassigned,,pick up the alphabet soup and place it in the basket,pick up the can and place it in the basket,True,replace,alphabet soup,can,3,noun/other,100,92,-8,0.04122683333716391,0.11746329272102468,46,4,0,0,0.125,True,"round5: can; target is a can, tomato sauce also a can",round4,round5,False
libero_object/0,libero_object,0,pick up the alphabet soup and place it in the basket,unassigned,,pick up the can and place it in the basket,pick up the food and place it in the basket,False,replace,can,food,3,noun/other,92,86,-6,0.33765741405716304,0.5245551652531856,40,6,3,1,0.5078125,False,,round5,round8,False
libero_object/0,libero_object,0,pick up the alphabet soup and place it in the basket,unassigned,,pick up the can and place it in the basket,pick up the tin and place it in the basket,False,replace,can,tin,3,noun/other,92,90,-2,0.7267678061991002,1.0,42,4,3,1,1.0,False,,round5,round8,False
libero_object/0,libero_object,0,pick up the alphabet soup and place it in the basket,unassigned,,pick up the alphabet soup and place it in the basket,pick up the soup and place it in the basket,True,delete,alphabet,,3,words removed,100,100,0,1.0,1.0,50,0,0,0,1.0,True,round4: B hypernym collision vs control; CONTROL: only soup in its scene,round4,round4,False
libero_object/0,libero_object,0,pick up the alphabet soup and place it in the basket,unassigned,,pick up the food and place it in the basket,pick up the tin and place it in the basket,False,replace,food,tin,3,noun/other,86,90,4,0.5382526579885003,0.7596065442291386,40,3,5,2,0.7265625,False,,round8,round8,False
libero_object/0,libero_object,0,pick up the alphabet soup and place it in the basket,unassigned,,pick up the can and place it in the basket,pick up the soup and place it in the basket,False,replace,can,soup,3,noun/other,92,100,8,0.04122683333716391,0.11746329272102468,46,0,4,0,0.125,False,,round5,round4,False
libero_object/0,libero_object,0,pick up the alphabet soup and place it in the basket,unassigned,,pick up the food and place it in the basket,pick up the soup and place it in the basket,False,replace,food,soup,3,noun/other,86,100,14,0.006078502928914408,0.012479652740097666,43,0,7,0,0.015625,False,,round8,round4,False
libero_object/1,libero_object,1,pick up the cream cheese and place it in the basket,unassigned,A_in_finetune,pick up the cheese and place it in the basket,pick up the container and place it in the basket,False,replace,cheese,container,3,noun/other,100,34,-66,2.249051340149937e-12,6.683157413065642e-14,17,33,0,0,2.3283064365386963e-10,False,,round4,round8,True
libero_object/1,libero_object,1,pick up the cream cheese and place it in the basket,unassigned,A_in_finetune,pick up the cream cheese and place it in the basket,pick up the container and place it in the basket,True,replace,cream cheese,container,3,noun/other,100,34,-66,2.249051340149937e-12,6.683157413065642e-14,17,33,0,0,2.3283064365386963e-10,True,round8: D object hypernyms 2; cream cheese -> the container,roll50,round8,True
libero_object/1,libero_object,1,pick up the cream cheese and place it in the basket,unassigned,A_in_finetune,pick up the box and place it in the basket,pick up the container and place it in the basket,False,replace,box,container,3,noun/other,96,34,-62,8.06592164782239e-11,2.2485333493332196e-11,17,31,0,2,9.313225746154785e-10,False,,round5,round8,True
libero_object/1,libero_object,1,pick up the cream cheese and place it in the basket,unassigned,A_in_finetune,pick up the cheese and place it in the basket,pick up the package and place it in the basket,False,replace,cheese,package,3,noun/other,100,84,-16,0.003189699706216857,0.005770162019615051,42,8,0,0,0.0078125,False,,round4,round8,False
libero_object/1,libero_object,1,pick up the cream cheese and place it in the basket,unassigned,A_in_finetune,pick up the cream cheese and place it in the basket,pick up the package and place it in the basket,True,replace,cream cheese,package,3,noun/other,100,84,-16,0.003189699706216857,0.005770162019615051,42,8,0,0,0.0078125,True,round8: D object hypernyms 2; cream cheese -> the package,roll50,round8,False
libero_object/1,libero_object,1,pick up the cream cheese and place it in the basket,unassigned,A_in_finetune,pick up the box and place it in the basket,pick up the package and place it in the basket,False,replace,box,package,3,noun/other,96,84,-12,0.04550026389635843,0.09164715528813337,41,7,1,1,0.0703125,False,,round5,round8,False
libero_object/1,libero_object,1,pick up the cream cheese and place it in the basket,unassigned,A_in_finetune,pick up the cream cheese and place it in the basket,pick up the box and place it in the basket,True,replace,cream cheese,box,3,noun/other,100,96,-4,0.15312745101966943,0.494949494949495,48,2,0,0,0.5,True,"round5: box; target is a box, butter also a box",roll50,round5,False
libero_object/1,libero_object,1,pick up the cream cheese and place it in the basket,unassigned,A_in_finetune,Pick up the cream cheese and place it in the basket,grab the cream cheese and place it in the basket,False,replace,Pick up,grab,0,verb/frame,100,100,0,1.0,1.0,50,0,0,0,1.0,False,,round8,roll50,False
libero_object/1,libero_object,1,pick up the cream cheese and place it in the basket,unassigned,A_in_finetune,Pick up the cream cheese and place it in the basket,lift the cream cheese and place it in the basket,False,replace,Pick up,lift,0,verb/frame,100,100,0,1.0,1.0,50,0,0,0,1.0,False,,round8,round3,False
libero_object/1,libero_object,1,pick up the cream cheese and place it in the basket,unassigned,A_in_finetune,pick up the cream cheese and place it in the basket,Pick up the cream cheese and place it in the basket,True,replace,pick,Pick,0,case,100,100,0,1.0,1.0,50,0,0,0,1.0,True,round8: A formatting; capitalise (Bridge: -12pp),roll50,round8,False
libero_object/1,libero_object,1,pick up the cream cheese and place it in the basket,unassigned,A_in_finetune,grab the cream cheese and place it in the basket,lift the cream cheese and place it in the basket,False,replace,grab,lift,0,verb/frame,100,100,0,1.0,1.0,50,0,0,0,1.0,False,,roll50,round3,False
libero_object/1,libero_object,1,pick up the cream cheese and place it in the basket,unassigned,A_in_finetune,pick up the cream cheese and place it in the basket,grab the cream cheese and place it in the basket,True,replace,pick up,grab,0,verb/frame,100,100,0,1.0,1.0,50,0,0,0,1.0,True,roll50: proposed; probe50,roll50,roll50,False
libero_object/1,libero_object,1,pick up the cream cheese and place it in the basket,unassigned,A_in_finetune,pick up the cream cheese and place it in the basket,lift the cream cheese and place it in the basket,True,replace,pick up,lift,0,verb/frame,100,100,0,1.0,1.0,50,0,0,0,1.0,True,"round3: 5 replicate pick up->lift; 90/38 gave +20pp, 95% CI +1..+39",roll50,round3,False
libero_object/1,libero_object,1,pick up the cream cheese and place it in the basket,unassigned,A_in_finetune,pick up the cream cheese and place it in the basket,pick up the cheese and place it in the basket,True,delete,cream,,3,words removed,100,100,0,1.0,1.0,50,0,0,0,1.0,True,round4: B hypernym collision vs control; CONTROL: only cheese in its scene,roll50,round4,False
libero_object/1,libero_object,1,pick up the cream cheese and place it in the basket,unassigned,A_in_finetune,pick up the cream cheese and place it in the basket,pick up the cream cheese and place it in the basket.,True,replace,basket,basket.,10,punctuation,100,100,0,1.0,1.0,50,0,0,0,1.0,True,round8: A formatting; trailing period (Bridge: -11pp),roll50,round8,False
libero_object/1,libero_object,1,pick up the cream cheese and place it in the basket,unassigned,A_in_finetune,pick up the cream cheese and place it in the basket,pick up the cream cheese and put it in the basket,True,replace,place,put,6,verb/frame,100,100,0,1.0,1.0,50,0,0,0,1.0,True,round3: 8 replicate put vs place; 90/59 gave +12pp p=0.241,roll50,round3,False
libero_object/1,libero_object,1,pick up the cream cheese and place it in the basket,unassigned,A_in_finetune,pick up the box and place it in the basket,pick up the cheese and place it in the basket,False,replace,box,cheese,3,noun/other,96,100,4,0.15312745101966943,0.494949494949495,48,0,2,0,0.5,False,,round5,round4,False
libero_object/1,libero_object,1,pick up the cream cheese and place it in the basket,unassigned,A_in_finetune,pick up the container and place it in the basket,pick up the package and place it in the basket,False,replace,container,package,3,noun/other,34,84,50,3.714747072706537e-07,5.78281839169384e-07,17,0,25,8,5.960464477539063e-08,False,,round8,round8,True
libero_object/2,libero_object,2,pick up the salad dressing and place it in the basket,unassigned,A_in_finetune,pick up the salad dressing and place it in the basket,pick up the bottle and place it in the basket,True,replace,salad dressing,bottle,3,noun/other,100,74,-26,0.00011083608727214167,9.981250196029942e-05,37,13,0,0,0.000244140625,True,round8: D object hypernyms 2; salad dressing -> the bottle,roll50,round8,True
libero_object/2,libero_object,2,pick up the salad dressing and place it in the basket,unassigned,A_in_finetune,pick up the salad dressing and place it in the basket,lift the salad dressing and place it in the basket,True,replace,pick up,lift,0,verb/frame,100,98,-2,0.31487864133641963,1.0,49,1,0,0,1.0,True,"round3: 5 replicate pick up->lift; 90/38 gave +20pp, 95% CI +1..+39",roll50,round3,False
libero_object/2,libero_object,2,pick up the salad dressing and place it in the basket,unassigned,A_in_finetune,pick up the salad dressing and place it in the basket,pick up the dressing and place it in the basket,True,delete,salad,,3,words removed,100,100,0,1.0,1.0,50,0,0,0,1.0,True,roll50: proposed; probe50,roll50,roll50,False
libero_object/2,libero_object,2,pick up the salad dressing and place it in the basket,unassigned,A_in_finetune,pick up the bottle and place it in the basket,pick up the dressing and place it in the basket,False,replace,bottle,dressing,3,noun/other,74,100,26,0.00011083608727214167,9.981250196029942e-05,37,0,13,0,0.000244140625,False,,round8,roll50,True
libero_object/3,libero_object,3,pick up the bbq sauce and place it in the basket,unassigned,,pick up the bbq sauce and place it in the basket,pick up the bottle and place it in the basket,True,replace,bbq sauce,bottle,3,noun/other,98,60,-38,3.089596315731373e-06,2.3741197970903975e-06,29,20,1,0,2.09808349609375e-05,True,round8: D object hypernyms 2; bbq sauce -> the bottle,round8,round8,True
libero_object/3,libero_object,3,pick up the bbq sauce and place it in the basket,unassigned,,pick up the bbq sauce and place it in the basket,pick up the condiment and place it in the basket,True,replace,bbq sauce,condiment,3,noun/other,98,82,-16,0.007660761135179455,0.01566048989604553,40,9,1,0,0.021484375,True,round8: D object hypernyms 2; bbq sauce -> the condiment,round8,round8,False
libero_object/3,libero_object,3,pick up the bbq sauce and place it in the basket,unassigned,,pick up the bottle and place it in the basket,pick up the condiment and place it in the basket,False,replace,bottle,condiment,3,noun/other,60,82,22,0.015343081584873396,0.026605201586451514,29,1,12,8,0.00341796875,False,,round8,round8,True
libero_object/4,libero_object,4,pick up the ketchup and place it in the basket,unassigned,,pick up the ketchup and place it in the basket,pick up the sauce and place it in the basket,True,replace,ketchup,sauce,3,noun/other,98,2,-96,7.994442411452559e-22,4.957808841313453e-26,1,48,0,1,7.105427357601002e-15,True,round4: B hypernym collision vs control; COLLIDES: bbq sauce also in scene,round4,round4,True
libero_object/4,libero_object,4,pick up the ketchup and place it in the basket,unassigned,,pick up the bottle and place it in the basket,pick up the sauce and place it in the basket,False,replace,bottle,sauce,3,noun/other,96,2,-94,5.3596431266344786e-21,1.2394720336344059e-24,1,47,0,2,1.4210854715202004e-14,False,,round5,round4,True
libero_object/4,libero_object,4,pick up the ketchup and place it in the basket,unassigned,,pick up the red bottle and place it in the basket,pick up the sauce and place it in the basket,False,replace,red bottle,sauce,3,noun/other,58,2,-56,9.956815331667582e-10,2.3242966247261294e-10,1,28,0,21,7.450580596923828e-09,False,,round5,round4,True
libero_object/4,libero_object,4,pick up the ketchup and place it in the basket,unassigned,,pick up the ketchup and place it in the basket,pick up the red bottle and place it in the basket,True,replace,ketchup,red bottle,3,noun/other,98,58,-40,1.3787959792321344e-06,9.424687942739307e-07,28,21,1,0,1.0967254638671875e-05,True,round5: red bottle; color separates ketchup from the other bottles,round4,round5,True
libero_object/4,libero_object,4,pick up the ketchup and place it in the basket,unassigned,,pick up the bottle and place it in the basket,pick up the red bottle and place it in the basket,False,insert,,red,3,color,96,58,-38,6.335850684831535e-06,6.9994538061897515e-06,29,19,0,2,3.814697265625e-06,False,,round5,round5,True
libero_object/4,libero_object,4,pick up the ketchup and place it in the basket,unassigned,,pick up the ketchup and place it in the basket,pick up the bottle and place it in the basket,True,replace,ketchup,bottle,3,noun/other,98,96,-2,0.5577341459422835,1.0,47,2,1,0,1.0,True,"round5: bottle; target is a bottle, but 3 bottles present",round4,round5,False
libero_object/5,libero_object,5,pick up the tomato sauce and place it in the basket,unassigned,,pick up the tomato sauce and place it in the basket,pick up the bottle and place it in the basket,True,replace,tomato sauce,bottle,3,noun/other,94,80,-14,0.037392405388139746,0.07130815271626866,38,9,2,1,0.0654296875,True,round5: bottle; target is a can; bbq sauce is the bottle,round4,round5,False
libero_object/5,libero_object,5,pick up the tomato sauce and place it in the basket,unassigned,,pick up the tomato sauce and place it in the basket,pick up the can and place it in the basket,True,replace,tomato sauce,can,3,noun/other,94,90,-4,0.4609947864255787,0.7149836629646897,42,5,3,0,0.7265625,True,round5: can; target is the only can in scene,round4,round5,False
libero_object/5,libero_object,5,pick up the tomato sauce and place it in the basket,unassigned,,pick up the tomato sauce and place it in the basket,pick up the sauce and place it in the basket,True,delete,tomato,,3,words removed,94,96,2,0.64635519553949,1.0,45,2,3,0,1.0,True,round4: B hypernym collision vs control; COLLIDES: bbq sauce also in scene,round4,round4,False
libero_object/5,libero_object,5,pick up the tomato sauce and place it in the basket,unassigned,,pick up the can and place it in the basket,pick up the sauce and place it in the basket,False,replace,can,sauce,3,noun/other,90,96,6,0.23967772321846303,0.4360315033131094,45,0,3,2,0.25,False,,round5,round4,False
libero_object/5,libero_object,5,pick up the tomato sauce and place it in the basket,unassigned,,pick up the bottle and place it in the basket,pick up the can and place it in the basket,False,replace,bottle,can,3,noun/other,80,90,10,0.1614294623670833,0.26233945735337133,36,4,9,1,0.266845703125,False,,round5,round5,False
libero_object/5,libero_object,5,pick up the tomato sauce and place it in the basket,unassigned,,pick up the bottle and place it in the basket,pick up the sauce and place it in the basket,False,replace,bottle,sauce,3,noun/other,80,96,16,0.013823023820376697,0.027746259148170357,39,1,9,1,0.021484375,False,,round5,round4,False
libero_object/6,libero_object,6,pick up the butter and place it in the basket,unassigned,A_in_finetune,pick up the butter and place it in the basket,pick up the block and place it in the basket,True,replace,butter,block,3,noun/other,100,82,-18,0.0016616944579835038,0.002634204400259045,41,9,0,0,0.00390625,True,round8: D object hypernyms 2; butter -> the block,round8,round8,True
libero_object/6,libero_object,6,pick up the butter and place it in the basket,unassigned,A_in_finetune,pick up the butter and place it in the basket,pick up the stick and place it in the basket,True,replace,butter,stick,3,noun/other,100,84,-16,0.003189699706216857,0.005770162019615051,42,8,0,0,0.0078125,True,round8: D object hypernyms 2; butter -> the stick,round8,round8,False
libero_object/6,libero_object,6,pick up the butter and place it in the basket,unassigned,A_in_finetune,pick up the block and place it in the basket,pick up the stick and place it in the basket,False,replace,block,stick,3,noun/other,82,84,2,0.7900717569416608,1.0,39,2,3,6,1.0,False,,round8,round8,False
libero_object/7,libero_object,7,pick up the milk and place it in the basket,unassigned,,pick up the milk and place it in the basket,pick up the drink and place it in the basket,True,replace,milk,drink,3,noun/other,100,94,-6,0.0786401793488283,0.24242424242424243,47,3,0,0,0.25,True,round4: B hypernym collision vs control; COLLIDES: orange juice also in scene,round4,round4,False
libero_object/7,libero_object,7,pick up the milk and place it in the basket,unassigned,,pick up the milk and place it in the basket,pick up the carton and place it in the basket,True,replace,milk,carton,3,noun/other,100,96,-4,0.15312745101966943,0.494949494949495,48,2,0,0,0.5,True,"round5: carton; target is a carton, orange juice also a carton",round4,round5,False
libero_object/7,libero_object,7,pick up the milk and place it in the basket,unassigned,,pick up the carton and place it in the basket,pick up the drink and place it in the basket,False,replace,carton,drink,3,noun/other,96,94,-2,0.64635519553949,1.0,46,2,1,1,1.0,False,,round5,round4,False
libero_object/8,libero_object,8,pick up the chocolate pudding and place it in the basket,unassigned,,pick up the chocolate pudding and place it in the basket,pick up the cup and place it in the basket,True,replace,chocolate pudding,cup,3,noun/other,100,64,-36,2.7966913074614887e-06,1.1774868348472536e-06,32,18,0,0,7.62939453125e-06,True,round8: D object hypernyms 2; chocolate pudding -> the cup,round8,round8,True
libero_object/8,libero_object,8,pick up the chocolate pudding and place it in the basket,unassigned,,pick up the chocolate pudding and place it in the basket,pick up the snack and place it in the basket,True,replace,chocolate pudding,snack,3,noun/other,100,96,-4,0.15312745101966943,0.494949494949495,48,2,0,0,0.5,True,round8: D object hypernyms 2; chocolate pudding -> the snack,round8,round8,False
libero_object/8,libero_object,8,pick up the chocolate pudding and place it in the basket,unassigned,,pick up the cup and place it in the basket,pick up the snack and place it in the basket,False,replace,cup,snack,3,noun/other,64,96,32,6.33424836662401e-05,8.837214201696432e-05,32,0,16,2,3.0517578125e-05,False,,round8,round8,True
libero_object/9,libero_object,9,pick up the orange juice and place it in the basket,unassigned,A_in_finetune,pick up the orange juice and place it in the basket,pick up the bottle and place it in the basket,True,replace,orange juice,bottle,3,noun/other,98,12,-86,5.460022261836526e-18,2.5929164526284597e-20,6,43,0,1,2.2737367544323206e-13,True,round5: bottle; target is a carton; 3 bottles present,round4,round5,True
libero_object/9,libero_object,9,pick up the orange juice and place it in the basket,unassigned,A_in_finetune,pick up the orange juice and place it in the basket,pick up the carton and place it in the basket,True,replace,orange juice,carton,3,noun/other,98,12,-86,5.460022261836526e-18,2.5929164526284597e-20,6,43,0,1,2.2737367544323206e-13,True,round5: carton; target is the only carton in scene,round4,round5,True
libero_object/9,libero_object,9,pick up the orange juice and place it in the basket,unassigned,A_in_finetune,pick up the orange juice and place it in the basket,pick up the drink and place it in the basket,True,replace,orange juice,drink,3,noun/other,98,20,-78,2.2000183934226924e-15,5.1313188290338985e-17,10,39,0,1,3.637978807091713e-12,True,round4: B hypernym collision vs control; CONTROL: only drink in its scene,round4,round4,True
libero_object/9,libero_object,9,pick up the orange juice and place it in the basket,unassigned,A_in_finetune,pick up the orange juice and place it in the basket,pick up the juice and place it in the basket,True,delete,orange,,3,color,98,96,-2,0.5577341459422835,1.0,47,2,1,0,1.0,True,round5: juice; substring of the canonical name,round4,round5,False
libero_object/9,libero_object,9,pick up the orange juice and place it in the basket,unassigned,A_in_finetune,pick up the bottle and place it in the basket,pick up the carton and place it in the basket,False,replace,bottle,carton,3,noun/other,12,12,0,1.0,0.9999999999999998,4,2,2,42,1.0,False,,round5,round5,False
libero_object/9,libero_object,9,pick up the orange juice and place it in the basket,unassigned,A_in_finetune,pick up the bottle and place it in the basket,pick up the drink and place it in the basket,False,replace,bottle,drink,3,noun/other,12,20,8,0.2752335240748342,0.41394662156586004,5,1,5,39,0.21875,False,,round5,round4,False
libero_object/9,libero_object,9,pick up the orange juice and place it in the basket,unassigned,A_in_finetune,pick up the carton and place it in the basket,pick up the drink and place it in the basket,False,replace,carton,drink,3,noun/other,12,20,8,0.2752335240748342,0.41394662156586004,6,0,4,40,0.125,False,,round5,round4,False
libero_object/9,libero_object,9,pick up the orange juice and place it in the basket,unassigned,A_in_finetune,pick up the drink and place it in the basket,pick up the juice and place it in the basket,False,replace,drink,juice,3,noun/other,20,96,76,1.3693300731541966e-14,8.994964635519071e-16,10,0,38,2,7.275957614183426e-12,False,,round4,round5,True
libero_object/9,libero_object,9,pick up the orange juice and place it in the basket,unassigned,A_in_finetune,pick up the bottle and place it in the basket,pick up the juice and place it in the basket,False,replace,bottle,juice,3,noun/other,12,96,84,3.546104228856269e-17,5.327891625799862e-19,6,0,42,2,4.547473508864641e-13,False,,round5,round5,True
libero_object/9,libero_object,9,pick up the orange juice and place it in the basket,unassigned,A_in_finetune,pick up the carton and place it in the basket,pick up the juice and place it in the basket,False,replace,carton,juice,3,noun/other,12,96,84,3.546104228856269e-17,5.327891625799862e-19,6,0,42,2,4.547473508864641e-13,False,,round5,round5,True
libero_spatial/1,libero_spatial,1,pick up the black bowl next to the ramekin and place it on the plate,unassigned,,pick up the black bowl next to the ramekin and place it on the plate,pick up the black bowl next to the dish and place it on the plate,True,replace,ramekin,dish,8,noun/other,100,62,-38,1.2775102876441465e-06,4.5950705750136725e-07,31,19,0,0,3.814697265625e-06,True,round4: A locator (2 identical bowls; locator is the only disambiguator); ramekin->dish in a locator,round4,round4,True
libero_spatial/3,libero_spatial,3,pick up the black bowl on the cookie box and place it on the plate,unassigned,,pick up the black bowl on the cookie box and place it on the plate,pick up the black bowl on the cookie tin and place it on the plate,True,replace,box,tin,8,noun/other,100,96,-4,0.15312745101966943,0.494949494949495,48,2,0,0,0.5,True,round4: A locator (2 identical bowls; locator is the only disambiguator); locator paraphrase,round4,round4,False
libero_spatial/3,libero_spatial,3,pick up the black bowl on the cookie box and place it on the plate,unassigned,,pick up the black bowl on the cookie box and place it on the plate,pick up the black bowl on the cookies and place it on the plate,True,replace,cookie box,cookies,7,noun/other,100,100,0,1.0,1.0,50,0,0,0,1.0,True,round8: G spatial locator nouns; cookie box -> cookies,round4,round8,False
libero_spatial/3,libero_spatial,3,pick up the black bowl on the cookie box and place it on the plate,unassigned,,pick up the black bowl on the cookie tin and place it on the plate,pick up the black bowl on the cookies and place it on the plate,False,replace,cookie tin,cookies,7,noun/other,96,100,4,0.15312745101966943,0.494949494949495,48,0,2,0,0.5,False,,round4,round8,False
libero_spatial/4,libero_spatial,4,pick up the black bowl in the top drawer of the wooden cabinet and place it on the plate,unassigned,,pick up the black bowl in the top drawer of the wooden cabinet and place it on the plate,pick up the black bowl in the upper drawer of the wooden cabinet and place it on the plate,True,replace,top,upper,7,noun/other,90,90,0,1.0,1.0,43,2,2,3,1.0,True,round4: A locator (2 identical bowls; locator is the only disambiguator); replicates top->upper (90/28 was z=1.85),round4,round4,False
libero_spatial/4,libero_spatial,4,pick up the black bowl in the top drawer of the wooden cabinet and place it on the plate,unassigned,,pick up the black bowl in the top drawer of the wooden cabinet and place it on the plate,pick up the black bowl in the top drawer of the cabinet and place it on the plate,True,delete,wooden,,11,color,90,96,6,0.23967772321846303,0.4360315033131094,44,1,4,1,0.375,True,round8: G spatial locator nouns; drop 'wooden',round4,round8,False
libero_spatial/5,libero_spatial,5,pick up the black bowl on the ramekin and place it on the plate,unassigned,A_in_finetune,pick up the black bowl on the ramekin and place it on the plate,pick up the black bowl on the dish and place it on the plate,True,replace,ramekin,dish,7,noun/other,96,86,-10,0.08061281453855491,0.15950501461502106,41,7,2,0,0.1796875,True,round4: A locator (2 identical bowls; locator is the only disambiguator); ramekin->dish; Bridge found 'ramekin' toxic,roll50,round4,False
libero_spatial/5,libero_spatial,5,pick up the black bowl on the ramekin and place it on the plate,unassigned,A_in_finetune,pick up the black bowl on the ramekin and place it on the plate,pick up the black bowl on the ramekin and place it onto the plate,True,replace,on,onto,11,preposition/particle,96,92,-4,0.39970292178238365,0.6777322876074912,45,3,1,1,0.625,True,roll50: proposed; probe50,roll50,roll50,False
libero_spatial/5,libero_spatial,5,pick up the black bowl on the ramekin and place it on the plate,unassigned,A_in_finetune,pick up the black bowl on the ramekin and place it on the plate,pick up the black bowl on the ramekin and place it on the dish,True,replace,plate,dish,13,noun/other,96,96,0,1.0,0.9999999999999999,46,2,2,0,1.0,True,roll50: proposed; probe50,roll50,roll50,False
libero_spatial/5,libero_spatial,5,pick up the black bowl on the ramekin and place it on the plate,unassigned,A_in_finetune,pick up the black bowl on the ramekin and place it on the plate,pick up the dark bowl on the ramekin and place it on the plate,True,replace,black,dark,3,noun/other,96,98,2,0.5577341459422835,1.0,48,0,1,1,1.0,True,roll50: proposed; probe50,roll50,roll50,False
libero_spatial/5,libero_spatial,5,pick up the black bowl on the ramekin and place it on the plate,unassigned,A_in_finetune,pick up the black bowl on the ramekin and place it on the plate,lift the black bowl on the ramekin and place it on the plate,True,replace,pick up,lift,0,verb/frame,96,100,4,0.15312745101966943,0.494949494949495,48,0,2,0,0.5,True,"round3: 5 replicate pick up->lift; 90/38 gave +20pp, 95% CI +1..+39",roll50,round3,False
libero_spatial/6,libero_spatial,6,pick up the black bowl next to the cookie box and place it on the plate,unassigned,,pick up the black bowl next to the cookie box and place it on the plate,pick up the black bowl next to the cookies and place it on the plate,True,replace,cookie box,cookies,8,noun/other,100,98,-2,0.31487864133641963,1.0,49,1,0,0,1.0,True,round8: G spatial locator nouns; cookie box -> cookies,round4,round8,False
libero_spatial/6,libero_spatial,6,pick up the black bowl next to the cookie box and place it on the plate,unassigned,,pick up the black bowl next to the cookie box and place it on the plate,pick up the black bowl beside the cookie box and place it on the plate,True,replace,next to,beside,5,preposition/particle,100,100,0,1.0,1.0,50,0,0,0,1.0,True,round4: A locator (2 identical bowls; locator is the only disambiguator); locator paraphrase,round4,round4,False
libero_spatial/7,libero_spatial,7,pick up the black bowl on the stove and place it on the plate,unassigned,A_in_finetune,pick up the black bowl on the stove and place it on the plate,pick up the black bowl on the hot plate and place it on the plate,True,replace,stove,hot plate,7,noun/other,100,22,-78,1.2863013877577898e-15,8.28800834698326e-18,11,39,0,0,3.637978807091713e-12,True,"round4: A locator (2 identical bowls; locator is the only disambiguator); hot plate, and this scene HAS a plate",round4,round4,True
libero_spatial/8,libero_spatial,8,pick up the black bowl next to the plate and place it on the plate,unassigned,A_in_finetune,pick up the black bowl next to the plate and place it on the plate,pick up the black bowl beside the plate and place it on the plate,True,replace,next to,beside,5,preposition/particle,98,100,2,0.31487864133641963,1.0,49,0,1,0,1.0,True,round4: A locator (2 identical bowls; locator is the only disambiguator); locator paraphrase,round4,round4,False
libero_spatial/9,libero_spatial,9,pick up the black bowl on the wooden cabinet and place it on the plate,unassigned,,pick up the black bowl on the wooden cabinet and place it on the plate,pick up the black bowl on the cabinet and place it on the plate,True,delete,wooden,,7,color,98,94,-4,0.3074341659273952,0.6173070915338956,46,3,1,0,0.625,True,round8: G spatial locator nouns; drop 'wooden',round4,round8,False
libero_spatial/9,libero_spatial,9,pick up the black bowl on the wooden cabinet and place it on the plate,unassigned,,pick up the black bowl on the wooden cabinet and place it on the plate,pick up the black bowl on the wood cabinet and place it on the plate,True,replace,wooden,wood,7,noun/other,98,96,-2,0.5577341459422835,1.0,47,2,1,0,1.0,True,round4: A locator (2 identical bowls; locator is the only disambiguator); locator paraphrase,round4,round4,False
libero_spatial/9,libero_spatial,9,pick up the black bowl on the wooden cabinet and place it on the plate,unassigned,,pick up the black bowl on the cabinet and place it on the plate,pick up the black bowl on the wood cabinet and place it on the plate,False,insert,,wood,7,words added,94,96,2,0.64635519553949,1.0,45,2,3,0,1.0,False,,round8,round4,False
